gene	ensembl_id	chrom	start_hg38	end_hg38	start_hg19	end_hg19	strand	biotype	length_hg38	sources	n_sources	in_network	status	notes
ABCA12	ENSG00000144452	2	214931542	215138626	215796266	216003151	-1	protein_coding	207084	baxter	1		ok	
ABCB6	ENSG00000115657	2	219209765	219219012	220074490	220083712	-1	protein_coding	9247	baxter;darcy	2		ok	
ABCC9	ENSG00000069431	12	21797389	21942543	21950335	22094336	-1	protein_coding	145154	darcy	1		ok	
ABHD11	ENSG00000106077	7	73736091	73738864	73150424	73153197	-1	protein_coding	2773	baxter	1		ok	
ACD	ENSG00000102977	16	67657512	67660810	67691415	67694713	-1	protein_coding	3298	baxter;darcy	2		ok	
ACTR2	ENSG00000138071	2	65227714	65271253	65454887	65498387	1	protein_coding	43539	bajpai	1		ok	
ACTR3	ENSG00000115091	2	113889600	113962596	114647537	114720173	1	protein_coding	72996	bajpai	1		ok	
ACVR2A	ENSG00000121989	2	147844378	147930838	148602086	148688393	1	protein_coding	86460	baxter	1		ok	
ADAM10	ENSG00000137845	15	58588809	58749871	58887403	59042177	-1	protein_coding	161062	baxter;darcy	2		ok	
ADAM17	ENSG00000151694	2	9488482	9556732	9628615	9695921	-1	protein_coding	68250	baxter	1		ok	
ADAMTS20	ENSG00000173157	12	43352767	43552213	43747669	43945724	-1	protein_coding	199446	baxter	1		ok	
ADAMTS9	ENSG00000163638	3	64515652	64688264	64501333	64673676	-1	protein_coding	172612	baxter	1		ok	
ADAR	ENSG00000160710	1	154581695	154628013	154554538	154600475	-1	protein_coding	46318	baxter;darcy	2		ok	
ADCY4	ENSG00000129467	14	24318091	24335208	24787555	24804299	-1	protein_coding	17117	network	1	yes	ok	
ADCY5	ENSG00000173175	3	123282296	123449795	123001143	123168605	-1	protein_coding	167499	baxter	1		ok	
ADGRA2	ENSG00000020181	8	37784191	37844896			1	protein_coding	60705	baxter	1		hg38_only	not on a primary assembly / symbol unresolved
ADO	ENSG00000181915	10	62804720	62808479	64564516	64568238	1	protein_coding	3759	darcy	1		ok	
ADPRH	ENSG00000144843	3	119579268	119590165	119298115	119308792	1	protein_coding	10897	darcy	1		ok	
ADRB2	ENSG00000169252	5	148826611	148828623	148206156	148208196	1	protein_coding	2012	baxter	1		ok	
AEBP2	ENSG00000139154	12	19404045	19720801	19556979	19873735	1	protein_coding	316756	baxter	1		ok	
AFG3L2	ENSG00000141385	18	12328871	12377473	12328943	12377313	-1	protein_coding	48602	baxter	1		ok	
AHCY	ENSG00000101444	20	34280263	34311802	32868074	32899608	-1	protein_coding	31539	baxter	1		ok	
AHR	ENSG00000106546	7	16916359	17346152	17338246	17385776	1	protein_coding	429793	network	1	yes	ok	
AKT1	ENSG00000142208	14	104769348	104799934	105235686	105262088	-1	protein_coding	30586	network	1	yes	ok	
ALCAM	ENSG00000170017	3	105366691	105576909	105085753	105295744	1	protein_coding	210218	baxter	1		ok	
ALDH2	ENSG00000111275	12	111766887	111817532	112204691	112247782	1	protein_coding	50645	baxter	1		ok	
ALDOA	ENSG00000149925	16	30064164	30070457	30064411	30081778	1	protein_coding	6293	baxter	1		ok	
ALG11	ENSG00000253710	13	52011712	52079232	52586534	52603800	1	protein_coding	67520	darcy	1		ok	
ALG13	ENSG00000101901	X	111665811	111766130	110909043	111003877	1	protein_coding	100319	baxter	1		ok	
ALKBH8	ENSG00000137760	11	107502726	107565764	107373452	107436472	-1	protein_coding	63038	bajpai	1		ok	
ALX3	ENSG00000156150	1	110059870	110070677	110602616	110613322	-1	protein_coding	10807	baxter	1		ok	
AMBRA1	ENSG00000110497	11	46396414	46594242	46417964	46615675	-1	protein_coding	197828	bajpai;baxter	2		ok	
ANKRD27	ENSG00000105186	19	32597000	32676597	33087913	33167503	-1	protein_coding	79597	bajpai	1		ok	
ANXA2	ENSG00000182718	15	60347134	60402883	60639333	60695082	-1	protein_coding	55749	baxter	1		ok	
AP1G1	ENSG00000166747	16	71729000	71809201	71762913	71843104	-1	protein_coding	80201	bajpai	1		ok	
AP1M1	ENSG00000072958	19	16197854	16245906	16308389	16346160	1	protein_coding	48052	bajpai	1		ok	
AP1S1	ENSG00000106367	7	101154352	101161596	100797678	100804877	1	protein_coding	7244	baxter	1		ok	
AP3B1	ENSG00000132842	5	77991640	78294762	77296349	77590579	-1	protein_coding	303122	bajpai;baxter;darcy	3		ok	
AP3D1	ENSG00000065000	19	2100982	2164468	2100988	2164464	-1	protein_coding	63486	bajpai;baxter;darcy	3		ok	
AP3S2	ENSG00000157823	15	89830599	89894638	90373831	90437574	-1	protein_coding	64039	baxter	1		ok	
APAF1	ENSG00000120868	12	98645149	98735433	99038919	99129204	1	protein_coding	90284	network	1	yes	ok	
APC	ENSG00000134982	5	112707452	112846239	112043195	112181936	1	protein_coding	138787	baxter	1		ok	
APC2	ENSG00000115266	19	1446302	1473244	1446300	1473243	1	protein_coding	26942	darcy	1		ok	
ARCN1	ENSG00000095139	11	118572384	118603033	118443105	118473748	1	protein_coding	30649	baxter	1		ok	
ARID5B	ENSG00000150347	10	61901246	62096944	63661059	63856703	1	protein_coding	195698	darcy	1		ok	
ARL6	ENSG00000113966	3	97764521	97801229	97483365	97519953	1	protein_coding	36708	baxter	1		ok	
ARL6IP1	ENSG00000170540	16	18791609	18801572	18802991	18813000	-1	protein_coding	9963	baxter	1		ok	
ARL8B	ENSG00000134108	3	5122231	5180916	5163905	5222596	1	protein_coding	58685	bajpai	1		ok	
ARPC3	ENSG00000111229	12	110434436	110450422	110872630	110888227	-1	protein_coding	15986	bajpai	1		ok	
ARPC4	ENSG00000241553	3	9792484	9807704	9834179	9849410	1	protein_coding	15220	bajpai	1		ok	
ARPC4-TTLL3	ENSG00000250151	3	9793082	9835401	9834766	9877085	1	protein_coding	42319	bajpai	1		ok	
ASCC2	ENSG00000100325	22	29788044	29838304	30184597	30234271	-1	protein_coding	50260	bajpai	1		ok	
ASCC3	ENSG00000112249	6	100508194	100881412	100956070	101329248	-1	protein_coding	373218	bajpai	1		ok	
ASIP	ENSG00000101440	20	34194569	34269346	32782375	32857150	1	protein_coding	74777	baxter	1		ok	
ATE1	ENSG00000107669	10	121709393	121928801	123499939	123688316	-1	protein_coding	219408	baxter	1		ok	
ATF2	ENSG00000115966	2	175072250	175168382	175936978	176033110	-1	protein_coding	96132	network	1	yes	ok	
ATG7	ENSG00000197548	3	11272309	11557665	11313995	11599139	1	protein_coding	285356	baxter	1		ok	
ATM	ENSG00000149311	11	108222788	108369102	108093211	108239829	1	protein_coding	146314	baxter;darcy	2		ok	
ATOH7	ENSG00000179774	10	68230595	68232113	69990386	69991871	-1	protein_coding	1518	baxter	1		ok	
ATOX1	ENSG00000177556	5	151728919	151772532	151121877	151152093	-1	protein_coding	43613	baxter	1		ok	
ATP1A1	ENSG00000163399	1	116372668	116410261	116915290	116952883	1	protein_coding	37593	baxter	1		ok	
ATP6AP1	ENSG00000071553	X	154428618	154436517	153656978	153664862	1	protein_coding	7899	baxter	1		ok	
ATP6AP2	ENSG00000182220	X	40579372	40607713	40440146	40465889	1	protein_coding	28341	baxter	1		ok	
ATP6V0A2	ENSG00000185344	12	123712334	123761760	124196865	124246302	1	protein_coding	49426	bajpai	1		ok	
ATP6V0B	ENSG00000117410	1	43974487	43978299	44440159	44443967	1	protein_coding	3812	baxter	1		ok	
ATP6V0C	ENSG00000185883	16	2513713	2520218	2563871	2570219	1	protein_coding	6505	baxter	1		ok	
ATP6V0D1	ENSG00000159720	16	67437523	67481227	67471917	67515140	-1	protein_coding	43704	baxter	1		ok	
ATP6V1E1 / ATP6V1E2										baxter	1		unresolved	not on a primary assembly / symbol unresolved
ATP6V1F	ENSG00000128524	7	128862816	128865849	128502880	128505898	1	protein_coding	3033	baxter	1		ok	
ATP6V1H	ENSG00000047249	8	53715543	53843558	54628117	54756118	-1	protein_coding	128015	baxter	1		ok	
ATP7A	ENSG00000165240	X	77910688	78050395	77166194	77305892	1	protein_coding	139707	baxter;darcy	2		ok	
ATP7B	ENSG00000123191	13	51930436	52012198	52506809	52585630	-1	protein_coding	81762	baxter;darcy	2		ok	
ATR	ENSG00000175054	3	142449007	142578868	142168077	142297668	-1	protein_coding	129861	baxter	1		ok	
ATRN	ENSG00000088812	20	3470965	3651118	3451687	3631769	1	protein_coding	180153	baxter	1		ok	
ATXN2	ENSG00000204842	12	111443485	111599676	111890018	112037480	-1	protein_coding	156191	darcy	1		ok	
B4GALT1	ENSG00000086062	9	33100493	33167399	33104080	33167354	-1	protein_coding	66906	bajpai	1		ok	
BACE2	ENSG00000182240	21	41167775	41282530	42539728	42654445	1	protein_coding	114755	bajpai;baxter	2		ok	
BACH2	ENSG00000112182	6	89926528	90296982	90636248	91006627	-1	protein_coding	370454	darcy	1		ok	
BAD	ENSG00000002330	11	64269828	64291946	64037302	64052176	-1	protein_coding	22118	network	1	yes	ok	
BAK1	ENSG00000030110	6	33568791	33580305	33540329	33548019	-1	protein_coding	11514	network	1	yes	ok	
BAMBI	ENSG00000095739	10	28677510	28684890	28966271	28971868	1	protein_coding	7380	bajpai	1		ok	
BARX2	ENSG00000043039	11	129375761	129452279	129245835	129322171	1	protein_coding	76518	baxter	1		ok	
BAX	ENSG00000087088	19	48954815	48961806	49458072	49465055	1	protein_coding	6991	network	1	yes	ok	
BBC3	ENSG00000105327	19	47220822	47233019	47724081	47736023	-1	protein_coding	12197	network	1	yes	ok	
BBIP1	ENSG00000214413	10	110898730	110919371	112658488	112679032	-1	protein_coding	20641	baxter	1		ok	
BBS1	ENSG00000174483	11	66510606	66534660	66278077	66301098	1	protein_coding	24054	baxter	1		ok	
BBS2	ENSG00000125124	16	56465640	56582667	56500748	56554195	-1	protein_coding	117027	baxter	1		ok	
BBS4	ENSG00000140463	15	72686181	72742006	72978527	73030817	1	protein_coding	55825	baxter	1		ok	
BBS7	ENSG00000138686	4	121824329	121870502	122745595	122791652	-1	protein_coding	46173	baxter	1		ok	
BCL2	ENSG00000171791	18	63123346	63320215	60790579	60987361	-1	protein_coding	196869	baxter;network	2	yes	ok	
BCL2L1	ENSG00000171552	20	31664452	31723989	30252255	30311792	-1	protein_coding	59537	network	1	yes	ok	
BCL2L11	ENSG00000153094	2	111119378	111168444	111876955	111926024	1	protein_coding	49066	baxter;darcy	2		ok	
BCL2L12	ENSG00000126453	19	49664622	49673917	50168823	50177173	1	protein_coding	9295	darcy	1		ok	
BID	ENSG00000015475	22	17734138	17774770	18216906	18257536	-1	protein_coding	40632	network	1	yes	ok	
BIVM	ENSG00000134897	13	102799101	102841748	103451399	103493885	1	protein_coding	42647	darcy	1		ok	
BLM	ENSG00000197299	15	90717340	90816166	91260558	91358859	1	protein_coding	98826	baxter;darcy	2		ok	
BLOC1S2	ENSG00000196072	10	100272797	100286708	102033713	102046469	-1	protein_coding	13911	bajpai	1		ok	
BLOC1S3	ENSG00000189114	19	45152811	45216933	45682003	45685059	1	protein_coding	64122	bajpai;baxter;darcy	3		ok	
BLOC1S4	ENSG00000186222	4	6716174	6717664	6717842	6719387	1	protein_coding	1490	baxter	1		ok	
BLOC1S5	ENSG00000188428	6	8012317	8064419	8013800	8064647	-1	protein_coding	52102	bajpai;baxter;darcy	3		ok	
BLOC1S5-TXNDC5	ENSG00000259040	6	7881522	8064364	7881755	8064597	-1	protein_coding	182842	bajpai	1		ok	
BLOC1S6	ENSG00000104164	15	45587108	45615945	45879321	45908197	1	protein_coding	28837	bajpai;baxter;darcy	3		ok	
BMP5	ENSG00000112175	6	55753619	55875601	55618443	55740362	-1	protein_coding	121982	baxter	1		ok	
BMPR2	ENSG00000204217	2	202375835	202567751	203241659	203432474	1	protein_coding	191916	baxter	1		ok	
BNC2	ENSG00000173068	9	16409503	16871942	16409501	16870841	-1	protein_coding	462439	bajpai;baxter;darcy	3		ok	
BRAF	ENSG00000157764	7	140719327	140925199	140419127	140624564	-1	protein_coding	205872	baxter;darcy	2		ok	
BRCA1	ENSG00000012048	17	43044292	43170245	41196312	41277500	-1	protein_coding	125953	baxter	1		ok	
BRCA2	ENSG00000139618	13	32315086	32400268	32889611	32973805	1	protein_coding	85182	baxter;darcy	2		ok	
BRIP1	ENSG00000136492	17	61679139	61863561	59758627	59940882	-1	protein_coding	184422	baxter;darcy	2		ok	
BTD	ENSG00000169814	3	15601341	15722522	15642848	15687329	1	protein_coding	121181	baxter	1		ok	
BTNL2	ENSG00000204290	6	32391481	32407181	32361740	32374905	-1	protein_coding	15700	darcy	1		ok	
C10ORF11	ENSG00000148655	10			77360998	78319925	1	protein_coding		bajpai	1		hg19_only	not on a primary assembly / symbol unresolved
C11ORF30	ENSG00000158636	11			76155967	76264069	1	protein_coding		bajpai	1		hg19_only	not on a primary assembly / symbol unresolved
C11ORF65	ENSG00000166323	11	108308519	108467536	108179246	108338258	-1	protein_coding	159017	darcy	1		ok	
C16ORF62	ENSG00000103544	16			19566562	19718115	1	protein_coding		bajpai	1		hg19_only	not on a primary assembly / symbol unresolved
C16ORF80	ENSG00000070761	16			58147496	58163354	-1	protein_coding		bajpai	1		hg19_only	not on a primary assembly / symbol unresolved
C1ORF141	ENSG00000203963	1	67092005	67231853	67557848	67697536	-1	protein_coding	139848	darcy	1		ok	
C1QTNF6	ENSG00000133466	22	37180166	37199385	37576207	37595425	-1	protein_coding	19219	darcy	1		ok	
C3ORF38	ENSG00000179021	3	88149647	88276048	88198893	88217879	1	protein_coding	126401	baxter	1		ok	
C8ORF37	ENSG00000156172	8			96257147	96281429	-1	protein_coding		baxter	1		hg19_only	not on a primary assembly / symbol unresolved
C9ORF91	ENSG00000157693	9			117373486	117408702	1	protein_coding		bajpai	1		hg19_only	not on a primary assembly / symbol unresolved
CALM1	ENSG00000198668	14	90396502	90408268	90862846	90874605	1	protein_coding	11766	network	1	yes	ok	
CANX	ENSG00000127022	5	179678615	179731653	179105629	179157926	1	protein_coding	53038	bajpai	1		ok	
CARS	ENSG00000110619	11			3022152	3078843	-1	protein_coding		baxter	1		hg19_only	not on a primary assembly / symbol unresolved
CASP3	ENSG00000164305	4	184627695	184650418	185548850	185570663	-1	protein_coding	22723	network	1	yes	ok	
CASP7	ENSG00000165806	10	113679158	113731668	115438942	115490662	1	protein_coding	52510	darcy	1		ok	
CASP8	ENSG00000064012	2	201233443	201361836	202098166	202152434	1	protein_coding	128393	network	1	yes	ok	
CASP9	ENSG00000132906	1	15489724	15526534	15817327	15853029	-1	protein_coding	36810	network	1	yes	ok	
CAV1	ENSG00000105974	7	116524985	116561179	116164839	116201233	1	protein_coding	36194	baxter	1		ok	
CBFA2T3	ENSG00000129993	16	88874858	88977207	88941266	89043612	-1	protein_coding	102349	darcy	1		ok	
CBL	ENSG00000110395	11	119206036	119313926	119076752	119178859	1	protein_coding	107890	baxter	1		ok	
CBS	ENSG00000160200	21	43050900	43076943	44473301	44497053	-1	protein_coding	26043	baxter;darcy	2		ok	
CCDC22	ENSG00000101997	X	49235444	49250526	49091927	49106987	1	protein_coding	15082	bajpai	1		ok	
CCDC28B	ENSG00000160050	1	32200383	32205453	32665987	32670988	1	protein_coding	5070	baxter	1		ok	
CCDC53	ENSG00000120860	12			102406705	102455927	-1	protein_coding		bajpai	1		hg19_only	not on a primary assembly / symbol unresolved
CCDC93	ENSG00000125633	2	117915478	118014192	118673054	118771709	-1	protein_coding	98714	bajpai	1		ok	
CCND1	ENSG00000110092	11	69641070	69654474	69455855	69469242	1	protein_coding	13404	network	1	yes	ok	
CCNK	ENSG00000090061	14	99481169	99535044	99947506	100001381	1	protein_coding	53875	bajpai	1		ok	
CCR6	ENSG00000112486	6	167111790	167139141	167525295	167553184	1	protein_coding	27351	darcy	1		ok	
CCT2	ENSG00000166226	12	69585423	69601580	69979114	69995350	1	protein_coding	16157	baxter	1		ok	
CCZ1B	ENSG00000146574	7	6794134	6826770	6833765	6866401	-1	protein_coding	32636	bajpai	1		ok	
CD72	ENSG00000137101	9	35609965	35646810	35609530	35646807	-1	protein_coding	36845	bajpai	1		ok	
CD80	ENSG00000121594	3	119523073	119580616	119243140	119278449	-1	protein_coding	57543	darcy	1		ok	
CDC25A / CDC25B										baxter	1		unresolved	not on a primary assembly / symbol unresolved
CDC42	ENSG00000070831	1	22052627	22101360	22379120	22419437	1	protein_coding	48733	baxter;network	2	yes	ok	
CDC73	ENSG00000134371	1	193115732	193264613	193091147	193223031	1	protein_coding	148881	baxter	1		ok	
CDH11	ENSG00000140937	16	64943753	65126112	64977656	65160015	-1	protein_coding	182359	baxter	1		ok	
CDH2	ENSG00000170558	18	27932879	28178024	25530930	25757410	-1	protein_coding	245145	baxter;network	2	yes	ok	
CDH23	ENSG00000107736	10	71396884	71815947	73156691	73575702	1	protein_coding	419063	darcy	1		ok	
CDH3	ENSG00000062038	16	68636189	68727468	68670092	68756519	1	protein_coding	91279	baxter;darcy	2		ok	
CDK12	ENSG00000167258	17	39461437	39567559	37617764	37721160	1	protein_coding	106122	bajpai	1		ok	
CDK2	ENSG00000123374	12	55966781	55972789	56360553	56366568	1	protein_coding	6008	network	1	yes	ok	
CDK4	ENSG00000135446	12	57746043	57756013	58141510	58149796	-1	protein_coding	9970	network	1	yes	ok	
CDK5	ENSG00000164885	7	151051517	151057952	150750899	150755617	-1	protein_coding	6435	baxter	1		ok	
CDK7	ENSG00000134058	5	69234550	69277495	68530668	68573250	1	protein_coding	42945	baxter	1		ok	
CDKN1A	ENSG00000124762	6	36676441	36688042	36644305	36655116	1	protein_coding	11601	network	1	yes	ok	
CDKN2A	ENSG00000147889	9	21966924	21995301	21967751	21995300	-1	protein_coding	28377	bajpai;baxter;darcy	3		ok	
CDX1	ENSG00000113722	5	150166772	150186162	149546358	149564120	1	protein_coding	19390	baxter	1		ok	
CEP131	ENSG00000141577	17	81189583	81223014			-1	protein_coding	33431	baxter	1		hg38_only	not on a primary assembly / symbol unresolved
CEP290	ENSG00000198707	12	88049016	88142099	88442793	88535993	-1	protein_coding	93083	baxter	1		ok	
CEP57	ENSG00000166037	11	95789965	95837070	95523129	95565857	1	protein_coding	47105	darcy	1		ok	
CFLAR	ENSG00000003402	2	201116005	201176687	201980827	202041410	1	protein_coding	60682	network	1	yes	ok	
CGA	ENSG00000135346	6	87085495	87095150	87795216	87804824	-1	protein_coding	9655	baxter	1		ok	
CHD7	ENSG00000171316	8	60678715	60868031	61591337	61779465	1	protein_coding	189316	baxter	1		ok	
CHD8	ENSG00000100888	14	21385194	21456126	21853353	21924285	-1	protein_coding	70932	bajpai	1		ok	
CHEK1	ENSG00000149554	11	125625163	125676255	125495036	125546150	1	protein_coding	51092	baxter	1		ok	
CHRNA9	ENSG00000174343	4	40335302	40355303	40337346	40357234	1	protein_coding	20001	darcy	1		ok	
CHUK	ENSG00000213341	10	100188299	100229611	101948055	101989376	-1	protein_coding	41312	network	1	yes	ok	
CIB2	ENSG00000136425	15	78102300	78131565	78396948	78423886	-1	protein_coding	29265	baxter	1		ok	
CISD2	ENSG00000145354	4	102868738	102903259	103790135	103810399	1	protein_coding	34521	baxter	1		ok	
CITED1	ENSG00000125931	X	72301638	72309652	71521488	71527037	-1	protein_coding	8014	baxter	1		ok	
CLCN7	ENSG00000103249	16	1444934	1475104	1494935	1525581	-1	protein_coding	30170	baxter	1		ok	
CLN3	ENSG00000188603	16	28474111	28495575	28477974	28503333	-1	protein_coding	21464	bajpai	1		ok	
CLNK	ENSG00000109684	4	10486395	10734866	10488019	10686489	-1	protein_coding	248471	darcy	1		ok	
CMTR2	ENSG00000180917	16	71280073	71289715	71315292	71323618	-1	protein_coding	9642	bajpai	1		ok	
COL17A1	ENSG00000065618	10	104030753	104086410	105791044	105845760	-1	protein_coding	55657	baxter	1		ok	
COL6A2	ENSG00000142173	21	46096722	46132851	47518011	47552763	1	protein_coding	36129	baxter	1		ok	
COLEC11	ENSG00000118004	2	3592791	3646144	3642426	3692048	1	protein_coding	53353	baxter	1		ok	
COMMD10	ENSG00000145781	5	116084975	116412762	115420688	115748459	1	protein_coding	327787	bajpai	1		ok	
COMMD2	ENSG00000114744	3	149733246	149752495	149456257	149470286	-1	protein_coding	19249	bajpai	1		ok	
COMMD3	ENSG00000148444	10	22315980	22320430	22604903	22609235	1	protein_coding	4450	bajpai	1		ok	
COMMD3-BMI1	ENSG00000269897	10	22316388	22329542	22605317	22618471	1	protein_coding	13154	bajpai	1		ok	
COMMD4	ENSG00000140365	15	75336000	75343224	75628232	75634268	1	protein_coding	7224	bajpai	1		ok	
COMMD5	ENSG00000170619	8	144837760	144854229	146066427	146079121	-1	protein_coding	16469	bajpai	1		ok	
COMMD8	ENSG00000169019	4	47441586	47463730	47452885	47465736	-1	protein_coding	22144	bajpai	1		ok	
COP1	ENSG00000143207	1	175943861	176207523			-1	protein_coding	263662	baxter	1		hg38_only	not on a primary assembly / symbol unresolved
COPA	ENSG00000122218	1	160288580	160343566	160259063	160313190	-1	protein_coding	54986	baxter	1		ok	
COPB1	ENSG00000129083	11	14443357	14500027	14464986	14521573	-1	protein_coding	56670	baxter	1		ok	
COPB2	ENSG00000184432	3	139353942	139389736	139074442	139108574	-1	protein_coding	35794	baxter	1		ok	
CORIN	ENSG00000145244	4	47593999	47838151	47596015	47840123	-1	protein_coding	244152	baxter	1		ok	
CORO1A	ENSG00000102879	16	30182798	30189085	30194148	30200397	1	protein_coding	6287	baxter	1		ok	
CPLX4	ENSG00000166569	18	59275156	59318655	56942388	56985881	-1	protein_coding	43499	baxter	1		ok	
CPSF1	ENSG00000071894	8	144393229	144409864	145618444	145634753	-1	protein_coding	16635	baxter	1		ok	
CPVL	ENSG00000106066	7	28994636	29195451	29034847	29235067	-1	protein_coding	200815	darcy	1		ok	
CRB2	ENSG00000148204	9	123356170	123380324	126118449	126142603	1	protein_coding	24154	baxter	1		ok	
CREB1	ENSG00000118260	2	207529697	207605988	208394461	208468155	1	protein_coding	76291	network	1	yes	ok	
CREB3L2	ENSG00000182158	7	137874979	138002119	137559725	137686813	-1	protein_coding	127140	baxter	1		ok	
CREBBP	ENSG00000005339	16	3725054	3880734	3775055	3930727	-1	protein_coding	155680	bajpai	1		ok	
CRH	ENSG00000147571	8	66175907	66178632	67088620	67090960	-1	protein_coding	2725	baxter	1		ok	
CSF1R	ENSG00000182578	5	150053291	150113372	149432854	149492935	-1	protein_coding	60081	baxter	1		ok	
CSF2	ENSG00000164400	5	132073784	132076170	131409483	131411859	1	protein_coding	2386	network	1	yes	ok	
CSF2RA	ENSG00000292357	Y	1268779	1325373	1387693	1429274	1	protein_coding	56594	network	1	yes	ok	
CSK	ENSG00000103653	15	74782023	74804177	75074398	75095539	1	protein_coding	22154	bajpai	1		ok	
CSNK1A1	ENSG00000113712	5	149492982	149551577	148871760	148931007	-1	protein_coding	58595	baxter	1		ok	
CTBP2	ENSG00000175029	10	124981657	125163006	126676421	126849739	-1	protein_coding	181349	baxter	1		ok	
CTC1	ENSG00000178971	17	8224815	8248075	8130191	8151362	-1	protein_coding	23260	baxter;darcy	2		ok	
CTDSPL2	ENSG00000137770	15	44427187	44529038	44719432	44821236	1	protein_coding	101851	bajpai	1		ok	
CTLA4	ENSG00000163599	2	203853888	203873965	204732509	204738683	1	protein_coding	20077	baxter;darcy	2		ok	
CTNNB1	ENSG00000168036	3	41194741	41260096	41236328	41301587	1	protein_coding	65355	baxter;network	2	yes	ok	
CTNS	ENSG00000040531	17	3636446	3663103	3539762	3564836	1	protein_coding	26657	baxter;darcy	2		ok	
CTR9	ENSG00000198730	11	10750962	10801625	10772534	10801290	1	protein_coding	50663	baxter	1		ok	
CTSD	ENSG00000117984	11	1752752	1764573	1773982	1785222	-1	protein_coding	11821	baxter	1		ok	
CUL5	ENSG00000166266	11	108008821	108107781	107879459	107978503	1	protein_coding	98960	bajpai	1		ok	
CXCL12	ENSG00000107562	10	44370159	44386493	44793038	44881941	-1	protein_coding	16334	baxter	1		ok	
CXCL8	ENSG00000169429	4	73740519	73747379			1	protein_coding	6860	network	1	yes	hg38_only	not on a primary assembly / symbol unresolved
CYCS	ENSG00000172115	7	25080179	25125367	25159710	25164980	-1	protein_coding	45188	network	1	yes	ok	
CYP11A1	ENSG00000140459	15	74337746	74367884	74630100	74660081	-1	protein_coding	30138	baxter;darcy	2		ok	
DCT	ENSG00000080166	13	94436811	94479682	95089558	95131936	-1	protein_coding	42871	bajpai;baxter;network	3	yes	ok	
DCTN1	ENSG00000204843	2	74361154	74392087	74588281	74619214	-1	protein_coding	30933	baxter	1		ok	
DCTN2	ENSG00000175203	12	57529567	57547256	57923885	57941114	-1	protein_coding	17689	baxter	1		ok	
DDB2	ENSG00000134574	11	47214435	47240555	47236493	47260767	1	protein_coding	26120	baxter;darcy	2		ok	
DDX3X	ENSG00000215301	X	41333348	41364472	41192651	41223725	1	protein_coding	31124	baxter;darcy	2		ok	
DDX6	ENSG00000110367	11	118747763	118791226	118620034	118661858	-1	protein_coding	43463	darcy	1		ok	
DEF8	ENSG00000140995	16	89948014	89968079	90014333	90034468	1	protein_coding	20065	darcy	1		ok	
DEGS1	ENSG00000143753	1	224175756	224202394	224363458	224381143	1	protein_coding	26638	bajpai	1		ok	
DEK	ENSG00000124795	6	18223860	18265997	18224099	18265054	-1	protein_coding	42137	bajpai	1		ok	
DFFA	ENSG00000160049	1	10456522	10472582	10516579	10532583	-1	protein_coding	16060	network	1	yes	ok	
DFFB	ENSG00000169598	1	3857242	3885491	3773845	3801993	1	protein_coding	28249	network	1	yes	ok	
DGKD	ENSG00000077044	2	233354475	233472104	234263153	234380750	1	protein_coding	117629	bajpai	1		ok	
DHRSX	ENSG00000292338	Y	2217548	2502805	2137557	2420846	-1	protein_coding	285257	baxter	1		ok	
DHX29	ENSG00000067248	5	55256055	55307722	54552073	54603550	-1	protein_coding	51667	bajpai	1		ok	
DIO2	ENSG00000211448	14	80197526	80387757	80663873	80854100	-1	protein_coding	190231	baxter	1		ok	
DISC1	ENSG00000162946	1	231626663	232041272	231762561	232177018	1	protein_coding	414609	baxter	1		ok	
DKC1	ENSG00000130826	X	154762741	154777697	153991031	154005964	1	protein_coding	14956	baxter;darcy	2		ok	
DLAT	ENSG00000150768	11	112025033	112064404	111895538	111935114	1	protein_coding	39371	baxter	1		ok	
DMXL2	ENSG00000104093	15	51447711	51622981	51739908	51915030	-1	protein_coding	175270	baxter	1		ok	
DNAJC12	ENSG00000108176	10	67796665	67850195	69556427	69597924	-1	protein_coding	53530	darcy	1		ok	
DNAJC13	ENSG00000138246	3	132417488	132539032	132136370	132257876	1	protein_coding	121544	bajpai	1		ok	
DNM2	ENSG00000079805	19	10717967	10834209	10828755	10944164	1	protein_coding	116242	baxter	1		ok	
DOCK7	ENSG00000116641	1	62454298	62688549	62920399	63153969	-1	protein_coding	234251	baxter	1		ok	
DRD2	ENSG00000149295	11	113409021	113476402	113280318	113346413	-1	protein_coding	67381	baxter	1		ok	
DSCR3	ENSG00000157538	21			38595721	38640262	-1	protein_coding		bajpai	1		hg19_only	not on a primary assembly / symbol unresolved
DSG4	ENSG00000175065	18	31376777	31414979	28956740	28994875	1	protein_coding	38202	baxter	1		ok	
DSTYK	ENSG00000133059	1	205142505	205211741	205111632	205180727	-1	protein_coding	69236	baxter;darcy	2		ok	
DTNBP1	ENSG00000047579	6	15520284	15663066	15523032	15663289	-1	protein_coding	142782	bajpai;baxter;darcy	3		ok	
DUSP1	ENSG00000120129	5	172766992	172771198	172195093	172198198	-1	protein_coding	4206	network	1	yes	ok	
DYNC1H1	ENSG00000197102	14	101964519	102056443	102430865	102517129	1	protein_coding	91924	baxter	1		ok	
DYRK1A	ENSG00000157540	21	37365573	37526358	38738092	38889753	1	protein_coding	160785	bajpai	1		ok	
DZANK1	ENSG00000089091	20	18383361	18467332	18364011	18447925	-1	protein_coding	83971	baxter	1		ok	
EBNA1BP2	ENSG00000117395	1	43162085	43270936	43629846	43736607	-1	protein_coding	108851	baxter	1		ok	
ECE1	ENSG00000117298	1	21217247	21345912	21543740	21671997	-1	protein_coding	128665	baxter	1		ok	
ECE2	ENSG00000145194	3	184275531	184293031	183967438	184010819	1	protein_coding	17500	baxter	1		ok	
ECSIT	ENSG00000130159	19	11505916	11540137	11616731	11639989	-1	protein_coding	34221	network	1	yes	ok	
EDA	ENSG00000158813	X	69616067	70039472	68835911	69259319	1	protein_coding	423405	baxter	1		ok	
EDAR	ENSG00000135960	2	108894471	108989372	109510927	109605828	-1	protein_coding	94901	baxter	1		ok	
EDARADD	ENSG00000186197	1	236348257	236502915	236511562	236648214	1	protein_coding	154658	baxter	1		ok	
EDN1	ENSG00000078401	6	12287459	12297194	12290596	12297427	1	protein_coding	9735	baxter;network	2	yes	ok	
EDN3	ENSG00000124205	20	59300213	59325992	57875482	57901047	1	protein_coding	25779	baxter;darcy	2		ok	
EDNRB	ENSG00000136160	13	77895481	77975529	78469616	78493903	-1	protein_coding	80048	baxter;darcy;network	3	yes	ok	
EED	ENSG00000074266	11	86201212	86279811	85955586	85989855	1	protein_coding	78599	baxter	1		ok	
EGFR	ENSG00000146648	7	55018820	55211628	55086714	55324313	1	protein_coding	192808	baxter;network	2	yes	ok	
EGR2	ENSG00000122877	10	62811996	62819167	64571756	64679660	-1	protein_coding	7171	darcy	1		ok	
EIF2S2	ENSG00000125977	20	34088309	34112284	32676104	32700138	-1	protein_coding	23975	darcy	1		ok	
EIF3B	ENSG00000106263	7	2354080	2380747	2393721	2420380	1	protein_coding	26667	baxter	1		ok	
EIF3C	ENSG00000184110	16	28688558	28745938	28699879	28747051	1	protein_coding	57380	baxter	1		ok	
EIF3E	ENSG00000104408	8	108162787	108443496	109213445	109447562	-1	protein_coding	280709	baxter	1		ok	
EIF3G	ENSG00000130811	19	10115010	10119951	10225693	10230596	-1	protein_coding	4941	baxter	1		ok	
EIF3H	ENSG00000147677	8	116642130	116766925	117654369	117779164	-1	protein_coding	124795	baxter	1		ok	
EIF3I	ENSG00000084623	1	32221077	32245397	32687529	32697205	1	protein_coding	24320	baxter	1		ok	
EIF6	ENSG00000242372	20	35278891	35285009	33866714	33872788	-1	protein_coding	6118	darcy	1		ok	
ELK1	ENSG00000126767	X	47631617	47650604	47494920	47510003	-1	protein_coding	18987	network	1	yes	ok	
EN1	ENSG00000163064	2	118842171	118847648	119599747	119605254	-1	protein_coding	5477	baxter	1		ok	
ENPP1	ENSG00000197594	6	131807993	131895160	132129156	132216295	1	protein_coding	87167	baxter;darcy	2		ok	
EP300	ENSG00000100393	22	41091816	41180077	41487790	41576081	1	protein_coding	88261	bajpai;network	2	yes	ok	
EPG5	ENSG00000152223	18	45800477	45967346	43427574	43547240	-1	protein_coding	166869	baxter;darcy	2		ok	
ERBB3	ENSG00000065361	12	56076799	56103505	56473641	56497289	1	protein_coding	26706	baxter	1		ok	
ERCC1	ENSG00000012061	19	45407333	45479055	45910591	45982086	-1	protein_coding	71722	darcy	1		ok	
ERCC2	ENSG00000104884	19	45349773	45370918	45853095	45874176	-1	protein_coding	21145	baxter;darcy	2		ok	
ERCC3	ENSG00000163161	2	127257285	127294188	128014866	128051752	-1	protein_coding	36903	baxter;darcy	2		ok	
ERCC4	ENSG00000175595	16	13920138	13952348	14014014	14046202	1	protein_coding	32210	baxter;darcy	2		ok	
ERCC5	ENSG00000134899	13	102845831	102875995	103497194	103528345	1	protein_coding	30164	baxter;darcy	2		ok	
ERCC6	ENSG00000225830	10	49454168	49539538	50663414	50747584	-1	protein_coding	85370	baxter;darcy	2		ok	
ESCO2	ENSG00000171320	8	27771949	27812640	27629466	27670157	1	protein_coding	40691	baxter;darcy	2		ok	
ETS1	ENSG00000134954	11	128458761	128587611	128328656	128457453	-1	protein_coding	128850	baxter	1		ok	
EXOC5	ENSG00000070367	14	57200507	57268974	57670518	57735726	-1	protein_coding	68467	baxter	1		ok	
EZR	ENSG00000092820	6	158765738	158819418	159186773	159240444	-1	protein_coding	53680	network	1	yes	ok	
F10	ENSG00000126218	13	113122771	113149531	113777128	113803843	1	protein_coding	26760	network	1	yes	ok	
F2RL1	ENSG00000164251	5	76818933	76836611	76114758	76131140	1	protein_coding	17678	network	1	yes	ok	
F7	ENSG00000057593	13	113105762	113120685	113760105	113774995	1	protein_coding	14923	network	1	yes	ok	
F8A1	ENSG00000288722	X	154886355	154888061	154114635	154116335	1	protein_coding	1706	bajpai	1		ok	
F8A3	ENSG00000277150	X	155456914	155458620	154686576	154688276	-1	protein_coding	1706	bajpai	1		ok	
FADD	ENSG00000168040	11	70203262	70220615	70049269	70053496	1	protein_coding	17353	network	1	yes	ok	
FADS2	ENSG00000134824	11	61792980	61867354	61560452	61634826	1	protein_coding	74374	darcy	1		ok	
FAM57B	ENSG00000149926	16			30035748	30064299	-1	protein_coding		baxter	1		hg19_only	not on a primary assembly / symbol unresolved
FANCA	ENSG00000187741	16	89726683	89816977	89803957	89883065	-1	protein_coding	90294	baxter;darcy	2		ok	
FANCB	ENSG00000181544	X	14690388	14873255	14861529	14891191	-1	protein_coding	182867	darcy	1		ok	
FANCC	ENSG00000158169	9	95099054	95426796	97861336	98079991	-1	protein_coding	327742	baxter;darcy	2		ok	
FANCD2	ENSG00000144554	3	10026370	10101937	10068098	10143614	1	protein_coding	75567	baxter;darcy	2		ok	
FANCE	ENSG00000112039	6	35452315	35467106	35420138	35434880	1	protein_coding	14791	baxter;darcy	2		ok	
FANCI	ENSG00000140525	15	89243854	89318091	89787180	89860492	1	protein_coding	74237	baxter;darcy	2		ok	
FAP	ENSG00000078098	2	162170684	162245151	163027194	163101661	-1	protein_coding	74467	darcy	1		ok	
FARP2	ENSG00000006607	2	241356244	241494847	242295658	242434256	1	protein_coding	138603	darcy	1		ok	
FAS	ENSG00000026103	10	88953813	89029605	90750414	90775542	1	protein_coding	75792	network	1	yes	ok	
FASLG	ENSG00000117560	1	172658990	172666891	172628154	172636014	1	protein_coding	7901	darcy;network	2	yes	ok	
FBXO5	ENSG00000112029	6	152970519	152983599	153291664	153304714	-1	protein_coding	13080	baxter	1		ok	
FBXW4	ENSG00000107829	10	101610663	101695298	103370423	103455052	-1	protein_coding	84635	baxter	1		ok	
FGFR3	ENSG00000068078	4	1793286	1808873	1795034	1810599	1	protein_coding	15587	baxter;darcy	2		ok	
FHL1	ENSG00000022267	X	136146702	136211359	135229559	135293518	1	protein_coding	64657	baxter	1		ok	
FIG4	ENSG00000112367	6	109690609	109878098	110012499	110146631	1	protein_coding	187489	bajpai;baxter;darcy	3		ok	
FIP1L1	ENSG00000145216	4	53377562	53464382	54243810	55161439	1	protein_coding	86820	bajpai	1		ok	
FLI1	ENSG00000151702	11	128686535	128813267	128556430	128683162	1	protein_coding	126732	darcy	1		ok	
FLNA	ENSG00000196924	X	154348524	154374643	153576892	153603006	-1	protein_coding	26119	baxter;darcy	2		ok	
FMR1	ENSG00000102081	X	147911858	147951125	146993469	147032645	1	protein_coding	39267	baxter;darcy	2		ok	
FOS	ENSG00000170345	14	75278821	75283190	75745477	75748933	1	protein_coding	4369	network	1	yes	ok	
FOXD3	ENSG00000187140	1	63322567	63325128	63788730	63790797	1	protein_coding	2561	baxter	1		ok	
FOXM1	ENSG00000111206	12	2857676	2877197	2966847	2986206	-1	protein_coding	19521	baxter	1		ok	
FOXN1	ENSG00000109101	17	28506243	28538900	26833261	26865914	1	protein_coding	32657	baxter	1		ok	
FOXP1	ENSG00000114861	3	70954693	71584009	71003844	71633140	-1	protein_coding	629316	darcy	1		ok	
FRAS1	ENSG00000138759	4	78056961	78544458	78978724	79465423	1	protein_coding	487497	darcy	1		ok	
FREM2	ENSG00000150893	13	38687070	38887131	39261266	39460074	1	protein_coding	200061	baxter;darcy	2		ok	
FRYL	ENSG00000075539	4	48497357	48780322	48499378	48782339	-1	protein_coding	282965	bajpai	1		ok	
FSCN1	ENSG00000075618	7	5592806	5606656	5632439	5646286	1	protein_coding	13850	baxter	1		ok	
FTO	ENSG00000140718	16	53701692	54158512	53737875	54155853	1	protein_coding	456820	baxter	1		ok	
FZD3	ENSG00000104290	8	28493991	28574267	28351729	28431775	1	protein_coding	80276	network	1	yes	ok	
FZD4	ENSG00000174804	11	86945679	86955469	86656721	86666433	-1	protein_coding	9790	baxter	1		ok	
GAB1	ENSG00000109458	4	143336150	143474565	144257915	144395721	1	protein_coding	138415	network	1	yes	ok	
GADD45A	ENSG00000116717	1	67685048	67691165	68150744	68154021	1	protein_coding	6117	network	1	yes	ok	
GAGE2A	ENSG00000189064	X	49589476	49596834	49354132	49361430	1	protein_coding	7358	darcy	1		ok	
GANAB	ENSG00000089597	11	62624821	62646726	62392298	62414104	-1	protein_coding	21905	bajpai	1		ok	
GART	ENSG00000159131	21	33498517	33543524	34876238	34915797	-1	protein_coding	45007	baxter	1		ok	
GAS7	ENSG00000007237	17	9910606	10198912	9813926	10101868	-1	protein_coding	288306	baxter	1		ok	
GATA3	ENSG00000107485	10	8045212	8075825	8095567	8117161	1	protein_coding	30613	baxter	1		ok	
GBF1	ENSG00000107862	10	102245371	102382899	104005289	104142656	1	protein_coding	137528	baxter	1		ok	
GDF6	ENSG00000156466	8	96142333	96160813	97154562	97173020	-1	protein_coding	18480	baxter	1		ok	
GDPD3	ENSG00000102886	16	30104810	30114034	30116131	30125177	-1	protein_coding	9224	baxter	1		ok	
GFPT1	ENSG00000198380	2	69319616	69387313	69546905	69614382	-1	protein_coding	67697	baxter	1		ok	
GGT1	ENSG00000100031	22	24588696	24629011	24979718	25024972	1	protein_coding	40315	baxter	1		ok	
GJA4	ENSG00000187513	1	34792992	34795756	35258599	35261348	1	protein_coding	2764	baxter	1		ok	
GJA5	ENSG00000265107	1	147755804	147773390	147228332	147245484	-1	protein_coding	17586	baxter	1		ok	
GLI3	ENSG00000106571	7	41929597	42264265	42000548	42277469	-1	protein_coding	334668	baxter	1		ok	
GLTSCR1	ENSG00000063169	19			48111453	48206533	1	protein_coding		bajpai	1		hg19_only	not on a primary assembly / symbol unresolved
GMPPB	ENSG00000173540	3	49716844	49723988	49754277	49761384	-1	protein_coding	7144	baxter	1		ok	
GMPS	ENSG00000163655	3	155870467	155944020	155588325	155661815	1	protein_coding	73553	baxter	1		ok	
GNA11	ENSG00000088256	19	3094320	3124001	3094408	3124002	1	protein_coding	29681	baxter	1		ok	
GNAI3	ENSG00000065135	1	109548582	109600195	110091233	110136975	1	protein_coding	51613	baxter	1		ok	
GNAQ	ENSG00000156052	9	77716097	78032500	80331003	80646374	-1	protein_coding	316403	baxter	1		ok	
GNAS	ENSG00000087460	20	58839669	58911192	57414773	57486247	1	protein_coding	71523	baxter;darcy	2		ok	
GNAT2	ENSG00000134183	1	109601407	109619929	110145889	110155679	-1	protein_coding	18522	baxter	1		ok	
GNPTG	ENSG00000090581	16	1351924	1365737	1401924	1413352	1	protein_coding	13813	darcy	1		ok	
GOLGA8M	ENSG00000261480	15	28719377	28738431	28947100	28983530	-1	lncRNA	19054	bajpai	1		ok	
GPATCH3	ENSG00000198746	1	26890488	26900478	27216979	27226957	-1	protein_coding	9990	baxter	1		ok	
GPC3	ENSG00000147257	X	133535745	133987100	132669773	133119922	-1	protein_coding	451355	baxter	1		ok	
GPER1	ENSG00000164850	7	1082208	1094516	1121844	1133451	1	protein_coding	12308	baxter	1		ok	
GPHN	ENSG00000171723	14	66507407	67181806	66974125	67648520	1	protein_coding	674399	darcy	1		ok	
GPNMB	ENSG00000136235	7	23235967	23275111	23275586	23314727	1	protein_coding	39144	baxter;darcy	2		ok	
GPR143	ENSG00000101850	X	9724039	9786297	9693386	9754337	-1	protein_coding	62258	bajpai;baxter;darcy	3		ok	
GPR161	ENSG00000143147	1	168079542	168137685	168053997	168106821	-1	protein_coding	58143	baxter	1		ok	
GPR89A / GPR89B										baxter	1		unresolved	not on a primary assembly / symbol unresolved
GPS2	ENSG00000132522	17	7309470	7315564	7214643	7218883	-1	protein_coding	6094	bajpai	1		ok	
GRB2	ENSG00000177885	17	75318072	75405720	73314157	73401790	-1	protein_coding	87648	network	1	yes	ok	
GRIP1	ENSG00000155974	12	66347431	67069162	66741211	67197966	-1	protein_coding	721731	darcy	1		ok	
GRK3	ENSG00000100077	22	25564432	25729294			1	protein_coding	164862	baxter	1		hg38_only	not on a primary assembly / symbol unresolved
GRM1	ENSG00000152822	6	146027646	146437601	146348782	146758734	1	protein_coding	409955	baxter	1		ok	
GSK3B	ENSG00000082701	3	119821321	120095712	119540170	119813264	-1	protein_coding	274391	network	1	yes	ok	
GTF2IRD1	ENSG00000006704	7	74452463	74602619	73868120	74016931	1	protein_coding	150156	baxter	1		ok	
GTPBP3	ENSG00000130299	19	17334920	17342735	17445729	17453544	1	protein_coding	7815	baxter	1		ok	
GUCY1A2	ENSG00000152402	11	106674019	107018538	106544738	106889250	-1	protein_coding	344519	network	1	yes	ok	
GZMB	ENSG00000100453	14	24630954	24634277	25100160	25103473	-1	protein_coding	3323	darcy	1		ok	
H3F3A	ENSG00000163041	1			226249552	226259702	1	protein_coding		baxter	1		hg19_only	not on a primary assembly / symbol unresolved
HAUS3	ENSG00000214367	4	2227462	2242190	2229191	2243891	-1	protein_coding	14728	bajpai	1		ok	
HDAC1	ENSG00000116478	1	32291919	32333635	32757687	32799236	1	protein_coding	41716	baxter	1		ok	
HDAC2	ENSG00000196591	6	113923388	114011308	114254192	114332472	-1	protein_coding	87920	baxter	1		ok	
HDAC3	ENSG00000171720	5	141620766	141637304	141000443	141016437	-1	protein_coding	16538	bajpai	1		ok	
HDAC4	ENSG00000068024	2	239048168	239401661	239969864	240323348	-1	protein_coding	353493	bajpai	1		ok	
HELLS	ENSG00000119969	10	94545329	94613905	96305547	96373662	1	protein_coding	68576	baxter	1		ok	
HERC2	ENSG00000128731	15	28111040	28322179	28356186	28567298	-1	protein_coding	211139	darcy	1		ok	
HES1	ENSG00000114315	3	194136139	194138732	193853934	193856521	1	protein_coding	2593	baxter	1		ok	
HEXIM1	ENSG00000186834	17	45148475	45152099	43224684	43229468	1	protein_coding	3624	baxter	1		ok	
HGD	ENSG00000113924	3	120628165	120682398	120347020	120401418	-1	protein_coding	54233	darcy	1		ok	
HGF	ENSG00000019991	7	81699010	81770438	81328322	81399754	-1	protein_coding	71428	baxter;network	2	yes	ok	
HIF1A	ENSG00000100644	14	61695357	61748529	62162231	62214976	1	protein_coding	53172	network	1	yes	ok	
HIPK2	ENSG00000064393	7	139561570	139778016	139246316	139477577	-1	protein_coding	216446	baxter	1		ok	
HIRIP3	ENSG00000149929	16	29992314	29996126	30003645	30007757	-1	protein_coding	3812	baxter	1		ok	
HLA-B	ENSG00000234745	6	31353195	31367067	31321649	31324965	-1	protein_coding	13872	darcy	1		ok	
HLA-DQA1	ENSG00000196735	6	32628179	32659533	32595956	32614839	1	protein_coding	31354	darcy	1		ok	
HLA-DQB1	ENSG00000179344	6	32640622	32668383	32627244	32636160	-1	protein_coding	27761	darcy	1		ok	
HLA-DRA	ENSG00000204287	6	32439870	32445181	32407619	32412823	1	protein_coding	5311	darcy	1		ok	
HLA-DRB1	ENSG00000196126	6	32577902	32589848	32546546	32557625	-1	protein_coding	11946	darcy	1		ok	
HNRNPA2B1	ENSG00000122566	7	26169261	26201529	26229547	26241149	-1	protein_coding	32268	bajpai	1		ok	
HNRNPR	ENSG00000125944	1	23303771	23344658	23630264	23670829	-1	protein_coding	40887	bajpai	1		ok	
HOXA13	ENSG00000106031	7	27193503	27200091	27233122	27239725	-1	protein_coding	6588	baxter	1		ok	
HOXB7	ENSG00000260027	17	48607222	48633572	46684594	46710934	-1	protein_coding	26350	baxter	1		ok	
HPS1	ENSG00000107521	10	98410939	98446966	100175955	100206684	-1	protein_coding	36027	bajpai;baxter;darcy	3		ok	
HPS3	ENSG00000163755	3	149129602	149173732	148847371	148891519	1	protein_coding	44130	bajpai;baxter;darcy	3		ok	
HPS4	ENSG00000100099	22	26442598	26483931	26839389	26879803	-1	protein_coding	41333	bajpai;baxter;darcy	3		ok	
HPS5	ENSG00000110756	11	18278668	18322523	18300223	18343745	-1	protein_coding	43855	bajpai;baxter;darcy	3		ok	
HPS6	ENSG00000166189	10	102065349	102068036	103825147	103827792	1	protein_coding	2687	bajpai;baxter;darcy	3		ok	
HRAS	ENSG00000174775	11	532242	537343	532242	537287	-1	protein_coding	5101	baxter;darcy;network	3	yes	ok	
HSD3B1	ENSG00000203857	1	119493057	119529426	120049821	120057681	1	protein_coding	36369	baxter	1		ok	
HSP90AA1	ENSG00000080824	14	102080738	102139773	102547075	102606036	-1	protein_coding	59035	network	1	yes	ok	
HSP90B1	ENSG00000166598	12	103930107	103955906	104323885	104347423	1	protein_coding	25799	baxter	1		ok	
HSPA13	ENSG00000155304	21	14368767	14383484	15743436	15755805	-1	protein_coding	14717	bajpai	1		ok	
HSPA5	ENSG00000044574	9	125234740	125261715	127997132	128003609	-1	protein_coding	26975	bajpai	1		ok	
HTRA1	ENSG00000166033	10	122458551	122516001	124221041	124274424	1	protein_coding	57450	baxter	1		ok	
HTT	ENSG00000197386	4	3041363	3243957	3076408	3245676	1	protein_coding	202594	baxter	1		ok	
HUNK	ENSG00000142149	21	31872805	32044633	33245628	33416946	1	protein_coding	171828	darcy	1		ok	
ICAM1	ENSG00000090339	19	10271093	10286617	10381511	10397291	1	protein_coding	15524	network	1	yes	ok	
IDS	ENSG00000010404	X	149476988	149521096	148558521	148615470	-1	protein_coding	44108	baxter;darcy	2		ok	
IDUA	ENSG00000127415	4	986997	1008344	980785	998316	1	protein_coding	21347	baxter;darcy	2		ok	
IER3IP1	ENSG00000134049	18	47152834	47176381	44661027	44702652	-1	protein_coding	23547	baxter	1		ok	
IFT122	ENSG00000163913	3	129429607	129520510	129158968	129239198	1	protein_coding	90903	baxter	1		ok	
IFT27	ENSG00000100360	22	36741346	36776309	37154246	37172300	-1	protein_coding	34963	baxter	1		ok	
IFTAP	ENSG00000166352	11	36594369	36675695			1	protein_coding	81326	darcy	1		hg38_only	not on a primary assembly / symbol unresolved
IGFBP7	ENSG00000163453	4	56986181	57110921	57896939	57976551	-1	protein_coding	124740	baxter	1		ok	
IGSF11	ENSG00000144847	3	118900557	119146068	118619404	118864915	-1	protein_coding	245511	baxter	1		ok	
IKBKB	ENSG00000104365	8	42271302	42332460	42128820	42189973	1	protein_coding	61158	baxter	1		ok	
IKBKG	ENSG00000269335	X	154541179	154568543	153769414	153796782	1	protein_coding	27364	baxter;darcy	2		ok	
IKZF4	ENSG00000123411	12	56007392	56038435	56401443	56432219	1	protein_coding	31043	darcy	1		ok	
IL10	ENSG00000136634	1	206767602	206774541	206940947	206945839	-1	protein_coding	6939	network	1	yes	ok	
IL12A	ENSG00000168811	3	159988830	159996019	159706537	159713806	1	protein_coding	7189	network	1	yes	ok	
IL17A	ENSG00000112115	6	52186375	52190638	52051185	52055436	1	protein_coding	4263	baxter;darcy	2		ok	
IL1A	ENSG00000115008	2	112773916	112784500	113531492	113542167	-1	protein_coding	10584	network	1	yes	ok	
IL1R1	ENSG00000115594	2	102063933	102179874	102681004	102796334	1	protein_coding	115941	network	1	yes	ok	
IL1RAPL1	ENSG00000169306	X	28587123	29958600	28605516	29974840	1	protein_coding	1371477	darcy	1		ok	
IL23R	ENSG00000162594	1	67138907	67265873	67632083	67725662	1	protein_coding	126966	darcy	1		ok	
IL2RA	ENSG00000134460	10	6010689	6062370	6052652	6104288	-1	protein_coding	51681	darcy	1		ok	
IL6	ENSG00000136244	7	22725884	22732002	22765503	22771621	1	protein_coding	6118	network	1	yes	ok	
IL6R	ENSG00000160712	1	154405141	154469450	154377669	154441926	1	protein_coding	64309	network	1	yes	ok	
ILK	ENSG00000166333	11	6603708	6610874	6624961	6632102	1	protein_coding	7166	baxter	1		ok	
IMPDH1	ENSG00000106348	7	128392277	128410009	128032331	128050306	-1	protein_coding	17732	baxter	1		ok	
INO80E	ENSG00000169592	16	29994983	30005794	30006615	30017114	1	protein_coding	10811	baxter	1		ok	
INPP5B	ENSG00000204084	1	37860696	37947241	38326369	38412729	-1	protein_coding	86545	baxter	1		ok	
INPP5E	ENSG00000148384	9	136428615	136439882	139323071	139334274	-1	protein_coding	11267	baxter	1		ok	
INTS6	ENSG00000102786	13	51354077	51454264	51928213	52028400	-1	protein_coding	100187	bajpai	1		ok	
INTS8	ENSG00000164941	8	94813311	94881746	95825539	95893974	1	protein_coding	68435	bajpai	1		ok	
IPPK	ENSG00000127080	9	92612984	92670278	95375466	95432547	-1	protein_coding	57294	baxter	1		ok	
IRAK1	ENSG00000184216	X	154010501	154020650	153275951	153285431	-1	protein_coding	10149	network	1	yes	ok	
IRAK4	ENSG00000198001	12	43758938	43798307	44152747	44183346	1	protein_coding	39369	network	1	yes	ok	
IRF2BP2	ENSG00000168264	1	234602295	234610189	234740015	234745271	-1	protein_coding	7894	bajpai	1		ok	
IRF3	ENSG00000126456	19	49659569	49665864	50162826	50169132	-1	protein_coding	6295	darcy	1		ok	
IRF4	ENSG00000137265	6	391739	411443	391739	411447	1	protein_coding	19704	baxter;darcy	2		ok	
IRX1	ENSG00000170549	5	3595832	3601408	3596168	3601517	1	protein_coding	5576	baxter	1		ok	
IRX2	ENSG00000170561	5	2741794	2751694	2745959	2752969	-1	protein_coding	9900	baxter	1		ok	
ITGA3	ENSG00000005884	17	50055968	50090933	48133332	48167845	1	protein_coding	34965	baxter	1		ok	
ITGB1	ENSG00000150093	10	32750310	33005792	33189247	33294720	-1	protein_coding	255482	baxter	1		ok	
IVL	ENSG00000163207	1	152908539	152911886	152881021	152884362	1	protein_coding	3347	network	1	yes	ok	
JAK1	ENSG00000162434	1	64833223	65067754	65298912	65432187	-1	protein_coding	234531	network	1	yes	ok	
JAM3	ENSG00000166086	11	134068998	134152071	133938820	134021896	1	protein_coding	83073	baxter	1		ok	
JUN	ENSG00000177606	1	58776845	58784048	59246465	59249785	-1	protein_coding	7203	network	1	yes	ok	
KBTBD8	ENSG00000163376	3	66998307	67011210	67048727	67061634	1	protein_coding	12903	baxter	1		ok	
KCNJ13	ENSG00000115474	2	232765802	232776566	233631174	233641278	-1	protein_coding	10764	baxter	1		ok	
KCNK12	ENSG00000184261	2	47509290	47570993	47743720	47798078	-1	protein_coding	61703	darcy	1		ok	
KCTD15	ENSG00000153885	19	33795933	33815763	34286838	34306668	1	protein_coding	19830	baxter	1		ok	
KHDRBS1	ENSG00000121774	1	32013687	32060850	32479430	32526451	1	protein_coding	47163	bajpai	1		ok	
KIAA0196	ENSG00000164961	8			126036502	126104082	-1	protein_coding		bajpai	1		hg19_only	not on a primary assembly / symbol unresolved
KIAA1033	ENSG00000136051	12			105501102	105562912	1	protein_coding		bajpai	1		hg19_only	not on a primary assembly / symbol unresolved
KIF13A	ENSG00000137177	6	17758198	17988274	17759414	17987854	-1	protein_coding	230076	baxter	1		ok	
KIF3A	ENSG00000131437	5	132688806	132737638	132028320	132073330	-1	protein_coding	48832	baxter	1		ok	
KIF5A	ENSG00000155980	12	57546026	57586633	57943781	57980415	1	protein_coding	40607	baxter	1		ok	
KIRREL	ENSG00000183853	1			157963063	158070052	1	protein_coding		bajpai	1		hg19_only	not on a primary assembly / symbol unresolved
KIT	ENSG00000157404	4	54657267	54740783	55524085	55606881	1	protein_coding	83516	baxter;darcy;network	3	yes	ok	
KITLG	ENSG00000049130	12	88492789	88580851	88886570	88974628	-1	protein_coding	88062	baxter;darcy;network	3	yes	ok	
KLF6	ENSG00000067082	10	3775996	3785281	3818188	3827473	-1	protein_coding	9285	bajpai	1		ok	
KRAS	ENSG00000133703	12	25205246	25326473	25357723	25403870	-1	protein_coding	121227	baxter	1		ok	
KRT1	ENSG00000167768	12	52674736	52680407	53068520	53074191	-1	protein_coding	5671	baxter	1		ok	
KRT14	ENSG00000186847	17	41582279	41586896	39738531	39743173	-1	protein_coding	4617	baxter;darcy	2		ok	
KRT17	ENSG00000128422	17	41619437	41624842	39775689	39781094	-1	protein_coding	5405	baxter	1		ok	
KRT2	ENSG00000172867	12	52644558	52652211	53038342	53045948	-1	protein_coding	7653	baxter	1		ok	
KRT27	ENSG00000171446	17	40776808	40782550	38933060	38938786	-1	protein_coding	5742	baxter	1		ok	
KRT4	ENSG00000170477	12	52806549	52814116	53200333	53208335	-1	protein_coding	7567	baxter	1		ok	
KRT5	ENSG00000186081	12	52514575	52520530	52908359	52914471	-1	protein_coding	5955	baxter;darcy	2		ok	
KRT75	ENSG00000170454	12	52424070	52434380	52817854	52828309	-1	protein_coding	10310	baxter	1		ok	
KRT76	ENSG00000185069	12	52768155	52777345	53161939	53171129	-1	protein_coding	9190	baxter	1		ok	
KRT9	ENSG00000171403	17	41565836	41572059	39722096	39728310	-1	protein_coding	6223	baxter	1		ok	
LARP7	ENSG00000174720	4	112636990	112657861	113558120	113578748	1	protein_coding	20871	baxter	1		ok	
LEF1	ENSG00000138795	4	108045592	108169198	108968701	109090112	-1	protein_coding	123606	baxter;network	2	yes	ok	
LEO1	ENSG00000166477	15	51937788	51971922	52230222	52264003	-1	protein_coding	34134	baxter	1		ok	
LEP	ENSG00000174697	7	128241222	128257629	127881337	127897681	1	protein_coding	16407	baxter	1		ok	
LHX2	ENSG00000106689	9	124001670	124033301	126763949	126795580	1	protein_coding	31631	baxter	1		ok	
LIPH	ENSG00000163898	3	185506262	185552617	185224050	185270401	-1	protein_coding	46355	baxter	1		ok	
LMLN	ENSG00000185621	3	197960200	198043720	197687071	197770591	1	protein_coding	83520	baxter	1		ok	
LMNA	ENSG00000160789	1	156082572	156140085	156052364	156109880	1	protein_coding	57513	baxter	1		ok	
LMX1A	ENSG00000162761	1	165201867	165356721	165171104	165325952	-1	protein_coding	154854	baxter	1		ok	
LOX	ENSG00000113083	5	122063151	122078634	121398890	121413980	-1	protein_coding	15483	baxter	1		ok	
LPP	ENSG00000145012	3	188152974	188890671	187871072	188608460	1	protein_coding	737697	darcy	1		ok	
LRMDA	ENSG00000148655	10	75431446	76560168			1	protein_coding	1128722	baxter;darcy	2		hg38_only	not on a primary assembly / symbol unresolved
LRSAM1	ENSG00000148356	9	127451469	127503503	130213765	130265780	1	protein_coding	52034	baxter	1		ok	
LTK	ENSG00000062524	15	41503634	41513887	41795836	41806085	-1	protein_coding	10253	baxter	1		ok	
LVRN	ENSG00000172901	5	115962454	116027619			1	protein_coding	65165	baxter	1		hg38_only	not on a primary assembly / symbol unresolved
LYST	ENSG00000143669	1	235661041	235883724	235824341	236046940	-1	protein_coding	222683	bajpai;baxter;darcy	3		ok	
LZIC	ENSG00000162441	1	9922113	9943407	9982173	10003465	-1	protein_coding	21294	bajpai	1		ok	
MAFB	ENSG00000204103	20	40685848	40689236	39314488	39317880	-1	protein_coding	3388	baxter	1		ok	
MAGOH	ENSG00000162385	1	53226638	53238626	53692564	53704282	-1	protein_coding	11988	baxter	1		ok	
MAP1LC3A	ENSG00000101460	20	34546838	34560357	33134658	33148149	1	protein_coding	13519	baxter	1		ok	
MAP2K1	ENSG00000169032	15	66386816	66491656	66679155	66784650	1	protein_coding	104840	baxter;darcy;network	3	yes	ok	
MAP2K2	ENSG00000126934	19	4090316	4124238	4090319	4124126	-1	protein_coding	33922	baxter;network	2	yes	ok	
MAP2K3	ENSG00000034152	17	21284672	21315240	21187984	21218552	1	protein_coding	30568	network	1	yes	ok	
MAP2K4	ENSG00000065559	17	12020808	12143830	11924141	12047147	1	protein_coding	123022	network	1	yes	ok	
MAP2K6	ENSG00000108984	17	69414683	69553865	67410839	67539472	1	protein_coding	139182	network	1	yes	ok	
MAP2K7	ENSG00000076984	19	7903823	7914480	7968728	7979363	1	protein_coding	10657	network	1	yes	ok	
MAP3K1	ENSG00000095015	5	56815381	56896152	56111401	56191979	1	protein_coding	80771	network	1	yes	ok	
MAP3K14	ENSG00000006062	17	45263119	45317112	43340488	43394414	-1	protein_coding	53993	network	1	yes	ok	
MAP3K5	ENSG00000197442	6	136557030	136793103	136878185	137113656	-1	protein_coding	236073	network	1	yes	ok	
MAP3K7	ENSG00000135341	6	90513472	90587233	91223292	91296764	-1	protein_coding	73761	network	1	yes	ok	
MAP4K2	ENSG00000168067	11	64784918	64803245	64556290	64570713	-1	protein_coding	18327	network	1	yes	ok	
MAPK1	ENSG00000100030	22	21755537	21867680	22108789	22221970	-1	protein_coding	112143	network	1	yes	ok	
MAPK14	ENSG00000112062	6	36027700	36122511	35995488	36079013	1	protein_coding	94811	network	1	yes	ok	
MAPK3	ENSG00000102882	16	30114104	30123506	30125426	30134827	-1	protein_coding	9402	baxter;network	2	yes	ok	
MAPK8	ENSG00000107643	10	48306637	48439360	49514698	49647403	1	protein_coding	132723	network	1	yes	ok	
MASP1	ENSG00000127241	3	187216086	187292278	186935942	187009810	-1	protein_coding	76192	baxter	1		ok	
MATN1	ENSG00000162510	1	30711277	30723585	31184124	31196434	-1	protein_coding	12308	baxter	1		ok	
MBTPS1	ENSG00000140943	16	84052703	84116966	84087368	84150511	-1	protein_coding	64263	baxter	1		ok	
MC1R	ENSG00000258839	16	89912119	89920977	89978527	89987385	1	protein_coding	8858	baxter;darcy;network	3	yes	ok	
MC2R	ENSG00000185231	18	13882041	13915707	13882043	13915706	-1	protein_coding	33666	baxter;darcy	2		ok	
MCL1	ENSG00000143384	1	150560895	150579738	150547032	150552066	-1	protein_coding	18843	network	1	yes	ok	
MCM2	ENSG00000073111	3	127598223	127622442	127317066	127341276	1	protein_coding	24219	baxter	1		ok	
MCM4	ENSG00000104738	8	47960185	47979181	48872745	48890720	1	protein_coding	18996	baxter;darcy	2		ok	
MCOLN3	ENSG00000055732	1	85018082	85048887	85483765	85514182	-1	protein_coding	30805	baxter	1		ok	
MCRS1	ENSG00000187778	12	49556544	49568150	49950327	49961936	-1	protein_coding	11606	baxter	1		ok	
MDM2	ENSG00000135679	12	68808141	68845544	69201956	69239214	1	protein_coding	37403	baxter	1		ok	
MDM4	ENSG00000198625	1	204516369	204558120	204485511	204542871	1	protein_coding	41751	baxter	1		ok	
MDN1	ENSG00000112159	6	89642498	89819809	90352218	90529442	-1	protein_coding	177311	baxter	1		ok	
MED12	ENSG00000184634	X	71118543	71144103	70338406	70362303	1	protein_coding	25560	baxter	1		ok	
MED14	ENSG00000180182	X	40648305	40735924	40507558	40595110	-1	protein_coding	87619	baxter	1		ok	
MED23	ENSG00000112282	6	131572244	131628313	131895106	131949369	-1	protein_coding	56069	baxter	1		ok	
MEF2C	ENSG00000081189	5	88717117	88904257	88013975	88199922	-1	protein_coding	187140	baxter	1		ok	
MEMO1	ENSG00000162959	2	31865060	32011230	32090129	32236299	-1	protein_coding	146170	baxter	1		ok	
MEN1	ENSG00000133895	11	64803500	64811294	64570982	64578766	-1	protein_coding	7794	baxter;darcy	2		ok	
MEOX1	ENSG00000005102	17	43640072	43661929	41717756	41739322	-1	protein_coding	21857	baxter	1		ok	
MEPCE	ENSG00000146834	7	100428322	100435138	100026413	100031741	1	protein_coding	6816	baxter	1		ok	
MESP1	ENSG00000166823	15	89749875	89751301	90291892	90294541	-1	protein_coding	1426	baxter	1		ok	
MET	ENSG00000105976	7	116672051	116798391	116312444	116438440	1	protein_coding	126340	network	1	yes	ok	
MFSD12	ENSG00000161091	19	3538261	3574290	3538259	3574288	-1	protein_coding	36029	baxter	1		ok	
MGRN1	ENSG00000102858	16	4616493	4690977	4666494	4740975	1	protein_coding	74484	baxter	1		ok	
MIB1	ENSG00000101752	18	21704957	21870953	19284918	19450918	1	protein_coding	165996	baxter	1		ok	
MIB2	ENSG00000197530	1	1615433	1630610	1550795	1565990	1	protein_coding	15177	baxter	1		ok	
MITF	ENSG00000187098	3	69738536	69968336	69788586	70017488	1	protein_coding	229800	baxter;darcy;network	3	yes	ok	
MKKS	ENSG00000125863	20	10401009	10434236	10381657	10414870	-1	protein_coding	33227	baxter	1		ok	
MKLN1	ENSG00000128585	7	131110096	131496632	130794855	131181395	1	protein_coding	386536	baxter	1		ok	
MLANA	ENSG00000120215	9	5890873	5910606	5890802	5910606	1	protein_coding	19733	baxter;network	2	yes	ok	
MLH1	ENSG00000076242	3	36992834	37051505	37034823	37107380	1	protein_coding	58671	baxter;darcy	2		ok	
MLPH	ENSG00000115648	2	237485428	237555322	238394071	238463961	1	protein_coding	69894	baxter;darcy	2		ok	
MMP1	ENSG00000196611	11	102789401	102798167	102660651	102668891	-1	protein_coding	8766	network	1	yes	ok	
MMP17	ENSG00000198598	12	131828393	131853860	132312938	132336328	1	protein_coding	25467	baxter	1		ok	
MMPs										network	1	yes	unresolved	not on a primary assembly / symbol unresolved
MNT	ENSG00000070444	17	2384073	2401142	2287354	2304412	-1	protein_coding	17069	bajpai	1		ok	
MPND	ENSG00000008382	19	4343527	4360086	4343524	4360083	1	protein_coding	16559	baxter	1		ok	
MPP5	ENSG00000072415	14			67707826	67802536	1	protein_coding		baxter	1		hg19_only	not on a primary assembly / symbol unresolved
MPV17	ENSG00000115204	2	27309486	27325680	27532360	27548547	-1	protein_coding	16194	baxter	1		ok	
MPZL3	ENSG00000160588	11	118226690	118252375	118097409	118123065	-1	protein_coding	25685	baxter	1		ok	
MRAP	ENSG00000170262	21	32291813	32314784	33664124	33687095	1	protein_coding	22971	baxter;darcy	2		ok	
MREG	ENSG00000118242	2	215942584	216034096	216809213	216898819	-1	protein_coding	91512	baxter	1		ok	
MSH2	ENSG00000095002	2	47403067	47663146	47630108	47789450	1	protein_coding	260079	baxter;darcy	2		ok	
MSH6	ENSG00000116062	2	47695530	47810109	47922669	48037240	1	protein_coding	114579	baxter;darcy	2		ok	
MSMO1	ENSG00000052802	4	165327660	165343318	166248775	166264312	1	protein_coding	15658	bajpai	1		ok	
MSN	ENSG00000147065	X	65588377	65766886	64808257	64961791	1	protein_coding	178509	network	1	yes	ok	
MTAP	ENSG00000099810	9	21802614	21937651	21802542	21931646	1	protein_coding	135037	darcy	1		ok	
MTMR6	ENSG00000139505	13	25245495	25287546	25802307	25862147	-1	protein_coding	42051	bajpai	1		ok	
MTMR9	ENSG00000104643	8	11284450	11328146	11141925	11185646	1	protein_coding	43696	bajpai	1		ok	
MTREX	ENSG00000039123	5	55307736	55426075			1	protein_coding	118339	baxter	1		hg38_only	not on a primary assembly / symbol unresolved
MYC	ENSG00000136997	8	127735434	127742951	128747680	128753674	1	protein_coding	7517	baxter	1		ok	
MYCBP2	ENSG00000005810	13	77042474	77327105	77618792	77901185	-1	protein_coding	284631	baxter	1		ok	
MYD88	ENSG00000172936	3	38138552	38143024	38179969	38184513	1	protein_coding	4472	network	1	yes	ok	
MYH8	ENSG00000133020	17	10390322	10421950	10293639	10325267	-1	protein_coding	31628	darcy	1		ok	
MYH9	ENSG00000100345	22	36281277	36388018	36677327	36784063	-1	protein_coding	106741	baxter	1		ok	
MYO10	ENSG00000145555	5	16661907	16936317	16665395	16936372	-1	protein_coding	274410	baxter	1		ok	
MYO5A	ENSG00000197535	15	52307281	52529248	52599480	52821247	-1	protein_coding	221967	baxter;darcy	2		ok	
MYO6	ENSG00000196586	6	75748788	75919537	76458909	76629254	1	protein_coding	170749	baxter	1		ok	
MYRIP	ENSG00000170011	3	39808914	40260321	39850405	40301812	1	protein_coding	451407	baxter	1		ok	
MYSM1	ENSG00000162601	1	58643440	58700108	59120411	59165764	-1	protein_coding	56668	baxter	1		ok	
NAA10	ENSG00000102030	X	153928799	153935083	153194695	153200676	-1	protein_coding	6284	baxter	1		ok	
NARS1	ENSG00000134440	18	57589520	57622213			-1	protein_coding	32693	darcy	1		hg38_only	not on a primary assembly / symbol unresolved
NBN	ENSG00000104320	8	89924515	90003228	90945564	91015456	-1	protein_coding	78713	baxter;darcy	2		ok	
NCOR1	ENSG00000141027	17	16029065	16218185	15932471	16121499	-1	protein_coding	189120	bajpai	1		ok	
NCSTN	ENSG00000162736	1	160343294	160358957	160313062	160328742	1	protein_coding	15663	baxter	1		ok	
NEK6	ENSG00000119408	9	124257606	124412783	127019885	127115586	1	protein_coding	155177	darcy	1		ok	
NF1	ENSG00000196712	17	31094883	31382116	29421945	29709134	1	protein_coding	287233	baxter;darcy	2		ok	
NF2	ENSG00000186575	22	29603520	29698598	29999545	30094587	1	protein_coding	95078	bajpai	1		ok	
NFATC1	ENSG00000131196	18	79395856	79531338	77155856	77289325	1	protein_coding	135482	network	1	yes	ok	
NFIB	ENSG00000147862	9	14081843	14398983	14081842	14398982	-1	protein_coding	317140	baxter	1		ok	
NFIX	ENSG00000008441	19	12995401	13098796	13106422	13209610	1	protein_coding	103395	darcy	1		ok	
NFKB1	ENSG00000109320	4	102500911	102617302	103422486	103538459	1	protein_coding	116391	network	1	yes	ok	
NGF	ENSG00000134259	1	115285904	115338770	115828539	115880857	-1	protein_coding	52866	network	1	yes	ok	
NHP2	ENSG00000145912	5	178139872	178153968	177576461	177580968	-1	protein_coding	14096	darcy	1		ok	
NID1	ENSG00000116962	1	235975830	236083915	236139130	236228462	-1	protein_coding	108085	darcy	1		ok	
NINL	ENSG00000101004	20	25451594	25585586	25433341	25566153	-1	protein_coding	133992	baxter	1		ok	
NLRP1	ENSG00000091592	17	5499415	5619424	5402747	5522744	-1	protein_coding	120009	darcy	1		ok	
NNT	ENSG00000112992	5	43602584	43707405	43602794	43707507	1	protein_coding	104821	baxter;darcy	2		ok	
NOC3L	ENSG00000173145	10	94320340	94362982	96075004	96122716	-1	protein_coding	42642	baxter	1		ok	
NOP10	ENSG00000182117	15	34339159	34343180	34633917	34635378	-1	protein_coding	4021	darcy	1		ok	
NOS2	ENSG00000007171	17	27755283	27800758	26083792	26127525	-1	protein_coding	45475	network	1	yes	ok	
NOTCH1	ENSG00000148400	9	136494433	136546048	139388896	139440314	-1	protein_coding	51615	baxter	1		ok	
NOTCH2	ENSG00000134250	1	119909256	120100779	120454176	120612240	-1	protein_coding	191523	baxter	1		ok	
NOTO	ENSG00000214513	2	73202570	73212513	73429386	73439641	1	protein_coding	9943	baxter	1		ok	
NOX1	ENSG00000007952	X	100843324	100874464	100098313	100129334	-1	protein_coding	31140	network	1	yes	ok	
NR0B1	ENSG00000169297	X	30304206	30309394	30322323	30327715	-1	protein_coding	5188	baxter;darcy	2		ok	
NR3C1	ENSG00000113580	5	143277931	143435512	142657496	142815077	-1	protein_coding	157581	baxter	1		ok	
NR4A3	ENSG00000119508	9	99821847	99866891	102584137	102629173	1	protein_coding	45044	baxter	1		ok	
NRARP	ENSG00000198435	9	137299631	137302271	140194083	140196703	-1	protein_coding	2640	baxter	1		ok	
NRAS	ENSG00000213281	1	114704468	114716775	115247090	115259515	-1	protein_coding	12307	baxter;darcy	2		ok	
NRROS	ENSG00000174004	3	196639676	196707522	196366557	196388875	1	protein_coding	67846	darcy	1		ok	
NSD1	ENSG00000165671	5	177131787	177300213	176560026	176727216	1	protein_coding	168426	darcy	1		ok	
NSDHL	ENSG00000147383	X	152830967	152880958	151999511	152038273	1	protein_coding	49991	baxter	1		ok	
NSF	ENSG00000073969	17	46590661	46757679	44668035	44834830	1	protein_coding	167018	baxter	1		ok	
NSMAF	ENSG00000035681	8	58582788	58659997	59496063	59572403	-1	protein_coding	77209	network	1	yes	ok	
NSMCE2	ENSG00000156831	8	125091673	125368070	126103921	126379362	1	protein_coding	276397	baxter	1		ok	
NTRK1	ENSG00000198400	1	156815636	156881850	156785432	156851642	1	protein_coding	66214	network	1	yes	ok	
NUP88	ENSG00000108559	17	5359641	5420164	5264258	5323480	-1	protein_coding	60523	baxter	1		ok	
OAT	ENSG00000065154	10	124397298	124419760	126085872	126107545	-1	protein_coding	22462	baxter	1		ok	
OCA2	ENSG00000104044	15	27754859	28099664	28000021	28344504	-1	protein_coding	344805	bajpai;baxter;darcy;network	4	yes	ok	
OCRL	ENSG00000122126	X	129539849	129592772	128673826	128726538	1	protein_coding	52923	baxter	1		ok	
OPHN1	ENSG00000079482	X	67949349	68434120	67262186	67653755	-1	protein_coding	484771	baxter	1		ok	
OPTN	ENSG00000123240	10	13099442	13159480	13141449	13180291	1	protein_coding	60038	baxter	1		ok	
OSTM1	ENSG00000081087	6	108029245	108165854	108362613	108487058	-1	protein_coding	136609	baxter	1		ok	
OTUD5	ENSG00000068308	X	48922024	48958390	48779305	48815648	-1	protein_coding	36366	baxter	1		ok	
OVOL1	ENSG00000172818	11	65786714	65797219	65554493	65564690	1	protein_coding	10505	baxter	1		ok	
PAFAH1B1	ENSG00000007168	17	2593183	2685627	2496504	2588909	1	protein_coding	92444	baxter	1		ok	
PAH	ENSG00000171759	12	102836889	102958410	103230663	103352188	-1	protein_coding	121521	baxter;darcy	2		ok	
PAICS	ENSG00000128050	4	56435058	56464578	57301907	57327534	1	protein_coding	29520	baxter	1		ok	
PAK1	ENSG00000149269	11	77321548	77474635	77032752	77185680	-1	protein_coding	153087	baxter;network	2	yes	ok	
PALB2	ENSG00000083093	16	23603158	23641342	23614488	23652631	-1	protein_coding	38184	baxter;darcy	2		ok	
PAQR7	ENSG00000182749	1	25861211	25875968	26187701	26197744	-1	protein_coding	14757	baxter	1		ok	
PARD3	ENSG00000148498	10	34109560	34815424	34398488	35104253	-1	protein_coding	705864	baxter	1		ok	
PARD6A	ENSG00000102981	16	67660350	67664266	67694849	67696681	1	protein_coding	3916	network	1	yes	ok	
PARN	ENSG00000140694	16	14435699	14632728	14529558	14726585	-1	protein_coding	197029	baxter;darcy	2		ok	
PARP12	ENSG00000059378	7	140023742	140063344	139723544	139763521	-1	protein_coding	39602	darcy	1		ok	
PARP3	ENSG00000041880	3	51942252	51949371	51976361	51982883	1	protein_coding	7119	baxter	1		ok	
PAX3	ENSG00000135903	2	222199887	222299011	223064607	223163715	-1	protein_coding	99124	baxter;darcy;network	3	yes	ok	
PAX7	ENSG00000009709	1	18630846	18748876	18957500	19075360	1	protein_coding	118030	baxter	1		ok	
PCBD1	ENSG00000166228	10	70882280	70888616	72642037	72648541	-1	protein_coding	6336	baxter	1		ok	
PCDH10	ENSG00000138650	4	133149285	133208606	134070470	134129356	1	protein_coding	59321	baxter	1		ok	
PCNT	ENSG00000160299	21	46324082	46445769	47744036	47865682	1	protein_coding	121687	baxter;darcy	2		ok	
PDCD10	ENSG00000114209	3	167677517	167735039	167401086	167452727	-1	protein_coding	57522	bajpai	1		ok	
PDE4B	ENSG00000184588	1	65792514	66374582	66258197	66840259	1	protein_coding	582068	network	1	yes	ok	
PDHB	ENSG00000168291	3	58425143	58434012	58413357	58419584	-1	protein_coding	8869	baxter	1		ok	
PDPK1	ENSG00000140992	16	2537969	2603190	2587965	2653189	1	protein_coding	65221	network	1	yes	ok	
PEPD	ENSG00000124299	19	33386950	33521823	33877856	34012700	-1	protein_coding	134873	baxter	1		ok	
PFAS	ENSG00000178921	17	8247618	8271150	8150936	8173809	1	protein_coding	23532	baxter	1		ok	
PIAS3	ENSG00000131788	1	145848521	145859836	145575233	145586546	-1	protein_coding	11315	network	1	yes	ok	
PICALM	ENSG00000073921	11	85957157	86069882	85668727	85780924	-1	protein_coding	112725	baxter	1		ok	
PIGK	ENSG00000142892	1	77088981	77219508	77554675	77685115	-1	protein_coding	130527	baxter	1		ok	
PIK3CA	ENSG00000121879	3	179148114	179240093	178865902	178957881	1	protein_coding	91979	network	1	yes	ok	
PIKFYVE	ENSG00000115020	2	208266229	208358755	209130991	209223475	1	protein_coding	92526	baxter	1		ok	
PKC										network	1	yes	unresolved	not on a primary assembly / symbol unresolved
PKN2	ENSG00000065243	1	88684218	88836255	89149905	89301938	1	protein_coding	152037	baxter	1		ok	
PKNOX1	ENSG00000160199	21	42974328	43034494	44394620	44453691	1	protein_coding	60166	baxter	1		ok	
PLA2										network	1	yes	unresolved	not on a primary assembly / symbol unresolved
PLA2G1B	ENSG00000170890	12	120322115	120327785	120759914	120765592	-1	protein_coding	5670	network	1	yes	ok	
PLA2G6	ENSG00000184381	22	38111495	38214778	38507502	38601697	-1	protein_coding	103283	darcy	1		ok	
PLC										network	1	yes	unresolved	not on a primary assembly / symbol unresolved
PLCB1	ENSG00000182621	20	8077251	8968360	8112824	8949003	1	protein_coding	891109	network	1	yes	ok	
PLCB3	ENSG00000149782	11	64251498	64269424	64018995	64036622	1	protein_coding	17926	darcy	1		ok	
PLK4	ENSG00000142731	4	127880890	127899224	128802016	128820350	1	protein_coding	18334	baxter	1		ok	
PLXNB2	ENSG00000196576	22	50274976	50307695	50713408	50746056	-1	protein_coding	32719	baxter	1		ok	
PMAIP1	ENSG00000141682	18	59899644	59904305	57567180	57571538	1	protein_coding	4661	network	1	yes	ok	
PMCH	ENSG00000183395	12	102196459	102197833	102590237	102591623	-1	protein_coding	1374	baxter	1		ok	
PMEL	ENSG00000185664	12	55954104	55973317	56347889	56367101	-1	protein_coding	19213	baxter;network	2	yes	ok	
PMS2	ENSG00000122512	7	5970925	6009130	6012870	6048756	-1	protein_coding	38205	baxter;darcy	2		ok	
PNN	ENSG00000100941	14	39174876	39183432	39644387	39652422	1	protein_coding	8556	baxter	1		ok	
POC1B	ENSG00000139323	12	89357869	89526201	89813495	89919801	-1	protein_coding	168332	baxter	1		ok	
POFUT1	ENSG00000101346	20	32207844	32238658	30795683	30826470	1	protein_coding	30814	baxter;darcy	2		ok	
POGLUT1	ENSG00000163389	3	119468791	119494708	119187785	119213555	1	protein_coding	25917	baxter;darcy	2		ok	
POGZ	ENSG00000143442	1	151402724	151459511	151375200	151431941	-1	protein_coding	56787	baxter	1		ok	
POLA1	ENSG00000101868	X	24693864	24996986	24712036	25015103	1	protein_coding	303122	baxter;darcy	2		ok	
POLG	ENSG00000140521	15	89305198	89334972	89859534	89878092	-1	protein_coding	29774	baxter	1		ok	
POLH	ENSG00000170734	6	43575537	43628361	43543887	43586701	1	protein_coding	52824	baxter;darcy	2		ok	
POLR1A	ENSG00000068654	2	86020216	86106155	86247339	86333278	-1	protein_coding	85939	baxter	1		ok	
POLR2G	ENSG00000168002	11	62761453	62766715	62529016	62534182	1	protein_coding	5262	baxter	1		ok	
POMC	ENSG00000115138	2	25160361	25168952	25383722	25391772	-1	protein_coding	8591	baxter;darcy;network	3	yes	ok	
PPARGC1A	ENSG00000109819	4	23755041	23904089	23756664	23905712	-1	protein_coding	149048	baxter	1		ok	
PPARGC1B	ENSG00000155846	5	149729994	149855022	149109861	149234585	1	protein_coding	125028	darcy	1		ok	
PPP3CA	ENSG00000138814	4	101023409	101348278	101944566	102269435	-1	protein_coding	324869	darcy;network	2	yes	ok	
PPP4C	ENSG00000149923	16	30075967	30085391	30087299	30096698	1	protein_coding	9424	baxter	1		ok	
PRDM1	ENSG00000057657	6	105993463	106109939	106534195	106557814	1	protein_coding	116476	baxter	1		ok	
PRICKLE2	ENSG00000163637	3	64092236	64445476	64079543	64431152	-1	protein_coding	353240	baxter	1		ok	
PRKACA	ENSG00000072062	19	14091688	14118084	14202500	14228896	-1	protein_coding	26396	network	1	yes	ok	
PRKAR1A	ENSG00000108946	17	68511740	68551319	66507921	66547460	1	protein_coding	39579	baxter;darcy	2		ok	
PRKCA	ENSG00000154229	17	66302567	66810743	64298754	64806861	1	protein_coding	508176	network	1	yes	ok	
PRKCB	ENSG00000166501	16	23835939	24220611	23847322	24231932	1	protein_coding	384672	network	1	yes	ok	
PRKCD	ENSG00000163932	3	53156009	53192717	53190025	53226733	1	protein_coding	36708	network	1	yes	ok	
PRKCH	ENSG00000027075	14	61187559	61550980	61654277	62017694	1	protein_coding	363421	network	1	yes	ok	
PRKCZ	ENSG00000067606	1	2050396	2185721	1981909	2116834	1	protein_coding	135325	network	1	yes	ok	
PRKDC	ENSG00000253729	8	47772970	47960182	48685669	48872743	-1	protein_coding	187212	baxter	1		ok	
PRKG1	ENSG00000185532	10	50990888	52298423	52750945	54058110	1	protein_coding	1307535	network	1	yes	ok	
PRPS1	ENSG00000147224	X	107628428	107651993	106871737	106894256	1	protein_coding	23565	baxter	1		ok	
PRSS1	ENSG00000204983	7	142749468	142753072	142457319	142460923	1	protein_coding	3604	network	1	yes	ok	
PSEN1	ENSG00000080815	14	73136418	73223691	73603126	73690399	1	protein_coding	87273	baxter	1		ok	
PSEN2	ENSG00000143801	1	226870184	226927726	227057885	227083806	1	protein_coding	57542	baxter	1		ok	
PSENEN	ENSG00000205155	19	35745070	35747519	36236015	36237911	1	protein_coding	2449	bajpai;baxter;darcy	3		ok	
PTCH1	ENSG00000185920	9	95442980	95517057	98205262	98279339	-1	protein_coding	74077	baxter	1		ok	
PTCH2	ENSG00000117425	1	44819154	44843253	45285516	45308735	-1	protein_coding	24099	baxter	1		ok	
PTEN	ENSG00000171862	10	87862638	87971930	89622870	89731687	1	protein_coding	109292	baxter;darcy	2		ok	
PTGER1	ENSG00000160951	19	14472466	14477272	14583278	14586174	-1	protein_coding	4806	network	1	yes	ok	
PTGER2	ENSG00000125384	14	52314226	52329822	52781023	52795324	1	protein_coding	15596	network	1	yes	ok	
PTGER3	ENSG00000050628	1	70852305	71047823	71318036	71513491	-1	protein_coding	195518	network	1	yes	ok	
PTGER4	ENSG00000171522	5	40679441	40693753	40679600	40693837	1	protein_coding	14312	network	1	yes	ok	
PTGS2	ENSG00000073756	1	186671791	186680922	186640923	186649559	-1	protein_coding	9131	network	1	yes	ok	
PTPN1	ENSG00000196396	20	50510321	50585241	49126891	49201299	1	protein_coding	74920	darcy	1		ok	
PTPN11	ENSG00000179295	12	112418351	112509918	112856155	112947717	1	protein_coding	91567	baxter;darcy	2		ok	
PTPN21	ENSG00000070778	14	88465778	88555019	88932122	89021077	-1	protein_coding	89241	baxter	1		ok	
PTPN22	ENSG00000134242	1	113813811	113871753	114356433	114414381	-1	protein_coding	57942	darcy	1		ok	
PTPN6	ENSG00000111679	12	6946417	6961316	7055631	7070479	1	protein_coding	14899	baxter	1		ok	
PTPRC	ENSG00000081237	1	198629900	198759346	198607801	198726545	1	protein_coding	129446	darcy	1		ok	
PTS	ENSG00000150787	11	112226059	112270449	112097088	112140678	1	protein_coding	44390	baxter	1		ok	
PXDN	ENSG00000130508	2	1630844	1744852	1635659	1748624	-1	protein_coding	114008	baxter	1		ok	
Phosphodiesterase										network	1	yes	unresolved	not on a primary assembly / symbol unresolved
QKI	ENSG00000112531	6	163414000	163578827	163835032	163999628	1	protein_coding	164827	bajpai	1		ok	
RAB11A	ENSG00000103769	15	65726054	65894232	66018392	66184329	1	protein_coding	168178	baxter	1		ok	
RAB11B	ENSG00000185236	19	8389981	8405875	8454865	8469318	1	protein_coding	15894	baxter	1		ok	
RAB14	ENSG00000119396	9	121178133	121223014	123940415	123985292	-1	protein_coding	44881	bajpai	1		ok	
RAB17	ENSG00000124839	2	237574105	237601638	238482965	238510257	-1	protein_coding	27533	baxter	1		ok	
RAB1A	ENSG00000138069	2	65070696	65130986	65297835	65357240	-1	protein_coding	60290	baxter	1		ok	
RAB21	ENSG00000080371	12	71754835	71800286	72148654	72184699	1	protein_coding	45451	bajpai	1		ok	
RAB27A	ENSG00000069974	15	55202966	55319174	55495164	55611311	-1	protein_coding	116208	bajpai;baxter;darcy	3		ok	
RAB32	ENSG00000118508	6	146543755	146554964	146864829	146876101	1	protein_coding	11209	bajpai;baxter	2		ok	
RAB36	ENSG00000100228	22	23145366	23165663	23487513	23506537	1	protein_coding	20297	baxter	1		ok	
RAB38	ENSG00000123892	11	88106130	88175512	87846410	87908635	-1	protein_coding	69382	baxter	1		ok	
RAB3IP	ENSG00000127328	12	69738785	69823204	70132461	70216984	1	protein_coding	84419	baxter	1		ok	
RAB5C	ENSG00000108774	17	42124976	42155044	40276994	40307035	-1	protein_coding	30068	darcy	1		ok	
RAB7A	ENSG00000075785	3	128693669	128825980	128444965	128533639	1	protein_coding	132311	bajpai;baxter	2		ok	
RAB8A	ENSG00000167461	19	16111653	16134235	16222439	16245044	1	protein_coding	22582	baxter	1		ok	
RAB9A	ENSG00000123595	X	13689117	13712064	13707244	13728625	1	protein_coding	22947	bajpai;baxter	2		ok	
RABGGTA	ENSG00000100949	14	24265468	24271620	24734744	24740945	-1	protein_coding	6152	baxter	1		ok	
RAC1	ENSG00000136238	7	6374098	6404016	6414154	6443608	1	protein_coding	29918	baxter;network	2	yes	ok	
RACK1	ENSG00000204628	5	181235391	181248096			-1	protein_coding	12705	baxter;network	2	yes	hg38_only	not on a primary assembly / symbol unresolved
RAD21	ENSG00000164754	8	116845934	116874924	117858174	117887105	-1	protein_coding	28990	baxter	1		ok	
RAD50	ENSG00000113522	5	132556019	132646349	131891711	131980313	1	protein_coding	90330	baxter	1		ok	
RADIL	ENSG00000157927	7	4797055	4883716	4836686	4923350	-1	protein_coding	86661	baxter	1		ok	
RAF1	ENSG00000132155	3	12582101	12664201	12625100	12705725	-1	protein_coding	82100	baxter;darcy;network	3	yes	ok	
RAG1	ENSG00000166349	11	36510348	36593156	36532259	36614706	1	protein_coding	82808	baxter	1		ok	
RALY	ENSG00000125970	20	33993632	34108308	32581452	32696114	1	protein_coding	114676	darcy	1		ok	
RAP1A	ENSG00000116473	1	111542009	111716691	112084840	112259313	1	protein_coding	174682	network	1	yes	ok	
RAPGEF2	ENSG00000109756	4	159103013	159360175	160025330	160281321	1	protein_coding	257162	baxter	1		ok	
RAPH1	ENSG00000173166	2	203394345	203535478	204259068	204400133	-1	protein_coding	141133	baxter	1		ok	
RAX	ENSG00000134438	18	59267035	59274086	56934267	56941318	-1	protein_coding	7051	baxter	1		ok	
RB1	ENSG00000139687	13	48303710	48599436	48877887	49056122	1	protein_coding	295726	bajpai;baxter	2		ok	
RBBP6	ENSG00000122257	16	24537693	24572863	24549014	24584184	1	protein_coding	35170	bajpai	1		ok	
RBM5	ENSG00000003756	3	50088898	50119021	50126341	50156454	1	protein_coding	30123	bajpai	1		ok	
RBPJ	ENSG00000168214	4	26163455	26435131	26165077	26436541	1	protein_coding	271676	baxter	1		ok	
RDX	ENSG00000137710	11	109864295	110297617	110045605	110167447	-1	protein_coding	433322	network	1	yes	ok	
RECQL4	ENSG00000160957	8	144511284	144517890	145736667	145743229	-1	protein_coding	6606	baxter;darcy	2		ok	
RERE	ENSG00000142599	1	8352397	8848921	8412457	8877702	-1	protein_coding	496524	darcy	1		ok	
REST	ENSG00000084093	4	56907853	56967011	57774075	57802010	1	protein_coding	59158	baxter	1		ok	
RFXANK	ENSG00000064490	19	19191957	19202844	19303008	19312678	1	protein_coding	10887	darcy	1		ok	
RHBDF2	ENSG00000129667	17	76470884	76501790	74466973	74497872	-1	protein_coding	30906	baxter	1		ok	
RHOA	ENSG00000067560	3	49359136	49412998	49396578	49450431	-1	protein_coding	53862	network	1	yes	ok	
RIC8B	ENSG00000111785	12	106774322	106889316	107168373	107283090	1	protein_coding	114994	baxter	1		ok	
RILP	ENSG00000167705	17	1646138	1650083	1549444	1553371	-1	protein_coding	3945	baxter	1		ok	
RIPK1	ENSG00000137275	6	3063824	3115188	3064225	3115421	1	protein_coding	51364	network	1	yes	ok	
RIT1	ENSG00000143622	1	155897808	155911408	155867599	155881195	-1	protein_coding	13600	baxter;darcy	2		ok	
RNASET2	ENSG00000026297	6	166922113	166957448	167342992	167370679	-1	protein_coding	35335	darcy	1		ok	
RNF2	ENSG00000121481	1	185044865	185102850	185014496	185071740	1	protein_coding	57985	baxter	1		ok	
RNF41	ENSG00000181852	12	56202179	56224275	56598285	56615717	-1	protein_coding	22096	baxter	1		ok	
RPGR	ENSG00000156313	X	38269115	38327573	38128416	38186817	-1	protein_coding	58458	baxter	1		ok	
RPGRIP1L	ENSG00000103494	16	53598153	53703938	53631595	53737850	-1	protein_coding	105785	darcy	1		ok	
RPL17-C18ORF32	ENSG00000215472	18	49481681	49492479	47008051	47017956	-1	protein_coding	10798	bajpai	1		ok	
RPL24	ENSG00000114391	3	101677660	101686825	101399935	101405626	-1	protein_coding	9165	baxter	1		ok	
RPL27A	ENSG00000166441	11	8682732	8714759	8703958	8736306	1	protein_coding	32027	baxter	1		ok	
RPL38	ENSG00000172809	17	74202841	74212852	72199721	72206794	1	protein_coding	10011	baxter	1		ok	
RPRD2	ENSG00000163125	1	150363091	150476999	150335567	150449042	1	protein_coding	113908	bajpai	1		ok	
RPS14	ENSG00000164587	5	150429756	150449952	149822753	149829319	-1	protein_coding	20196	baxter	1		ok	
RPS19	ENSG00000105372	19	41859848	41872931	42363988	42376994	1	protein_coding	13083	baxter	1		ok	
RPS20	ENSG00000008988	8	56020034	56074575	56979854	56987069	-1	protein_coding	54541	baxter	1		ok	
RPS6	ENSG00000137154	9	19200287	19380299	19375713	19380252	-1	protein_coding	180012	baxter	1		ok	
RPS6KA1	ENSG00000117676	1	26529746	26575032	26856252	26901521	1	protein_coding	45286	network	1	yes	ok	
RPS7	ENSG00000171863	2	3575198	3580952	3622795	3628509	1	protein_coding	5754	baxter	1		ok	
RTEL1	ENSG00000258366	20	63657810	63696253	62289163	62328416	1	protein_coding	38443	darcy	1		ok	
RTF1	ENSG00000137815	15	41408408	41483563	41700606	41775761	1	protein_coding	75155	baxter	1		ok	
RUVBL2	ENSG00000183207	19	48993476	49017868	49496705	49519252	1	protein_coding	24392	baxter	1		ok	
RXRA	ENSG00000186350	9	134317098	134440585	137208944	137332431	1	protein_coding	123487	baxter	1		ok	
RYR1	ENSG00000196218	19	38433691	38595273	38924339	39078204	1	protein_coding	161582	network	1	yes	ok	
SAFB	ENSG00000160633	19	5622963	5668478	5623046	5668489	1	protein_coding	45515	bajpai	1		ok	
SAMD9	ENSG00000205413	7	93099513	93118042	92728829	92747336	-1	protein_coding	18529	baxter;darcy	2		ok	
SAR1A	ENSG00000079332	10	70147289	70186284	71907045	71930279	-1	protein_coding	38995	bajpai	1		ok	
SASH1	ENSG00000111961	6	148272304	148552044	148593440	148873186	1	protein_coding	279740	baxter	1		ok	
SCAF4	ENSG00000156304	21	31667491	31732184	33043346	33104388	-1	protein_coding	64693	bajpai	1		ok	
SCARB2	ENSG00000138760	4	76158723	76234536	77079890	77135046	-1	protein_coding	75813	baxter	1		ok	
SCUBE2	ENSG00000175356	11	9019476	9138114	9041071	9159661	-1	protein_coding	118638	baxter	1		ok	
SDC2	ENSG00000169439	8	96493410	96613465	97505579	97624000	1	protein_coding	120055	baxter	1		ok	
SDC4	ENSG00000124145	20	45325288	45348433	43953928	43977064	-1	protein_coding	23145	baxter	1		ok	
SDF4	ENSG00000078808	1	1216887	1240964	1152288	1167411	-1	protein_coding	24077	baxter	1		ok	
SEC31A	ENSG00000138674	4	82817500	82901166	83739814	83822319	-1	protein_coding	83666	bajpai	1		ok	
SELT	ENSG00000198843	3			150320662	150348222	1	protein_coding		bajpai	1		hg19_only	not on a primary assembly / symbol unresolved
SEMA4C	ENSG00000168758	2	96859718	96873840	97525453	97536494	-1	protein_coding	14122	baxter	1		ok	
SERPINB9	ENSG00000170542	6	2887169	2903318	2887500	2903514	-1	protein_coding	16149	darcy	1		ok	
SF3B1	ENSG00000115524	2	197388515	197435079	198254508	198299815	-1	protein_coding	46564	baxter	1		ok	
SFPQ	ENSG00000116560	1	35176378	35193446	35641979	35658749	-1	protein_coding	17068	baxter	1		ok	
SFRP4	ENSG00000106483	7	37903004	38025695	37945543	38065297	-1	protein_coding	122691	baxter	1		ok	
SGPL1	ENSG00000166224	10	70815899	70958721	72575717	72640930	1	protein_coding	142822	baxter;darcy	2		ok	
SGSM2	ENSG00000141258	17	2337488	2381058	2240792	2284352	1	protein_coding	43570	baxter	1		ok	
SH2B3	ENSG00000111252	12	111404986	111451623	111843752	111889427	1	protein_coding	46637	darcy	1		ok	
SH3BP4	ENSG00000130147	2	234951950	235055714	235860617	235964358	1	protein_coding	103764	baxter	1		ok	
SH3PXD2A	ENSG00000107957	10	103594027	103855773	105348285	105615301	-1	protein_coding	261746	baxter	1		ok	
SHC1	ENSG00000160691	1	154962284	154974452	154934774	154946871	-1	protein_coding	12168	network	1	yes	ok	
SHH	ENSG00000164690	7	155799980	155812463	155592680	155604967	-1	protein_coding	12483	baxter	1		ok	
SHISA4	ENSG00000198892	1	201888675	201893072	201857808	201861434	1	protein_coding	4397	bajpai	1		ok	
SHOC2	ENSG00000108061	10	110917932	111017314	112679301	112773425	1	protein_coding	99382	baxter;darcy	2		ok	
SHROOM2	ENSG00000146950	X	9786378	9949443	9754496	9917483	1	protein_coding	163065	baxter	1		ok	
SIAH1	ENSG00000196470	16	48356364	48448402	48390275	48482313	-1	protein_coding	92038	bajpai	1		ok	
SIK2	ENSG00000170145	11	111602383	111730855	111473115	111601577	1	protein_coding	128472	baxter	1		ok	
SIRT6	ENSG00000077463	19	4174104	4182604	4174106	4182601	-1	protein_coding	8500	bajpai	1		ok	
SIX6	ENSG00000184302	14	60509146	60512850	60975669	60979568	1	protein_coding	3704	baxter	1		ok	
SLAIN1	ENSG00000139737	13	77697687	77764614	78272023	78338377	1	protein_coding	66927	bajpai	1		ok	
SLC12A2	ENSG00000064651	5	128083165	128189687	127419458	127525380	1	protein_coding	106522	baxter	1		ok	
SLC12A9	ENSG00000146828	7	100826820	100867017	100424442	100464631	1	protein_coding	40197	bajpai	1		ok	
SLC16A2	ENSG00000147100	X	74421383	74534693	73641085	73753752	1	protein_coding	113310	baxter	1		ok	
SLC17A5	ENSG00000119899	6	73593364	73654106	74303102	74363878	-1	protein_coding	60742	bajpai;baxter;darcy	3		ok	
SLC17A6	ENSG00000091664	11	22337853	22379503	22359643	22401049	1	protein_coding	41650	baxter	1		ok	
SLC1A2	ENSG00000110436	11	35251205	35420063	35272753	35441610	-1	protein_coding	168858	darcy	1		ok	
SLC22A7	ENSG00000137204	6	43295694	43305543	43263432	43273276	1	protein_coding	9849	baxter	1		ok	
SLC24A4	ENSG00000140090	14	92322581	92501481	92788925	92962596	1	protein_coding	178900	bajpai	1		ok	
SLC24A5	ENSG00000188467	15	48120990	48142698	48413169	48434869	1	protein_coding	21708	bajpai;baxter;darcy	3		ok	
SLC26A6	ENSG00000225697	3	48625718	48635510	48663156	48672926	-1	protein_coding	9792	bajpai	1		ok	
SLC29A3	ENSG00000198246	10	71319232	71381423	73079015	73123142	1	protein_coding	62191	baxter;darcy	2		ok	
SLC2A1	ENSG00000117394	1	42925353	42958904	43391052	43424530	-1	protein_coding	33551	baxter	1		ok	
SLC2A11	ENSG00000133460	22	23856703	23886312	24198890	24228496	1	protein_coding	29609	baxter	1		ok	
SLC30A4	ENSG00000104154	15	45479606	45522834	45771809	45815005	-1	protein_coding	43228	baxter	1		ok	
SLC31A1	ENSG00000136868	9	113221191	113266935	115983808	116028674	1	protein_coding	45744	bajpai;baxter	2		ok	
SLC33A1	ENSG00000169359	3	155821024	155854563	155538813	155572218	-1	protein_coding	33539	bajpai	1		ok	
SLC36A1	ENSG00000123643	5	151437046	151525119	150816607	150871942	1	protein_coding	88073	baxter	1		ok	
SLC40A1	ENSG00000138449	2	189560491	189583758	190425305	190448484	-1	protein_coding	23267	baxter	1		ok	
SLC44A4	ENSG00000204385	6	31863173	31879198	31830969	31846823	-1	protein_coding	16025	darcy	1		ok	
SLC45A2	ENSG00000164175	5	33943530	33986124	33944721	33984835	-1	protein_coding	42594	bajpai;baxter;darcy	3		ok	
SLC7A11	ENSG00000151012	4	138164097	138242541	139085251	139163503	-1	protein_coding	78444	baxter	1		ok	
SMARCA4	ENSG00000127616	19	10960824	11079426	11071598	11176071	1	protein_coding	118602	baxter	1		ok	
SMARCA5	ENSG00000153147	4	143513445	143557486	144434616	144478639	1	protein_coding	44041	baxter	1		ok	
SMARCAL1	ENSG00000138375	2	216412383	216483056	217277137	217347776	1	protein_coding	70673	baxter;darcy	2		ok	
SMARCD1	ENSG00000066117	12	50085196	50101870	50478755	50494495	1	protein_coding	16674	baxter	1		ok	
SMCHD1	ENSG00000101596	18	2655656	2805398	2655737	2805015	1	protein_coding	149742	baxter	1		ok	
SMEK1	ENSG00000100796	14			91923955	91976898	-1	protein_coding		bajpai	1		hg19_only	not on a primary assembly / symbol unresolved
SMG7	ENSG00000116698	1	183471871	183598246	183441351	183567381	1	protein_coding	126375	bajpai	1		ok	
SMO	ENSG00000128602	7	129188501	129213546	128828713	128853386	1	protein_coding	25045	baxter;darcy	2		ok	
SMOC2	ENSG00000112562	6	168440656	168673445	168841831	169073984	1	protein_coding	232789	darcy	1		ok	
SMPD1	ENSG00000166311	11	6390381	6394998	6411655	6416228	1	protein_coding	4617	network	1	yes	ok	
SMPD2	ENSG00000135587	6	109440678	109446515	109761966	109765122	1	protein_coding	5837	network	1	yes	ok	
SNAI2	ENSG00000019549	8	48917284	48921740	49830249	49834299	-1	protein_coding	4456	baxter;darcy	2		ok	
SNAP29	ENSG00000099940	22	20858537	20891218	21213271	21245506	1	protein_coding	32681	baxter	1		ok	
SNRPC	ENSG00000124562	6	34757097	34774045	34725183	34741571	1	protein_coding	16948	baxter	1		ok	
SNX13	ENSG00000071189	7	17790747	17940712	17830385	17980124	-1	protein_coding	149965	bajpai	1		ok	
SOS1	ENSG00000115904	2	38962206	39124345	39208537	39351486	-1	protein_coding	162139	network	1	yes	ok	
SOX10	ENSG00000100146	22	37970686	37987422	38366693	38383429	-1	protein_coding	16736	baxter;darcy;network	3	yes	ok	
SOX18	ENSG00000203883	20	64047582	64050629	62679076	62680994	-1	protein_coding	3047	baxter	1		ok	
SOX2	ENSG00000181449	3	181711925	181714436	181429714	181432221	1	protein_coding	2511	baxter	1		ok	
SOX5	ENSG00000134532	12	23529504	24562544	23682440	24103966	-1	protein_coding	1033040	baxter	1		ok	
SOX9	ENSG00000125398	17	72121013	72126416	70117161	70122561	1	protein_coding	5403	baxter	1		ok	
SPAG16	ENSG00000144451	2	213284360	214410501	214149113	215275225	1	protein_coding	1126141	bajpai	1		ok	
SPAG9	ENSG00000008294	17	50962174	51120926	49039535	49198226	-1	protein_coding	158752	baxter	1		ok	
SPATA48										darcy	1		unresolved	not on a primary assembly / symbol unresolved
SPCS2	ENSG00000118363	11	74949259	74981633	74660292	74690076	1	protein_coding	32374	bajpai	1		ok	
SPCS3	ENSG00000129128	4	176319960	176333045	177241115	177253396	1	protein_coding	13085	bajpai	1		ok	
SPRED1	ENSG00000166068	15	38252076	38358502	38544527	38649450	1	protein_coding	106426	baxter;darcy	2		ok	
SPTLC1	ENSG00000090054	9	92000087	92115491	94794281	94877666	-1	protein_coding	115404	network	1	yes	ok	
SPTLC2	ENSG00000100596	14	77505997	77616781	77972340	78083116	-1	protein_coding	110784	bajpai;network	2	yes	ok	
SPTSSA	ENSG00000165389	14	34432624	34462273	34901995	34931562	-1	protein_coding	29649	bajpai	1		ok	
SRC	ENSG00000197122	20	37344673	37406050	35973088	36034453	1	protein_coding	61377	baxter;network	2	yes	ok	
SRM	ENSG00000116649	1	11054584	11060078	11114641	11120081	-1	protein_coding	5494	baxter	1		ok	
SRSF3	ENSG00000112081	6	36593777	36641535	36562145	36573377	1	protein_coding	47758	bajpai	1		ok	
SRSF5	ENSG00000100650	14	69726822	69773904	70193617	70238722	1	protein_coding	47082	bajpai	1		ok	
ST3GAL5	ENSG00000115525	2	85837120	85905199	86066267	86116137	-1	protein_coding	68079	baxter;darcy	2		ok	
STAR	ENSG00000147465	8	38138571	38151102	38001167	38008783	-1	protein_coding	12531	baxter;darcy	2		ok	
STAT1	ENSG00000115415	2	190908460	191020960	191829084	191885686	-1	protein_coding	112500	network	1	yes	ok	
STAT3	ENSG00000168610	17	42313322	42388574	40465342	40540586	-1	protein_coding	75252	network	1	yes	ok	
STAT4	ENSG00000138378	2	191029570	191178435	191894302	192016322	-1	protein_coding	148865	darcy	1		ok	
STIM1	ENSG00000167323	11	3854527	4093210	3875757	4114439	1	protein_coding	238683	baxter	1		ok	
STK11	ENSG00000118046	19	1177558	1228431	1189406	1228428	1	protein_coding	50873	baxter;darcy	2		ok	
STX12	ENSG00000117758	1	27773153	27824450	28099694	28150963	1	protein_coding	51297	baxter	1		ok	
STX17	ENSG00000136874	9	99906654	99974534	102668915	102732618	1	protein_coding	67880	baxter	1		ok	
STX3	ENSG00000166900	11	59713456	59838302	59480929	59573354	1	protein_coding	124846	baxter	1		ok	
STXBP1	ENSG00000136854	9	127579370	127696027	130374544	130457460	1	protein_coding	116657	baxter	1		ok	
SUFU	ENSG00000107882	10	102503952	102633535	104263744	104393292	1	protein_coding	129583	baxter	1		ok	
SULF1	ENSG00000137573	8	69466618	69660935	70378859	70573150	1	protein_coding	194317	baxter	1		ok	
SUPT5H	ENSG00000196235	19	39436156	39476670	39926796	39967310	1	protein_coding	40514	baxter	1		ok	
SUPT6H	ENSG00000109111	17	28661920	28702682	26989109	27029697	1	protein_coding	40762	baxter	1		ok	
SYTL2	ENSG00000137501	11	85694224	85811182	85405267	85522184	-1	protein_coding	116958	baxter	1		ok	
SZT2	ENSG00000198198	1	43389882	43454247	43855553	43918321	1	protein_coding	64365	baxter	1		ok	
TAB1	ENSG00000100324	22	39399778	39437128	39795746	39833065	1	protein_coding	37350	network	1	yes	ok	
TACO1	ENSG00000136463	17	63600879	63612023	61678231	61685725	1	protein_coding	11144	baxter	1		ok	
TAF4	ENSG00000130699	20	61953469	62065881	60528525	60640866	-1	protein_coding	112412	baxter	1		ok	
TAOK1	ENSG00000160551	17	29390336	29551903	27717482	27878922	1	protein_coding	161567	bajpai	1		ok	
TBC1D10A	ENSG00000099992	22	30291990	30326947	30687979	30723035	-1	protein_coding	34957	baxter	1		ok	
TBC1D10B	ENSG00000169221	16	30357102	30370529	30368423	30381585	-1	protein_coding	13427	baxter	1		ok	
TBC1D5	ENSG00000131374	3	17157162	18444817	17198654	18486309	-1	protein_coding	1287655	bajpai	1		ok	
TBCD	ENSG00000141556	17	82751845	82945918	80709940	80900724	1	protein_coding	194073	baxter	1		ok	
TBL1XR1	ENSG00000177565	3	177019340	177228000	176737143	176915261	-1	protein_coding	208660	bajpai	1		ok	
TBX10	ENSG00000167800	11	67631303	67639767	67398774	67407031	-1	protein_coding	8464	baxter	1		ok	
TBX15	ENSG00000092607	1	118883046	118989556	119425669	119532179	-1	protein_coding	106510	baxter	1		ok	
TBX19	ENSG00000143178	1	168280877	168314426	168250278	168283664	1	protein_coding	33549	baxter	1		ok	
TBX5	ENSG00000089225	12	114353911	114409103	114791736	114846247	-1	protein_coding	55192	darcy	1		ok	
TEF	ENSG00000167074	22	41367333	41399326	41763337	41795330	1	protein_coding	31993	darcy	1		ok	
TENM3	ENSG00000218336	4	182143918	182803024	183065140	183724177	1	protein_coding	659106	baxter	1		ok	
TERC	ENSG00000270141	3	169764610	169765060	169482308	169482848	-1	lncRNA	450	darcy	1		ok	
TERF1	ENSG00000147601	8	73008398	73048123	73921099	73960357	1	protein_coding	39725	baxter	1		ok	
TERF2	ENSG00000132604	16	69355464	69408571	69389464	69442474	-1	protein_coding	53107	baxter	1		ok	
TERF2IP	ENSG00000166848	16	75647725	75761872	75681684	75795770	1	protein_coding	114147	baxter	1		ok	
TERT	ENSG00000164362	5	1253147	1295086	1253262	1295184	-1	protein_coding	41939	baxter;darcy	2		ok	
TET2	ENSG00000168769	4	105145875	105279816	106067032	106200973	1	protein_coding	133941	baxter	1		ok	
TET3	ENSG00000187605	2	73984910	74108177	74229840	74335303	1	protein_coding	123267	baxter	1		ok	
TFAP2A	ENSG00000137203	6	10393186	10419659	10393419	10419892	-1	protein_coding	26473	baxter;network	2	yes	ok	
TFAP2C	ENSG00000087510	20	56629306	56639283	55204358	55214339	1	protein_coding	9977	baxter	1		ok	
TFAP2E	ENSG00000116819	1	35573309	35595590	36038971	36060929	1	protein_coding	22281	baxter	1		ok	
TFPI2	ENSG00000105825	7	93856698	93890957	93514709	93520303	-1	protein_coding	34259	baxter	1		ok	
TG	ENSG00000042832	8	132866953	133134903	133879203	134147147	1	protein_coding	267950	darcy	1		ok	
TGFBR2	ENSG00000163513	3	30606478	30694249	30647994	30735634	1	protein_coding	87771	baxter	1		ok	
THRA	ENSG00000126351	17	40058290	40093867	38214543	38250120	1	protein_coding	35577	baxter	1		ok	
TICAM1	ENSG00000127666	19	4815932	4831749	4815944	4831716	-1	protein_coding	15817	darcy	1		ok	
TINF2	ENSG00000092330	14	24234009	24242666	24708849	24711880	-1	protein_coding	8657	baxter;darcy	2		ok	
TJP1	ENSG00000104067	15	29699167	29969078	29991571	30261068	-1	protein_coding	269911	baxter	1		ok	
TMED10	ENSG00000170348	14	75131106	75176652	75598173	75643334	-1	protein_coding	45546	bajpai	1		ok	
TMED2	ENSG00000086598	12	123584514	123598582	124069078	124083116	1	protein_coding	14068	bajpai	1		ok	
TMEM163	ENSG00000152128	2	134455759	134719168	135213330	135476570	-1	protein_coding	263409	bajpai	1		ok	
TMEM30A	ENSG00000112697	6	75252924	75284948	75962640	75994684	-1	protein_coding	32024	bajpai	1		ok	
TMEM9B	ENSG00000175348	11	8946992	8965011	8968841	8986558	-1	protein_coding	18019	bajpai	1		ok	
TMPRSS6	ENSG00000187045	22	37065005	37110890	37461476	37505603	-1	protein_coding	45885	baxter	1		ok	
TNF	ENSG00000232810	6	31575558	31578336	31543344	31546113	1	protein_coding	2778	network	1	yes	ok	
TNFRSF11A	ENSG00000141655	18	62325086	62391288	59992520	60058516	1	protein_coding	66202	darcy	1		ok	
TNFRSF1A	ENSG00000067182	12	6328757	6342114	6437923	6451280	-1	protein_coding	13357	network	1	yes	ok	
TNFSF11	ENSG00000120659	13	42562736	42608013	43136872	43182149	1	protein_coding	45277	darcy	1		ok	
TP53	ENSG00000141510	17	7661779	7687546	7565097	7590856	-1	protein_coding	25767	baxter;network	2	yes	ok	
TP63	ENSG00000073282	3	189631252	189897276	189349205	189615068	1	protein_coding	266024	baxter;darcy	2		ok	
TPCN2	ENSG00000162341	11	69048844	69136317	68816365	68858072	1	protein_coding	87473	baxter;darcy	2		ok	
TPSAB1	ENSG00000172236	16	1239266	1242555	1290697	1292555	1	protein_coding	3289	network	1	yes	ok	
TRADD	ENSG00000102871	16	67153969	67163760	67188083	67194201	-1	protein_coding	9791	network	1	yes	ok	
TRAF2	ENSG00000127191	9	136881903	136929221	139776364	139821059	1	protein_coding	47318	network	1	yes	ok	
TRAF6	ENSG00000175104	11	36483769	36510308	36508577	36531822	-1	protein_coding	26539	baxter;network	2	yes	ok	
TRAPPC13	ENSG00000113597	5	65624733	65667114	64920543	64962060	1	protein_coding	42381	bajpai	1		ok	
TRAPPC6A	ENSG00000007255	19	45162928	45178268	45666186	45681495	-1	protein_coding	15340	baxter	1		ok	
TRIM32	ENSG00000119401	9	116687298	116702493	119449581	119463579	1	protein_coding	15195	baxter	1		ok	
TRIM33	ENSG00000197323	1	114392781	114511244	114935399	115053781	-1	protein_coding	118463	baxter	1		ok	
TRNAU1AP	ENSG00000180098	1	28552991	28578549	28879597	28905051	1	protein_coding	25558	bajpai	1		ok	
TRPM1	ENSG00000134160	15	31001065	31161160	31293264	31453476	-1	protein_coding	160095	baxter	1		ok	
TRPM7	ENSG00000092439	15	50552473	50686845	50844670	50979012	-1	protein_coding	134372	baxter	1		ok	
TSC1	ENSG00000165699	9	132891348	132946874	135766735	135820020	-1	protein_coding	55526	baxter;darcy	2		ok	
TSC2	ENSG00000103197	16	2047345	2089491	2097466	2138716	1	protein_coding	42146	baxter;darcy	2		ok	
TSHR	ENSG00000165409	14	80954989	81146306	81421333	81612646	1	protein_coding	191317	baxter	1		ok	
TTC8	ENSG00000165533	14	88824153	88881079	89290497	89344335	1	protein_coding	56926	baxter	1		ok	
TYMS	ENSG00000176890	18	657127	676613	657604	673578	1	protein_coding	19486	baxter	1		ok	
TYR	ENSG00000077498	11	89177875	89295759	88910620	89028927	1	protein_coding	117884	bajpai;baxter;darcy;network	4	yes	ok	
TYRP1	ENSG00000107165	9	12333995	12710597	12685439	12710290	1	protein_coding	376602	baxter;darcy;network	3	yes	ok	
Trypsin										network	1	yes	unresolved	not on a primary assembly / symbol unresolved
UBASH3A	ENSG00000160185	21	42403447	42447684	43824008	43867791	1	protein_coding	44237	darcy	1		ok	
UBE2E2	ENSG00000182247	3	23203015	23592847	23244511	23633284	1	protein_coding	389832	darcy	1		ok	
UBXN4	ENSG00000144224	2	135741626	135785063	136499189	136542625	1	protein_coding	43437	baxter	1		ok	
UCHL3	ENSG00000118939	13	75549483	75610084	76123619	76180085	1	protein_coding	60601	baxter	1		ok	
UQCRFS1	ENSG00000169021	19	29202811	29213151	29698173	29704448	-1	protein_coding	10340	baxter	1		ok	
USB1	ENSG00000103005	16	57999546	58021618	58033450	58055522	1	protein_coding	22072	baxter	1		ok	
USF1	ENSG00000158773	1	161039249	161045982	161009041	161015767	-1	protein_coding	6733	network	1	yes	ok	
USF2	ENSG00000105698	19	35268485	35279821	35759881	35770724	1	protein_coding	11336	bajpai;baxter	2		ok	
USP10	ENSG00000103194	16	84699942	84779926	84733584	84813528	1	protein_coding	79984	baxter	1		ok	
USP13	ENSG00000058056	3	179652730	179804368	179370543	179507189	1	protein_coding	151638	baxter	1		ok	
USP20	ENSG00000136878	9	129834698	129881842	132596977	132644107	1	protein_coding	47144	baxter	1		ok	
USP28	ENSG00000048028	11	113797870	113875615	113668596	113746292	-1	protein_coding	77745	baxter	1		ok	
USP3	ENSG00000140455	15	63504501	63594640	63796793	63886839	1	protein_coding	90139	baxter	1		ok	
USP36	ENSG00000055483	17	78787381	78841441	76783463	76837523	-1	protein_coding	54060	baxter	1		ok	
USP43	ENSG00000154914	17	9644663	9729774	9548015	9633008	1	protein_coding	85111	baxter	1		ok	
USP45	ENSG00000123552	6	99432325	99521728	99880190	99969604	-1	protein_coding	89403	baxter	1		ok	
USP48	ENSG00000090686	1	21675521	21783618	22004791	22110099	-1	protein_coding	108097	baxter	1		ok	
USP53	ENSG00000145390	4	119212128	119296162	120133742	120216672	1	protein_coding	84034	baxter	1		ok	
USP7	ENSG00000187555	16	8892094	8975328	8985951	9058371	-1	protein_coding	83234	baxter	1		ok	
USP9X	ENSG00000124486	X	41085346	41236579	40944888	41095832	1	protein_coding	151233	baxter;darcy	2		ok	
UVSSA	ENSG00000163945	4	1345691	1395989	1341054	1381837	1	protein_coding	50298	baxter;darcy	2		ok	
UXT	ENSG00000126756	X	47651792	47659301	47511197	47518560	-1	protein_coding	7509	baxter	1		ok	
VAC14	ENSG00000103043	16	70687436	70801178	70721342	70835064	-1	protein_coding	113742	baxter	1		ok	
VAMP7	ENSG00000292366	Y	57067747	57130289	155110956	155173433	1	protein_coding	62542	baxter	1		ok	
VANGL1	ENSG00000173218	1	115641854	115698224	116184574	116240845	1	protein_coding	56370	baxter	1		ok	
VDR	ENSG00000111424	12	47841537	47943048	48235320	48336831	-1	protein_coding	101511	baxter	1		ok	
VEGFA	ENSG00000112715	6	43770184	43786487	43737921	43754224	1	protein_coding	16303	darcy	1		ok	
VPS11	ENSG00000160695	11	119067789	119082753	118938403	118952688	1	protein_coding	14964	baxter	1		ok	
VPS18	ENSG00000104142	15	40894412	40903975	41186628	41196173	1	protein_coding	9563	bajpai;baxter	2		ok	
VPS26A	ENSG00000122958	10	69123512	69174412	70883268	70932617	1	protein_coding	50900	bajpai	1		ok	
VPS29	ENSG00000111237	12	110469903	110502132	110928902	110939922	-1	protein_coding	32229	bajpai	1		ok	
VPS33A	ENSG00000139719	12	122229564	122266502	122714111	122751068	-1	protein_coding	36938	baxter	1		ok	
VPS35	ENSG00000069329	16	46656132	46689518	46690054	46723430	-1	protein_coding	33386	bajpai	1		ok	
VPS39	ENSG00000166887	15	42158701	42208326	42450899	42500514	-1	protein_coding	49625	bajpai;baxter	2		ok	
VPS41	ENSG00000006715	7	38722221	38932394	38762563	38971994	-1	protein_coding	210173	bajpai	1		ok	
VPS54	ENSG00000143952	2	63891701	64019550	64119280	64246206	-1	protein_coding	127849	bajpai	1		ok	
WDFY1	ENSG00000085449	2	223855716	223945357	224720433	224810104	-1	protein_coding	89641	bajpai	1		ok	
WDPCP	ENSG00000143951	2	63119559	63827843	63348518	64054977	-1	protein_coding	708284	baxter	1		ok	
WDR73	ENSG00000177082	15	84639283	84654343	85185999	85197574	-1	protein_coding	15060	baxter	1		ok	
WDR81	ENSG00000167716	17	1716523	1738599	1619817	1641893	1	protein_coding	22076	bajpai	1		ok	
WDR91	ENSG00000105875	7	135183838	135211557	134868590	134896316	-1	protein_coding	27719	bajpai	1		ok	
WIF1	ENSG00000156076	12	65050565	65121582	65444406	65515346	-1	protein_coding	71017	baxter;darcy	2		ok	
WIPI1	ENSG00000070540	17	68420948	68457563	66417089	66453654	-1	protein_coding	36615	baxter	1		ok	
WNT1	ENSG00000125084	12	48978322	48982620	49372398	49375459	1	protein_coding	4298	baxter	1		ok	
WNT3A	ENSG00000154342	1	228006924	228061328	228194752	228248961	1	protein_coding	54404	baxter	1		ok	
WNT5A	ENSG00000114251	3	55465715	55490539	55499743	55523973	-1	protein_coding	24824	network	1	yes	ok	
WNT7A	ENSG00000154764	3	13816157	13880104	13857755	13921618	-1	protein_coding	63947	baxter	1		ok	
WRAP53	ENSG00000141499	17	7686071	7703505	7589389	7606820	1	protein_coding	17434	baxter;darcy	2		ok	
WRN	ENSG00000165392	8	31033761	31176138	30891317	31031285	1	protein_coding	142377	baxter;darcy	2		ok	
XPA	ENSG00000136936	9	97653139	97697408	100437191	100459639	-1	protein_coding	44269	baxter;darcy	2		ok	
XPC	ENSG00000154767	3	14145145	14178767	14186647	14220283	-1	protein_coding	33622	baxter;darcy	2		ok	
YWHAE	ENSG00000108953	17	1344275	1400326	1247566	1303672	-1	protein_coding	56051	baxter	1		ok	
YWHAZ	ENSG00000164924	8	100914526	100953397	101928753	101965616	-1	protein_coding	38871	baxter	1		ok	
YY1	ENSG00000100811	14	100238298	100282788	100704635	100749129	1	protein_coding	44490	baxter	1		ok	
ZBTB1	ENSG00000126804	14	64502152	64533690	64970430	65000408	1	protein_coding	31538	bajpai	1		ok	
ZBTB17	ENSG00000116809	1	15940148	15976132	16268364	16302627	-1	protein_coding	35984	baxter	1		ok	
ZC3H4	ENSG00000130749	19	47064187	47113776	47567444	47617009	-1	protein_coding	49589	bajpai	1		ok	
ZC3H7B	ENSG00000100403	22	41301457	41360155	41697526	41756151	1	protein_coding	58698	darcy	1		ok	
ZDHHC21	ENSG00000175893	9	14586766	14694198	14611069	14693469	-1	protein_coding	107432	baxter	1		ok	
ZEB2	ENSG00000169554	2	144364364	144521057	145141648	145282147	-1	protein_coding	156693	baxter	1		ok	
ZIC2	ENSG00000043355	13	99981266	99986765	100634026	100639018	1	protein_coding	5499	baxter	1		ok	
ZMIZ1	ENSG00000108175	10	79068904	79316550	80828792	81076276	1	protein_coding	247646	darcy	1		ok	
ZMPSTE24	ENSG00000084073	1	40258041	40294199	40723779	40759856	1	protein_coding	36158	baxter;darcy	2		ok	
ZNF354A	ENSG00000169131	5	178711510	178732381	178138593	178157703	-1	protein_coding	20871	darcy	1		ok	
ZNF428	ENSG00000131116	19	43607223	43619914	44111371	44124026	-1	protein_coding	12691	bajpai	1		ok	
