drs_uri,name,gender,library_id,reference_genome,sample_id,case_id,investigation,experimental_strategy,sample_type,platform
drs://cgc-ga4gh-api.sbgenomics.com/58b57868e4b0ec383d92a7a8,LP6005443-DNA_D02.annotated.nh.vcf.gz.tbi,Male,LP6005443-DNA_D02,hs37d5,HGDP00951,S_Yakut-2,SGDP-Yakut,WGS,Genomic_from_cell_lines,Illumina
drs://cgc-ga4gh-api.sbgenomics.com/58b57868e4b0ec383d92a7a9,LP6005443-DNA_A12.srt.aln.bam.bai,Male,LP6005443-DNA_A12,hs37d5,zapo0098,S_Zapotec-1,SGDP-Zapotec,WGS,Genomic_from_cell_lines,Illumina
drs://cgc-ga4gh-api.sbgenomics.com/58b57868e4b0ec383d92a7aa,LP6005441-DNA_E08.annotated.nh.vcf.gz.tbi,Male,LP6005441-DNA_E08,hs37d5,HGDP01228,S_Mongola-1,SGDP-Mongola,WGS,Genomic_from_cell_lines,Illumina
drs://cgc-ga4gh-api.sbgenomics.com/58b57868e4b0ec383d92a7ab,LP6005519-DNA_A04.annotated.nh.vcf.gz,Male,LP6005519-DNA_A04,hs37d5,K1,S_Kapu-1,SGDP-Kapu,WGS,Genomic_from_blood,Illumina
drs://cgc-ga4gh-api.sbgenomics.com/58b57868e4b0ec383d92a7ac,SS6004468.annotated.nh.vcf.gz.tbi,Male,SS6004468,hs37d5,HGDP00533,B_French-3,SGDP-French,WGS,Genomic_from_cell_lines,Illumina
drs://cgc-ga4gh-api.sbgenomics.com/58b57868e4b0ec383d92a7ad,LP6005441-DNA_G06.annotated.nh.vcf.gz,Male,LP6005441-DNA_G06,hs37d5,HGDP01012,S_Karitiana-1,SGDP-Karitiana,WGS,Genomic_from_cell_lines,Illumina
drs://cgc-ga4gh-api.sbgenomics.com/58b57868e4b0ec383d92a7ae,LP6005443-DNA_E11.annotated.nh.vcf.gz.tbi,Female,LP6005443-DNA_E11,hs37d5,mixe0002,S_Mixe-2,SGDP-Mixe,WGS,Genomic_from_cell_lines,Illumina
drs://cgc-ga4gh-api.sbgenomics.com/58b57868e4b0ec383d92a7af,LP6005519-DNA_G03.annotated.nh.vcf.gz.tbi,Male,LP6005519-DNA_G03,hs37d5,B11,S_Brahmin-1,SGDP-Brahmin,WGS,Genomic_from_blood,Illumina
drs://cgc-ga4gh-api.sbgenomics.com/58b57868e4b0ec383d92a7b0,LP6005442-DNA_F01.annotated.nh.vcf.gz.tbi,Female,LP6005442-DNA_F01,hs37d5,HGDP00956,S_Yakut-1,SGDP-Yakut,WGS,Genomic_from_cell_lines,Illumina
drs://cgc-ga4gh-api.sbgenomics.com/58b57868e4b0ec383d92a7b1,LP6005519-DNA_B05.annotated.nh.vcf.gz,Male,LP6005519-DNA_B05,hs37d5,R6,S_Relli-2,SGDP-Relli,WGS,Genomic_from_blood,Illumina
drs://cgc-ga4gh-api.sbgenomics.com/58b57868e4b0ec383d92a7b2,LP6005443-DNA_G04.annotated.nh.vcf.gz.tbi,Female,LP6005443-DNA_G04,hs37d5,Mansi41,S_Mansi-2,SGDP-Mansi,WGS,Genomic_from_blood,Illumina
drs://cgc-ga4gh-api.sbgenomics.com/58b57868e4b0ec383d92a7b3,LP6005443-DNA_E06.srt.aln.bam.bai,Male,LP6005443-DNA_E06,hs37d5,NA21581,S_Masai-2,SGDP-Masai,WGS,Genomic_from_cell_lines,Illumina
drs://cgc-ga4gh-api.sbgenomics.com/58b57868e4b0ec383d92a7b4,LP6005677-DNA_E01.annotated.nh.vcf.gz,Male,LP6005677-DNA_E01,hs37d5,NA11200,S_Quechua-2,SGDP-Quechua,WGS,Genomic_from_cell_lines,Illumina
drs://cgc-ga4gh-api.sbgenomics.com/58b57868e4b0ec383d92a7b5,LP6005519-DNA_C06.annotated.nh.vcf.gz,Female,LP6005519-DNA_C06,hs37d5,Igor20,S_Igorot-1,SGDP-Igorot,WGS,Genomic_from_saliva,Illumina
drs://cgc-ga4gh-api.sbgenomics.com/58b57868e4b0ec383d92a7b6,LP6005442-DNA_D08.annotated.nh.vcf.gz,Female,LP6005442-DNA_D08,hs37d5,NA15761,S_Icelandic-1,SGDP-Icelandic,WGS,Genomic_from_cell_lines,Illumina
drs://cgc-ga4gh-api.sbgenomics.com/58b57868e4b0ec383d92a7b7,LP6005441-DNA_H07.annotated.nh.vcf.gz,Female,LP6005441-DNA_H07,hs37d5,HGDP00857,S_Mayan-2,SGDP-Mayan,WGS,Genomic_from_cell_lines,Illumina
drs://cgc-ga4gh-api.sbgenomics.com/58b57868e4b0ec383d92a7b8,LP6005592-DNA_F03.srt.aln.bam,Female,LP6005592-DNA_F03,hs37d5,Nlk1,S_Even-1,SGDP-Even,WGS,Genomic_from_blood,Illumina
drs://cgc-ga4gh-api.sbgenomics.com/58b57868e4b0ec383d92a7b9,LP6005442-DNA_G10.annotated.nh.vcf.gz.tbi,Male,LP6005442-DNA_G10,hs37d5,HG02464,S_Gambian-1,SGDP-Gambian,WGS,Genomic_from_cell_lines,Illumina
drs://cgc-ga4gh-api.sbgenomics.com/58b57868e4b0ec383d92a7ba,LP6005441-DNA_B06.annotated.nh.vcf.gz.tbi,Female,LP6005441-DNA_B06,hs37d5,HGDP01172,S_Bergamo-2,SGDP-Bergamo,WGS,Genomic_from_cell_lines,Illumina
drs://cgc-ga4gh-api.sbgenomics.com/58b57868e4b0ec383d92a7bb,LP6005442-DNA_C07.annotated.nh.vcf.gz,Male,LP6005442-DNA_C07,hs37d5,NA13607,S_Ami-1,SGDP-Ami,WGS,Genomic_from_cell_lines,Illumina
drs://cgc-ga4gh-api.sbgenomics.com/58b57868e4b0ec383d92a7bc,LP6005677-DNA_B01.annotated.nh.vcf.gz.tbi,Female,LP6005677-DNA_B01,hs37d5,ALB212,S_Albanian-1,SGDP-Albanian,WGS,Genomic_from_blood,Illumina
drs://cgc-ga4gh-api.sbgenomics.com/58b57868e4b0ec383d92a7bd,LP6005592-DNA_F01.srt.aln.bam,Female,LP6005592-DNA_F01,hs37d5,IraqiJew1771,S_Iraqi_Jew-1,SGDP-Iraqi_Jew,WGS,Genomic_from_cell_lines,Illumina
drs://cgc-ga4gh-api.sbgenomics.com/58b57868e4b0ec383d92a7be,LP6005441-DNA_D10.srt.aln.bam.bai,Female,LP6005441-DNA_D10,hs37d5,HGDP00232,S_Pathan-2,SGDP-Pathan,WGS,Genomic_from_cell_lines,Illumina
drs://cgc-ga4gh-api.sbgenomics.com/58b57868e4b0ec383d92a7bf,LP6005441-DNA_D07.srt.aln.bam.bai,Female,LP6005441-DNA_D07,hs37d5,HGDP00157,S_Makrani-2,SGDP-Makrani,WGS,Genomic_from_cell_lines,Illumina
drs://cgc-ga4gh-api.sbgenomics.com/58b57868e4b0ec383d92a7c0,LP6005441-DNA_B01.annotated.nh.vcf.gz,Female,LP6005441-DNA_B01,hs37d5,HGDP01401,S_Adygei-2,SGDP-Adygei,WGS,Genomic_from_cell_lines,Illumina
drs://cgc-ga4gh-api.sbgenomics.com/58b57868e4b0ec383d92a7c1,LP6005443-DNA_G03.srt.aln.bam.bai,Female,LP6005443-DNA_G03,hs37d5,Nesk_25,S_Eskimo_Naukan-2,SGDP-Eskimo_Naukan,WGS,Genomic_from_blood,Illumina
drs://cgc-ga4gh-api.sbgenomics.com/58b57868e4b0ec383d92a7c2,LP6005592-DNA_C05.annotated.nh.vcf.gz,Female,LP6005592-DNA_C05,hs37d5,SA0722,S_Khomani_San-2,SGDP-Khomani_San,WGS,Genomic_from_saliva,Illumina
drs://cgc-ga4gh-api.sbgenomics.com/58b57868e4b0ec383d92a7c3,LP6005441-DNA_H10.srt.aln.bam.bai,Female,LP6005441-DNA_H10,hs37d5,HGDP00903,S_Russian-2,SGDP-Russian,WGS,Genomic_from_cell_lines,Illumina
drs://cgc-ga4gh-api.sbgenomics.com/58b57868e4b0ec383d92a7c4,LP6005441-DNA_D07.annotated.nh.vcf.gz.tbi,Female,LP6005441-DNA_D07,hs37d5,HGDP00157,S_Makrani-2,SGDP-Makrani,WGS,Genomic_from_cell_lines,Illumina
drs://cgc-ga4gh-api.sbgenomics.com/58b57868e4b0ec383d92a7c5,LP6005592-DNA_B03.annotated.nh.vcf.gz.tbi,Male,LP6005592-DNA_B03,hs37d5,HGDP00722,S_Palestinian-1,SGDP-Palestinian,WGS,Genomic_from_cell_lines,Illumina
drs://cgc-ga4gh-api.sbgenomics.com/58b57868e4b0ec383d92a7c6,LP6005592-DNA_E01.srt.aln.bam,Male,LP6005592-DNA_E01,hs37d5,IraqiJew4291,S_Iraqi_Jew-2,SGDP-Iraqi_Jew,WGS,Genomic_from_cell_lines,Illumina
drs://cgc-ga4gh-api.sbgenomics.com/58b57868e4b0ec383d92a7c7,LP6005592-DNA_E02.srt.aln.bam,Male,LP6005592-DNA_E02,hs37d5,ND15865,S_Polish-1,SGDP-Polish,WGS,Genomic_from_cell_lines,Illumina
drs://cgc-ga4gh-api.sbgenomics.com/58b57868e4b0ec383d92a7c8,LP6005442-DNA_G02.annotated.nh.vcf.gz.tbi,Male,LP6005442-DNA_G02,hs37d5,armenia293,S_Armenian-1,SGDP-Armenian,WGS,Genomic_from_blood,Illumina
drs://cgc-ga4gh-api.sbgenomics.com/58b57868e4b0ec383d92a7c9,LP6005443-DNA_F03.annotated.nh.vcf.gz.tbi,Female,LP6005443-DNA_F03,hs37d5,Nesk_22,S_Eskimo_Naukan-1,SGDP-Eskimo_Naukan,WGS,Genomic_from_blood,Illumina
drs://cgc-ga4gh-api.sbgenomics.com/58b57868e4b0ec383d92a7ca,LP6005619-DNA_B01.annotated.nh.vcf.gz,Male,LP6005619-DNA_B01,hs37d5,SAH31,S_Saharawi-1,SGDP-Saharawi,WGS,Genomic_from_blood,Illumina
drs://cgc-ga4gh-api.sbgenomics.com/58b57868e4b0ec383d92a7cb,LP6005441-DNA_F05.annotated.nh.vcf.gz,Male,LP6005441-DNA_F05,hs37d5,HGDP00124,S_Hazara-1,SGDP-Hazara,WGS,Genomic_from_cell_lines,Illumina
drs://cgc-ga4gh-api.sbgenomics.com/58b57868e4b0ec383d92a7cc,LP6005442-DNA_B08.annotated.nh.vcf.gz.tbi,Female,LP6005442-DNA_B08,hs37d5,NA15203,S_Hungarian-1,SGDP-Hungarian,WGS,Genomic_from_cell_lines,Illumina
drs://cgc-ga4gh-api.sbgenomics.com/58b57868e4b0ec383d92a7cd,LP6005592-DNA_H01.annotated.nh.vcf.gz,Female,LP6005592-DNA_H01,hs37d5,YemeniteJew4695,S_Yemenite_Jew-1,SGDP-Yemenite_Jew,WGS,Genomic_from_cell_lines,Illumina
drs://cgc-ga4gh-api.sbgenomics.com/58b57868e4b0ec383d92a7ce,LP6005441-DNA_H07.srt.aln.bam.bai,Female,LP6005441-DNA_H07,hs37d5,HGDP00857,S_Mayan-2,SGDP-Mayan,WGS,Genomic_from_cell_lines,Illumina
drs://cgc-ga4gh-api.sbgenomics.com/58b57868e4b0ec383d92a7cf,LP6005442-DNA_G02.annotated.nh.vcf.gz,Male,LP6005442-DNA_G02,hs37d5,armenia293,S_Armenian-1,SGDP-Armenian,WGS,Genomic_from_blood,Illumina
drs://cgc-ga4gh-api.sbgenomics.com/58b57868e4b0ec383d92a7d0,LP6005441-DNA_F10.srt.aln.bam.bai,Female,LP6005441-DNA_F10,hs37d5,HGDP01044,S_Pima-2,SGDP-Pima,WGS,Genomic_from_cell_lines,Illumina
drs://cgc-ga4gh-api.sbgenomics.com/58b57868e4b0ec383d92a7d1,LP6005441-DNA_F07.srt.aln.bam.bai,Female,LP6005441-DNA_F07,hs37d5,HGDP00915,S_Mandenka-2,SGDP-Mandenka,WGS,Genomic_from_cell_lines,Illumina
drs://cgc-ga4gh-api.sbgenomics.com/58b57868e4b0ec383d92a7d2,LP6005443-DNA_F07.annotated.nh.vcf.gz,Male,LP6005443-DNA_F07,hs37d5,HGDP00548,S_Papuan-7,SGDP-Papuan,WGS,Genomic_from_cell_lines,Illumina
drs://cgc-ga4gh-api.sbgenomics.com/58b57868e4b0ec383d92a7d3,LP6005441-DNA_F01.srt.aln.bam.bai,Male,LP6005441-DNA_F01,hs37d5,HGDP01035,S_BantuHerero-2,SGDP-BantuHerero,WGS,Genomic_from_cell_lines,Illumina
drs://cgc-ga4gh-api.sbgenomics.com/58b57868e4b0ec383d92a7d4,LP6005441-DNA_F04.srt.aln.bam.bai,Female,LP6005441-DNA_F04,hs37d5,HGDP01215,S_Daur-2,SGDP-Daur,WGS,Genomic_from_cell_lines,Illumina
drs://cgc-ga4gh-api.sbgenomics.com/58b57868e4b0ec383d92a7d5,LP6005443-DNA_E11.annotated.nh.vcf.gz,Female,LP6005443-DNA_E11,hs37d5,mixe0002,S_Mixe-2,SGDP-Mixe,WGS,Genomic_from_cell_lines,Illumina
drs://cgc-ga4gh-api.sbgenomics.com/58b57868e4b0ec383d92a7d6,LP6005442-DNA_B12.annotated.nh.vcf.gz,Female,LP6005442-DNA_B12,hs37d5,HG02790,S_Punjabi-3,SGDP-Punjabi,WGS,Genomic_from_cell_lines,Illumina
drs://cgc-ga4gh-api.sbgenomics.com/58b57868e4b0ec383d92a7d7,LP6005442-DNA_G12.srt.aln.bam.bai,Female,LP6005442-DNA_G12,hs37d5,Ul5,S_Ulchi-2,SGDP-Ulchi,WGS,Genomic_from_blood,Illumina
drs://cgc-ga4gh-api.sbgenomics.com/58b57868e4b0ec383d92a7d8,LP6005519-DNA_A06.srt.aln.bam.bai,Male,LP6005519-DNA_A06,hs37d5,Bu5,S_Burmese-2,SGDP-Burmese,WGS,Genomic_from_saliva,Illumina
drs://cgc-ga4gh-api.sbgenomics.com/58b57868e4b0ec383d92a7d9,SS6004476.annotated.nh.vcf.gz.tbi,Male,SS6004476,hs37d5,HGDP01015,B_Karitiana-3,SGDP-Karitiana,WGS,Genomic_from_cell_lines,Illumina
drs://cgc-ga4gh-api.sbgenomics.com/58b57868e4b0ec383d92a7da,LP6005441-DNA_C07.annotated.nh.vcf.gz.tbi,Male,LP6005441-DNA_C07,hs37d5,HGDP00160,S_Makrani-1,SGDP-Makrani,WGS,Genomic_from_cell_lines,Illumina
drs://cgc-ga4gh-api.sbgenomics.com/58b57868e4b0ec383d92a7db,LP6005441-DNA_D03.annotated.nh.vcf.gz,Male,LP6005441-DNA_D03,hs37d5,HGDP00027,S_Brahui-1,SGDP-Brahui,WGS,Genomic_from_cell_lines,Illumina
drs://cgc-ga4gh-api.sbgenomics.com/58b57868e4b0ec383d92a7dc,LP6005442-DNA_H11.annotated.nh.vcf.gz.tbi,Female,LP6005442-DNA_H11,hs37d5,HG03085,S_Mende-2,SGDP-Mende,WGS,Genomic_from_cell_lines,Illumina
drs://cgc-ga4gh-api.sbgenomics.com/58b57868e4b0ec383d92a7dd,LP6005592-DNA_B04.annotated.nh.vcf.gz.tbi,Male,LP6005592-DNA_B04,hs37d5,HG02724,S_Punjabi-1,SGDP-Punjabi,WGS,Genomic_from_cell_lines,Illumina
drs://cgc-ga4gh-api.sbgenomics.com/58b57868e4b0ec383d92a7de,LP6005442-DNA_G09.srt.aln.bam.bai,Male,LP6005442-DNA_G09,hs37d5,HG03006,S_Bengali-1,SGDP-Bengali,WGS,Genomic_from_cell_lines,Illumina
drs://cgc-ga4gh-api.sbgenomics.com/58b57868e4b0ec383d92a7df,LP6005519-DNA_G02.annotated.nh.vcf.gz,Female,LP6005519-DNA_G02,hs37d5,Peru60,S_Quechua-3,SGDP-Quechua,WGS,Genomic_from_blood,Illumina
drs://cgc-ga4gh-api.sbgenomics.com/58b57868e4b0ec383d92a7e0,LP6005441-DNA_B09.annotated.nh.vcf.gz,Female,LP6005441-DNA_B09,hs37d5,HGDP01345,S_Naxi-3,SGDP-Naxi,WGS,Genomic_from_cell_lines,Illumina
drs://cgc-ga4gh-api.sbgenomics.com/58b57868e4b0ec383d92a7e1,LP6005442-DNA_D01.srt.aln.bam.bai,Male,LP6005442-DNA_D01,hs37d5,HGDP01250,S_Xibo-1,SGDP-Xibo,WGS,Genomic_from_cell_lines,Illumina
drs://cgc-ga4gh-api.sbgenomics.com/58b57868e4b0ec383d92a7e2,LP6005442-DNA_H04.annotated.nh.vcf.gz,Male,LP6005442-DNA_H04,hs37d5,lez49,S_Lezgin-1,SGDP-Lezgin,WGS,Genomic_from_blood,Illumina
drs://cgc-ga4gh-api.sbgenomics.com/58b57868e4b0ec383d92a7e3,LP6005519-DNA_H03.annotated.nh.vcf.gz.tbi,Male,LP6005519-DNA_H03,hs37d5,B17,S_Brahmin-2,SGDP-Brahmin,WGS,Genomic_from_blood,Illumina
drs://cgc-ga4gh-api.sbgenomics.com/58b57868e4b0ec383d92a7e4,LP6005443-DNA_A02.annotated.nh.vcf.gz,Male,LP6005443-DNA_A02,hs37d5,HGDP01095,S_Tujia-1,SGDP-Tujia,WGS,Genomic_from_cell_lines,Illumina
drs://cgc-ga4gh-api.sbgenomics.com/58b57868e4b0ec383d92a7e5,LP6005441-DNA_G12.annotated.nh.vcf.gz,Male,LP6005441-DNA_G12,hs37d5,HGDP01163,S_Tuscan-2,SGDP-Tuscan,WGS,Genomic_from_cell_lines,Illumina
drs://cgc-ga4gh-api.sbgenomics.com/58b57868e4b0ec383d92a7e6,LP6005441-DNA_B07.srt.aln.bam.bai,Female,LP6005441-DNA_B07,hs37d5,HGDP01323,S_Lahu-1,SGDP-Lahu,WGS,Genomic_from_cell_lines,Illumina
drs://cgc-ga4gh-api.sbgenomics.com/58b57868e4b0ec383d92a7e7,LP6005592-DNA_C02.srt.aln.bam.bai,Male,LP6005592-DNA_C02,hs37d5,NA18940,S_Japanese-3,SGDP-Japanese,WGS,Genomic_from_cell_lines,Illumina
drs://cgc-ga4gh-api.sbgenomics.com/58b57868e4b0ec383d92a7e8,LP6005442-DNA_B11.annotated.nh.vcf.gz,Female,LP6005442-DNA_B11,hs37d5,HG01504,S_Spanish-2,SGDP-Spanish,WGS,Genomic_from_cell_lines,Illumina
drs://cgc-ga4gh-api.sbgenomics.com/58b57868e4b0ec383d92a7e9,LP6005443-DNA_E02.annotated.nh.vcf.gz.tbi,Male,LP6005443-DNA_E02,hs37d5,HGDP01028,S_BantuHerero-1,SGDP-BantuHerero,WGS,Genomic_from_cell_lines,Illumina
drs://cgc-ga4gh-api.sbgenomics.com/58b57868e4b0ec383d92a7ea,LP6005442-DNA_H03.annotated.nh.vcf.gz.tbi,Male,LP6005442-DNA_H03,hs37d5,Est375,S_Estonian-1,SGDP-Estonian,WGS,Genomic_from_blood,Illumina
drs://cgc-ga4gh-api.sbgenomics.com/58b57868e4b0ec383d92a7eb,LP6005443-DNA_A01.annotated.nh.vcf.gz,Male,LP6005443-DNA_A01,hs37d5,HGDP01417,S_BantuKenya-1,SGDP-BantuKenya,WGS,Genomic_from_cell_lines,Illumina
drs://cgc-ga4gh-api.sbgenomics.com/58b57868e4b0ec383d92a7ec,LP6005441-DNA_B01.srt.aln.bam.bai,Female,LP6005441-DNA_B01,hs37d5,HGDP01401,S_Adygei-2,SGDP-Adygei,WGS,Genomic_from_cell_lines,Illumina
drs://cgc-ga4gh-api.sbgenomics.com/58b57868e4b0ec383d92a7ed,LP6005441-DNA_F08.annotated.nh.vcf.gz.tbi,Female,LP6005441-DNA_F08,hs37d5,HGDP01223,S_Mongola-2,SGDP-Mongola,WGS,Genomic_from_cell_lines,Illumina
drs://cgc-ga4gh-api.sbgenomics.com/58b57868e4b0ec383d92a7ee,LP6005441-DNA_B04.srt.aln.bam.bai,Female,LP6005441-DNA_B04,hs37d5,HGDP00706,S_Piapoco-2,SGDP-Piapoco,WGS,Genomic_from_cell_lines,Illumina
drs://cgc-ga4gh-api.sbgenomics.com/58b57868e4b0ec383d92a7ef,LP6005592-DNA_D04.annotated.nh.vcf.gz.tbi,Male,LP6005592-DNA_D04,hs37d5,Sam02,S_Samaritan-1,SGDP-Samaritan,WGS,Genomic_from_blood,Illumina
drs://cgc-ga4gh-api.sbgenomics.com/58b57868e4b0ec383d92a7f0,LP6005443-DNA_D05.annotated.nh.vcf.gz,Female,LP6005443-DNA_D05,hs37d5,Ale14,S_Tlingit-2,SGDP-Tlingit,WGS,Genomic_from_blood,Illumina
drs://cgc-ga4gh-api.sbgenomics.com/58b57868e4b0ec383d92a7f1,LP6005441-DNA_G11.annotated.nh.vcf.gz,Male,LP6005441-DNA_G11,hs37d5,HGDP00208,S_Sindhi-1,SGDP-Sindhi,WGS,Genomic_from_cell_lines,Illumina
drs://cgc-ga4gh-api.sbgenomics.com/58b57868e4b0ec383d92a7f2,LP6005443-DNA_F11.annotated.nh.vcf.gz.tbi,Female,LP6005443-DNA_F11,hs37d5,mixe0042,S_Mixe-3,SGDP-Mixe,WGS,Genomic_from_cell_lines,Illumina
drs://cgc-ga4gh-api.sbgenomics.com/58b57868e4b0ec383d92a7f3,LP6005519-DNA_E06.srt.aln.bam.bai,Female,LP6005519-DNA_E06,hs37d5,Dus16,S_Dusun-2,SGDP-Dusun,WGS,Genomic_from_saliva,Illumina
drs://cgc-ga4gh-api.sbgenomics.com/58b57868e4b0ec383d92a7f4,LP6005441-DNA_F10.annotated.nh.vcf.gz,Female,LP6005441-DNA_F10,hs37d5,HGDP01044,S_Pima-2,SGDP-Pima,WGS,Genomic_from_cell_lines,Illumina
drs://cgc-ga4gh-api.sbgenomics.com/58b57868e4b0ec383d92a7f5,LP6005443-DNA_C02.annotated.nh.vcf.gz.tbi,Male,LP6005443-DNA_C02,hs37d5,HGDP01246,S_Xibo-2,SGDP-Xibo,WGS,Genomic_from_cell_lines,Illumina
drs://cgc-ga4gh-api.sbgenomics.com/58b57868e4b0ec383d92a7f6,LP6005443-DNA_E05.annotated.nh.vcf.gz,Male,LP6005443-DNA_E05,hs37d5,Ale32,S_Tlingit-1,SGDP-Tlingit,WGS,Genomic_from_blood,Illumina
drs://cgc-ga4gh-api.sbgenomics.com/58b57868e4b0ec383d92a7f7,LP6005677-DNA_F01.srt.aln.bam.bai,Female,LP6005677-DNA_F01,hs37d5,NA11201,S_Quechua-1,SGDP-Quechua,WGS,Genomic_from_cell_lines,Illumina
drs://cgc-ga4gh-api.sbgenomics.com/58b57868e4b0ec383d92a7f8,LP6005443-DNA_D04.annotated.nh.vcf.gz,Female,LP6005443-DNA_D04,hs37d5,Kor82,S_Itelman-1,SGDP-Itelman,WGS,Genomic_from_blood,Illumina
drs://cgc-ga4gh-api.sbgenomics.com/58b57868e4b0ec383d92a7f9,LP6005441-DNA_D08.annotated.nh.vcf.gz.tbi,Female,LP6005441-DNA_D08,hs37d5,HGDP01198,S_Miao-2,SGDP-Miao,WGS,Genomic_from_cell_lines,Illumina
drs://cgc-ga4gh-api.sbgenomics.com/58b57868e4b0ec383d92a7fa,LP6005441-DNA_E03.annotated.nh.vcf.gz,Male,LP6005441-DNA_E03,hs37d5,HGDP00428,S_Burusho-1,SGDP-Burusho,WGS,Genomic_from_cell_lines,Illumina
drs://cgc-ga4gh-api.sbgenomics.com/58b57868e4b0ec383d92a7fb,LP6005443-DNA_A03.srt.aln.bam.bai,Male,LP6005443-DNA_A03,hs37d5,Ale22,S_Aleut-1,SGDP-Aleut,WGS,Genomic_from_blood,Illumina
drs://cgc-ga4gh-api.sbgenomics.com/58b57868e4b0ec383d92a7fc,LP6005592-DNA_B04.annotated.nh.vcf.gz,Male,LP6005592-DNA_B04,hs37d5,HG02724,S_Punjabi-1,SGDP-Punjabi,WGS,Genomic_from_cell_lines,Illumina
drs://cgc-ga4gh-api.sbgenomics.com/58b57868e4b0ec383d92a7fd,LP6005441-DNA_B05.annotated.nh.vcf.gz.tbi,Female,LP6005441-DNA_B05,hs37d5,HGDP00526,S_French-2,SGDP-French,WGS,Genomic_from_cell_lines,Illumina
drs://cgc-ga4gh-api.sbgenomics.com/58b57868e4b0ec383d92a7fe,LP6005441-DNA_B10.srt.aln.bam.bai,Female,LP6005441-DNA_B10,hs37d5,HGDP00550,S_Papuan-1,SGDP-Papuan,WGS,Genomic_from_cell_lines,Illumina
drs://cgc-ga4gh-api.sbgenomics.com/58b57868e4b0ec383d92a7ff,LP6005677-DNA_D03.annotated.nh.vcf.gz.tbi,Female,LP6005677-DNA_D03,hs37d5,SA0342,S_Khomani_San-1,SGDP-Khomani_San,WGS,Genomic_from_saliva,Illumina
drs://cgc-ga4gh-api.sbgenomics.com/58b57868e4b0ec383d92a800,LP6005443-DNA_G05.annotated.nh.vcf.gz.tbi,Male,LP6005443-DNA_G05,hs37d5,NA13616,S_Ami-2,SGDP-Ami,WGS,Genomic_from_cell_lines,Illumina
drs://cgc-ga4gh-api.sbgenomics.com/58b57868e4b0ec383d92a801,LP6005442-DNA_D10.srt.aln.bam.bai,Female,LP6005442-DNA_D10,hs37d5,HG00174,S_Finnish-1,SGDP-Finnish,WGS,Genomic_from_cell_lines,Illumina
drs://cgc-ga4gh-api.sbgenomics.com/58b57868e4b0ec383d92a802,LP6005443-DNA_A06.srt.aln.bam.bai,Male,LP6005443-DNA_A06,hs37d5,NA17374,S_Greek-2,SGDP-Greek,WGS,Genomic_from_cell_lines,Illumina
drs://cgc-ga4gh-api.sbgenomics.com/58b57868e4b0ec383d92a803,LP6005519-DNA_D05.srt.aln.bam.bai,Male,LP6005519-DNA_D05,hs37d5,I3,S_Irula-2,SGDP-Irula,WGS,Genomic_from_blood,Illumina
drs://cgc-ga4gh-api.sbgenomics.com/58b57868e4b0ec383d92a804,LP6005443-DNA_H05.annotated.nh.vcf.gz.tbi,Male,LP6005443-DNA_H05,hs37d5,NA15728,S_Czech-2,SGDP-Czech,WGS,Genomic_from_cell_lines,Illumina
drs://cgc-ga4gh-api.sbgenomics.com/58b57868e4b0ec383d92a805,LP6005443-DNA_E06.annotated.nh.vcf.gz,Male,LP6005443-DNA_E06,hs37d5,NA21581,S_Masai-2,SGDP-Masai,WGS,Genomic_from_cell_lines,Illumina
drs://cgc-ga4gh-api.sbgenomics.com/58b57868e4b0ec383d92a806,LP6005443-DNA_E09.srt.aln.bam.bai,Male,LP6005443-DNA_E09,hs37d5,HGDP01338,S_Naxi-1,SGDP-Naxi,WGS,Genomic_from_cell_lines,Illumina
drs://cgc-ga4gh-api.sbgenomics.com/58b57868e4b0ec383d92a807,LP6005442-DNA_H03.annotated.nh.vcf.gz,Male,LP6005442-DNA_H03,hs37d5,Est375,S_Estonian-1,SGDP-Estonian,WGS,Genomic_from_blood,Illumina
drs://cgc-ga4gh-api.sbgenomics.com/58b57868e4b0ec383d92a808,LP6005677-DNA_B01.srt.aln.bam.bai,Female,LP6005677-DNA_B01,hs37d5,ALB212,S_Albanian-1,SGDP-Albanian,WGS,Genomic_from_blood,Illumina
drs://cgc-ga4gh-api.sbgenomics.com/58b57868e4b0ec383d92a809,SS6004469.annotated.nh.vcf.gz.tbi,Male,SS6004469,hs37d5,HGDP00775,B_Han-3,SGDP-Han,WGS,Genomic_from_cell_lines,Illumina
drs://cgc-ga4gh-api.sbgenomics.com/58b57868e4b0ec383d92a80a,LP6005592-DNA_C05.srt.aln.bam.bai,Female,LP6005592-DNA_C05,hs37d5,SA0722,S_Khomani_San-2,SGDP-Khomani_San,WGS,Genomic_from_saliva,Illumina
drs://cgc-ga4gh-api.sbgenomics.com/58b57868e4b0ec383d92a80b,LP6005442-DNA_A04.annotated.nh.vcf.gz,Male,LP6005442-DNA_A04,hs37d5,mg31,S_Georgian-2,SGDP-Georgian,WGS,Genomic_from_blood,Illumina
drs://cgc-ga4gh-api.sbgenomics.com/58b57868e4b0ec383d92a80c,LP6005592-DNA_B03.annotated.nh.vcf.gz,Male,LP6005592-DNA_B03,hs37d5,HGDP00722,S_Palestinian-1,SGDP-Palestinian,WGS,Genomic_from_cell_lines,Illumina
drs://cgc-ga4gh-api.sbgenomics.com/58b57868e4b0ec383d92a80d,LP6005441-DNA_A05.annotated.nh.vcf.gz.tbi,Male,LP6005441-DNA_A05,hs37d5,HGDP00530,S_French-1,SGDP-French,WGS,Genomic_from_cell_lines,Illumina
drs://cgc-ga4gh-api.sbgenomics.com/58b57868e4b0ec383d92a80e,LP6005441-DNA_C02.srt.aln.bam.bai,Male,LP6005441-DNA_C02,hs37d5,HGDP01364,S_Basque-1,SGDP-Basque,WGS,Genomic_from_cell_lines,Illumina
drs://cgc-ga4gh-api.sbgenomics.com/58b57869e4b0ec383d92a80f,LP6005442-DNA_H10.annotated.nh.vcf.gz,Female,LP6005442-DNA_H10,hs37d5,HG02574,S_Gambian-2,SGDP-Gambian,WGS,Genomic_from_cell_lines,Illumina
drs://cgc-ga4gh-api.sbgenomics.com/58b57869e4b0ec383d92a810,LP6005592-DNA_H01.srt.aln.bam,Female,LP6005592-DNA_H01,hs37d5,YemeniteJew4695,S_Yemenite_Jew-1,SGDP-Yemenite_Jew,WGS,Genomic_from_cell_lines,Illumina
drs://cgc-ga4gh-api.sbgenomics.com/58b57869e4b0ec383d92a811,LP6005592-DNA_C02.srt.aln.bam,Male,LP6005592-DNA_C02,hs37d5,NA18940,S_Japanese-3,SGDP-Japanese,WGS,Genomic_from_cell_lines,Illumina
drs://cgc-ga4gh-api.sbgenomics.com/58b57869e4b0ec383d92a812,LP6005443-DNA_E10.annotated.nh.vcf.gz,Male,LP6005443-DNA_E10,hs37d5,NorthOssetia12,S_North_Ossetian-1,SGDP-North_Ossetian,WGS,Genomic_from_blood,Illumina
drs://cgc-ga4gh-api.sbgenomics.com/58b57869e4b0ec383d92a813,LP6005441-DNA_A11.srt.aln.bam.bai,Male,LP6005441-DNA_A11,hs37d5,HGDP01032,S_Ju_hoan_North-3,SGDP-Ju_hoan_North,WGS,Genomic_from_cell_lines,Illumina
drs://cgc-ga4gh-api.sbgenomics.com/58b57869e4b0ec383d92a814,LP6005443-DNA_F11.annotated.nh.vcf.gz,Female,LP6005443-DNA_F11,hs37d5,mixe0042,S_Mixe-3,SGDP-Mixe,WGS,Genomic_from_cell_lines,Illumina
drs://cgc-ga4gh-api.sbgenomics.com/58b57869e4b0ec383d92a815,LP6005592-DNA_C01.srt.aln.bam,Female,LP6005592-DNA_C01,hs37d5,Utsa21,S_Saami-1,SGDP-Saami,WGS,Genomic_from_saliva,Illumina
drs://cgc-ga4gh-api.sbgenomics.com/58b57869e4b0ec383d92a816,LP6005592-DNA_C05.srt.aln.bam,Female,LP6005592-DNA_C05,hs37d5,SA0722,S_Khomani_San-2,SGDP-Khomani_San,WGS,Genomic_from_saliva,Illumina
drs://cgc-ga4gh-api.sbgenomics.com/58b57869e4b0ec383d92a817,LP6005443-DNA_F11.srt.aln.bam.bai,Female,LP6005443-DNA_F11,hs37d5,mixe0042,S_Mixe-3,SGDP-Mixe,WGS,Genomic_from_cell_lines,Illumina
drs://cgc-ga4gh-api.sbgenomics.com/58b57869e4b0ec383d92a818,LP6005442-DNA_E10.annotated.nh.vcf.gz.tbi,Male,LP6005442-DNA_E10,hs37d5,HG00126,S_English-1,SGDP-English,WGS,Genomic_from_cell_lines,Illumina
drs://cgc-ga4gh-api.sbgenomics.com/58b57869e4b0ec383d92a819,LP6005677-DNA_D01.annotated.nh.vcf.gz,Male,LP6005677-DNA_D01,hs37d5,zapo0099,S_Zapotec-2,SGDP-Zapotec,WGS,Genomic_from_cell_lines,Illumina
drs://cgc-ga4gh-api.sbgenomics.com/58b57869e4b0ec383d92a81a,LP6005441-DNA_D04.annotated.nh.vcf.gz,Female,LP6005441-DNA_D04,hs37d5,HGDP01315,S_Dai-3,SGDP-Dai,WGS,Genomic_from_cell_lines,Illumina
drs://cgc-ga4gh-api.sbgenomics.com/58b57869e4b0ec383d92a81b,LP6005443-DNA_F08.srt.aln.bam.bai,Male,LP6005443-DNA_F08,hs37d5,HGDP00551,S_Papuan-9,SGDP-Papuan,WGS,Genomic_from_cell_lines,Illumina
drs://cgc-ga4gh-api.sbgenomics.com/58b57869e4b0ec383d92a81c,LP6005442-DNA_H12.annotated.nh.vcf.gz.tbi,Female,LP6005442-DNA_H12,hs37d5,Ul31,S_Ulchi-1,SGDP-Ulchi,WGS,Genomic_from_blood,Illumina
drs://cgc-ga4gh-api.sbgenomics.com/58b57869e4b0ec383d92a81d,LP6005441-DNA_G12.srt.aln.bam.bai,Male,LP6005441-DNA_G12,hs37d5,HGDP01163,S_Tuscan-2,SGDP-Tuscan,WGS,Genomic_from_cell_lines,Illumina
drs://cgc-ga4gh-api.sbgenomics.com/58b57869e4b0ec383d92a81e,LP6005619-DNA_B01.srt.aln.bam.bai,Male,LP6005619-DNA_B01,hs37d5,SAH31,S_Saharawi-1,SGDP-Saharawi,WGS,Genomic_from_blood,Illumina
drs://cgc-ga4gh-api.sbgenomics.com/58b57869e4b0ec383d92a81f,LP6005519-DNA_G04.annotated.nh.vcf.gz.tbi,Male,LP6005519-DNA_G04,hs37d5,M4,S_Madiga-1,SGDP-Madiga,WGS,Genomic_from_blood,Illumina
drs://cgc-ga4gh-api.sbgenomics.com/58b57869e4b0ec383d92a820,LP6005443-DNA_G03.annotated.nh.vcf.gz.tbi,Female,LP6005443-DNA_G03,hs37d5,Nesk_25,S_Eskimo_Naukan-2,SGDP-Eskimo_Naukan,WGS,Genomic_from_blood,Illumina
drs://cgc-ga4gh-api.sbgenomics.com/58b57869e4b0ec383d92a821,LP6005443-DNA_B04.srt.aln.bam.bai,Female,LP6005443-DNA_B04,hs37d5,Nlk3,S_Even-3,SGDP-Even,WGS,Genomic_from_blood,Illumina
drs://cgc-ga4gh-api.sbgenomics.com/58b57869e4b0ec383d92a822,LP6005519-DNA_B06.annotated.nh.vcf.gz,Male,LP6005519-DNA_B06,hs37d5,Bu16,S_Burmese-1,SGDP-Burmese,WGS,Genomic_from_saliva,Illumina
drs://cgc-ga4gh-api.sbgenomics.com/58b57869e4b0ec383d92a823,LP6005443-DNA_B07.srt.aln.bam.bai,Female,LP6005443-DNA_B07,hs37d5,CHI-034,S_Thai-2,SGDP-Thai,WGS,Genomic_from_cell_lines,Illumina
drs://cgc-ga4gh-api.sbgenomics.com/58b57869e4b0ec383d92a824,LP6005442-DNA_F10.srt.aln.bam.bai,Female,LP6005442-DNA_F10,hs37d5,HG00128,S_English-2,SGDP-English,WGS,Genomic_from_cell_lines,Illumina
drs://cgc-ga4gh-api.sbgenomics.com/58b57869e4b0ec383d92a825,LP6005443-DNA_B01.srt.aln.bam.bai,Male,LP6005443-DNA_B01,hs37d5,HGDP01312,S_Dai-2,SGDP-Dai,WGS,Genomic_from_cell_lines,Illumina
drs://cgc-ga4gh-api.sbgenomics.com/58b57869e4b0ec383d92a826,LP6005443-DNA_B10.annotated.nh.vcf.gz.tbi,Male,LP6005443-DNA_B10,hs37d5,iran11,S_Iranian-2,SGDP-Iranian,WGS,Genomic_from_blood,Illumina
drs://cgc-ga4gh-api.sbgenomics.com/58b57869e4b0ec383d92a827,LP6005519-DNA_B05.srt.aln.bam.bai,Male,LP6005519-DNA_B05,hs37d5,R6,S_Relli-2,SGDP-Relli,WGS,Genomic_from_blood,Illumina
drs://cgc-ga4gh-api.sbgenomics.com/58b57869e4b0ec383d92a828,LP6005677-DNA_C03.annotated.nh.vcf.gz.tbi,Male,LP6005677-DNA_C03,hs37d5,Kayseri23827,S_Turkish-1,SGDP-Turkish,WGS,Genomic_from_blood,Illumina
drs://cgc-ga4gh-api.sbgenomics.com/58b57869e4b0ec383d92a829,LP6005443-DNA_G11.annotated.nh.vcf.gz.tbi,Male,LP6005443-DNA_G11,hs37d5,mixa0099,S_Mixtec-1,SGDP-Mixtec,WGS,Genomic_from_cell_lines,Illumina
drs://cgc-ga4gh-api.sbgenomics.com/58b57869e4b0ec383d92a82a,LP6005441-DNA_G07.annotated.nh.vcf.gz,Female,LP6005441-DNA_G07,hs37d5,HGDP00855,S_Mayan-1,SGDP-Mayan,WGS,Genomic_from_cell_lines,Illumina
drs://cgc-ga4gh-api.sbgenomics.com/58b57869e4b0ec383d92a82b,LP6005442-DNA_F02.annotated.nh.vcf.gz.tbi,Male,LP6005442-DNA_F02,hs37d5,altai363p,S_Altaian-1,SGDP-Altaian,WGS,Genomic_from_blood,Illumina
drs://cgc-ga4gh-api.sbgenomics.com/58b57869e4b0ec383d92a82c,LP6005443-DNA_D06.annotated.nh.vcf.gz,Male,LP6005443-DNA_D06,hs37d5,ND19394,S_Korean-1,SGDP-Korean,WGS,Genomic_from_cell_lines,Illumina
drs://cgc-ga4gh-api.sbgenomics.com/58b57869e4b0ec383d92a82d,LP6005441-DNA_G02.srt.aln.bam.bai,Male,LP6005441-DNA_G02,hs37d5,HGDP00457,S_Biaka-1,SGDP-Biaka,WGS,Genomic_from_cell_lines,Illumina
drs://cgc-ga4gh-api.sbgenomics.com/58b57869e4b0ec383d92a82e,LP6005441-DNA_G09.srt.aln.bam.bai,Male,LP6005441-DNA_G09,hs37d5,HGDP00725,S_Palestinian-2,SGDP-Palestinian,WGS,Genomic_from_cell_lines,Illumina
drs://cgc-ga4gh-api.sbgenomics.com/58b57869e4b0ec383d92a82f,LP6005442-DNA_F11.annotated.nh.vcf.gz.tbi,Female,LP6005442-DNA_F11,hs37d5,NA19023,S_Luhya-1,SGDP-Luhya,WGS,Genomic_from_cell_lines,Illumina
drs://cgc-ga4gh-api.sbgenomics.com/58b57869e4b0ec383d92a830,LP6005441-DNA_G05.srt.aln.bam.bai,Male,LP6005441-DNA_G05,hs37d5,HGDP01240,S_Hezhen-1,SGDP-Hezhen,WGS,Genomic_from_cell_lines,Illumina
drs://cgc-ga4gh-api.sbgenomics.com/58b57869e4b0ec383d92a831,LP6005441-DNA_A12.annotated.nh.vcf.gz.tbi,Female,LP6005441-DNA_A12,hs37d5,HGDP00846,S_Surui-1,SGDP-Surui,WGS,Genomic_from_cell_lines,Illumina
drs://cgc-ga4gh-api.sbgenomics.com/58b57869e4b0ec383d92a832,LP6005441-DNA_D02.annotated.nh.vcf.gz,Female,LP6005441-DNA_D02,hs37d5,HGDP01365,S_Basque-2,SGDP-Basque,WGS,Genomic_from_cell_lines,Illumina
drs://cgc-ga4gh-api.sbgenomics.com/58b57869e4b0ec383d92a833,LP6005677-DNA_A02.annotated.nh.vcf.gz.tbi,Female,LP6005677-DNA_A02,hs37d5,Bishkek28439,S_Kyrgyz-2,SGDP-Kyrgyz,WGS,Genomic_from_blood,Illumina
drs://cgc-ga4gh-api.sbgenomics.com/58b57869e4b0ec383d92a834,LP6005443-DNA_F02.srt.aln.bam.bai,Male,LP6005443-DNA_F02,hs37d5,HGDP01034,S_BantuTswana-2,SGDP-BantuTswana,WGS,Genomic_from_cell_lines,Illumina
drs://cgc-ga4gh-api.sbgenomics.com/58b57869e4b0ec383d92a835,LP6005592-DNA_C03.annotated.nh.vcf.gz.tbi,Male,LP6005592-DNA_C03,hs37d5,HGDP00474,S_Mbuti-1,SGDP-Mbuti,WGS,Genomic_from_cell_lines,Illumina
drs://cgc-ga4gh-api.sbgenomics.com/58b57869e4b0ec383d92a836,LP6005443-DNA_C02.annotated.nh.vcf.gz,Male,LP6005443-DNA_C02,hs37d5,HGDP01246,S_Xibo-2,SGDP-Xibo,WGS,Genomic_from_cell_lines,Illumina
drs://cgc-ga4gh-api.sbgenomics.com/58b57869e4b0ec383d92a837,LP6005441-DNA_B07.annotated.nh.vcf.gz.tbi,Female,LP6005441-DNA_B07,hs37d5,HGDP01323,S_Lahu-1,SGDP-Lahu,WGS,Genomic_from_cell_lines,Illumina
drs://cgc-ga4gh-api.sbgenomics.com/58b57869e4b0ec383d92a838,LP6005443-DNA_C03.annotated.nh.vcf.gz.tbi,Male,LP6005443-DNA_C03,hs37d5,Sir19,S_Chukchi-1,SGDP-Chukchi,WGS,Genomic_from_blood,Illumina
drs://cgc-ga4gh-api.sbgenomics.com/58b57869e4b0ec383d92a839,LP6005442-DNA_G01.annotated.nh.vcf.gz.tbi,Male,LP6005442-DNA_G01,hs37d5,HGDP01179,S_Yi-1,SGDP-Yi,WGS,Genomic_from_cell_lines,Illumina
drs://cgc-ga4gh-api.sbgenomics.com/58b57869e4b0ec383d92a83a,LP6005677-DNA_D01.annotated.nh.vcf.gz.tbi,Male,LP6005677-DNA_D01,hs37d5,zapo0099,S_Zapotec-2,SGDP-Zapotec,WGS,Genomic_from_cell_lines,Illumina
drs://cgc-ga4gh-api.sbgenomics.com/58b57869e4b0ec383d92a83b,LP6005519-DNA_F03.annotated.nh.vcf.gz.tbi,Male,LP6005519-DNA_F03,hs37d5,Armenian222,S_Armenian-2,SGDP-Armenian,WGS,Genomic_from_blood,Illumina
drs://cgc-ga4gh-api.sbgenomics.com/58b57869e4b0ec383d92a83c,LP6005592-DNA_A04.annotated.nh.vcf.gz.tbi,Female,LP6005592-DNA_A04,hs37d5,HG02494,S_Punjabi-4,SGDP-Punjabi,WGS,Genomic_from_cell_lines,Illumina
drs://cgc-ga4gh-api.sbgenomics.com/58b57869e4b0ec383d92a83d,LP6005441-DNA_H10.annotated.nh.vcf.gz.tbi,Female,LP6005441-DNA_H10,hs37d5,HGDP00903,S_Russian-2,SGDP-Russian,WGS,Genomic_from_cell_lines,Illumina
drs://cgc-ga4gh-api.sbgenomics.com/58b57869e4b0ec383d92a83e,LP6005442-DNA_G03.srt.aln.bam.bai,Male,LP6005442-DNA_G03,hs37d5,Est400,S_Estonian-2,SGDP-Estonian,WGS,Genomic_from_blood,Illumina
drs://cgc-ga4gh-api.sbgenomics.com/58b57869e4b0ec383d92a83f,LP6005592-DNA_D01.srt.aln.bam,Male,LP6005592-DNA_D01,hs37d5,Utsa22,S_Saami-2,SGDP-Saami,WGS,Genomic_from_saliva,Illumina
drs://cgc-ga4gh-api.sbgenomics.com/58b57869e4b0ec383d92a840,LP6005519-DNA_B04.annotated.nh.vcf.gz,Male,LP6005519-DNA_B04,hs37d5,K4,S_Kapu-2,SGDP-Kapu,WGS,Genomic_from_blood,Illumina
drs://cgc-ga4gh-api.sbgenomics.com/58b57869e4b0ec383d92a841,LP6005441-DNA_B02.annotated.nh.vcf.gz,Female,LP6005441-DNA_B02,hs37d5,HGDP01414,S_BantuKenya-2,SGDP-BantuKenya,WGS,Genomic_from_cell_lines,Illumina
drs://cgc-ga4gh-api.sbgenomics.com/58b57869e4b0ec383d92a842,LP6005441-DNA_E06.srt.aln.bam.bai,Male,LP6005441-DNA_E06,hs37d5,HGDP00328,S_Kalash-1,SGDP-Kalash,WGS,Genomic_from_cell_lines,Illumina
drs://cgc-ga4gh-api.sbgenomics.com/58b57869e4b0ec383d92a843,LP6005441-DNA_A12.srt.aln.bam,Female,LP6005441-DNA_A12,hs37d5,HGDP00846,S_Surui-1,SGDP-Surui,WGS,Genomic_from_cell_lines,Illumina
drs://cgc-ga4gh-api.sbgenomics.com/58b57869e4b0ec383d92a844,LP6005441-DNA_C06.annotated.nh.vcf.gz.tbi,Male,LP6005441-DNA_C06,hs37d5,HGDP00749,S_Japanese-1,SGDP-Japanese,WGS,Genomic_from_cell_lines,Illumina
drs://cgc-ga4gh-api.sbgenomics.com/58b57869e4b0ec383d92a845,LP6005441-DNA_E09.srt.aln.bam.bai,Male,LP6005441-DNA_E09,hs37d5,HGDP01203,S_Oroqen-1,SGDP-Oroqen,WGS,Genomic_from_cell_lines,Illumina
drs://cgc-ga4gh-api.sbgenomics.com/58b57869e4b0ec383d92a846,SS6004477.annotated.nh.vcf.gz.tbi,Male,SS6004477,hs37d5,IHW9193,B_Australian-4,SGDP-Australian,WGS,Genomic_from_cell_lines,Illumina
drs://cgc-ga4gh-api.sbgenomics.com/58b57869e4b0ec383d92a847,LP6005519-DNA_H03.srt.aln.bam,Male,LP6005519-DNA_H03,hs37d5,B17,S_Brahmin-2,SGDP-Brahmin,WGS,Genomic_from_blood,Illumina
drs://cgc-ga4gh-api.sbgenomics.com/58b57869e4b0ec383d92a848,LP6005443-DNA_F04.annotated.nh.vcf.gz.tbi,Male,LP6005443-DNA_F04,hs37d5,Mansi79,S_Mansi-1,SGDP-Mansi,WGS,Genomic_from_blood,Illumina
drs://cgc-ga4gh-api.sbgenomics.com/58b57869e4b0ec383d92a849,LP6005442-DNA_A08.annotated.nh.vcf.gz.tbi,Male,LP6005442-DNA_A08,hs37d5,NA15202,S_Hungarian-2,SGDP-Hungarian,WGS,Genomic_from_cell_lines,Illumina
drs://cgc-ga4gh-api.sbgenomics.com/58b57869e4b0ec383d92a84a,LP6005442-DNA_F09.annotated.nh.vcf.gz.tbi,Female,LP6005442-DNA_F09,hs37d5,Ayodo_502C,S_Luo-2,SGDP-Luo,WGS,Genomic_from_blood,Illumina
drs://cgc-ga4gh-api.sbgenomics.com/58b57869e4b0ec383d92a84b,LP6005441-DNA_B04.annotated.nh.vcf.gz.tbi,Female,LP6005441-DNA_B04,hs37d5,HGDP00706,S_Piapoco-2,SGDP-Piapoco,WGS,Genomic_from_cell_lines,Illumina
drs://cgc-ga4gh-api.sbgenomics.com/58b57869e4b0ec383d92a84c,LP6005441-DNA_D10.annotated.nh.vcf.gz,Female,LP6005441-DNA_D10,hs37d5,HGDP00232,S_Pathan-2,SGDP-Pathan,WGS,Genomic_from_cell_lines,Illumina
drs://cgc-ga4gh-api.sbgenomics.com/58b57869e4b0ec383d92a84d,LP6005442-DNA_F02.annotated.nh.vcf.gz,Male,LP6005442-DNA_F02,hs37d5,altai363p,S_Altaian-1,SGDP-Altaian,WGS,Genomic_from_blood,Illumina
drs://cgc-ga4gh-api.sbgenomics.com/58b57869e4b0ec383d92a84e,LP6005443-DNA_B02.annotated.nh.vcf.gz,Male,LP6005443-DNA_B02,hs37d5,HGDP01297,S_Uygur-2,SGDP-Uygur,WGS,Genomic_from_cell_lines,Illumina
drs://cgc-ga4gh-api.sbgenomics.com/58b57869e4b0ec383d92a84f,LP6005677-DNA_A02.srt.aln.bam,Female,LP6005677-DNA_A02,hs37d5,Bishkek28439,S_Kyrgyz-2,SGDP-Kyrgyz,WGS,Genomic_from_blood,Illumina
drs://cgc-ga4gh-api.sbgenomics.com/58b57869e4b0ec383d92a850,LP6005443-DNA_G07.annotated.nh.vcf.gz,Male,LP6005443-DNA_G07,hs37d5,HGDP00556,S_Papuan-12,SGDP-Papuan,WGS,Genomic_from_cell_lines,Illumina
drs://cgc-ga4gh-api.sbgenomics.com/58b57869e4b0ec383d92a851,SS6004477.annotated.nh.vcf.gz,Male,SS6004477,hs37d5,IHW9193,B_Australian-4,SGDP-Australian,WGS,Genomic_from_cell_lines,Illumina
drs://cgc-ga4gh-api.sbgenomics.com/58b57869e4b0ec383d92a852,LP6005519-DNA_H04.annotated.nh.vcf.gz,Male,LP6005519-DNA_H04,hs37d5,M13,S_Madiga-2,SGDP-Madiga,WGS,Genomic_from_blood,Illumina
drs://cgc-ga4gh-api.sbgenomics.com/58b57869e4b0ec383d92a853,LP6005441-DNA_A06.annotated.nh.vcf.gz.tbi,Male,LP6005441-DNA_A06,hs37d5,HGDP01153,S_Bergamo-1,SGDP-Bergamo,WGS,Genomic_from_cell_lines,Illumina
drs://cgc-ga4gh-api.sbgenomics.com/58b57869e4b0ec383d92a854,LP6005443-DNA_B04.annotated.nh.vcf.gz,Female,LP6005443-DNA_B04,hs37d5,Nlk3,S_Even-3,SGDP-Even,WGS,Genomic_from_blood,Illumina
drs://cgc-ga4gh-api.sbgenomics.com/58b57869e4b0ec383d92a855,LP6005592-DNA_G01.srt.aln.bam,Male,LP6005592-DNA_G01,hs37d5,YemeniteJew5433,S_Yemenite_Jew-2,SGDP-Yemenite_Jew,WGS,Genomic_from_cell_lines,Illumina
drs://cgc-ga4gh-api.sbgenomics.com/58b57869e4b0ec383d92a856,LP6005441-DNA_E10.annotated.nh.vcf.gz,Male,LP6005441-DNA_E10,hs37d5,HGDP01047,S_Pima-1,SGDP-Pima,WGS,Genomic_from_cell_lines,Illumina
drs://cgc-ga4gh-api.sbgenomics.com/58b57869e4b0ec383d92a857,LP6005443-DNA_D04.annotated.nh.vcf.gz.tbi,Female,LP6005443-DNA_D04,hs37d5,Kor82,S_Itelman-1,SGDP-Itelman,WGS,Genomic_from_blood,Illumina
drs://cgc-ga4gh-api.sbgenomics.com/58b57869e4b0ec383d92a858,LP6005441-DNA_F07.annotated.nh.vcf.gz.tbi,Female,LP6005441-DNA_F07,hs37d5,HGDP00915,S_Mandenka-2,SGDP-Mandenka,WGS,Genomic_from_cell_lines,Illumina
drs://cgc-ga4gh-api.sbgenomics.com/58b57869e4b0ec383d92a859,LP6005442-DNA_A10.annotated.nh.vcf.gz,Male,LP6005442-DNA_A10,hs37d5,HG03100,S_Esan-1,SGDP-Esan,WGS,Genomic_from_cell_lines,Illumina
drs://cgc-ga4gh-api.sbgenomics.com/58b57869e4b0ec383d92a85a,LP6005592-DNA_B02.srt.aln.bam,Male,LP6005592-DNA_B02,hs37d5,NA17386,S_Maori-1,SGDP-Maori,WGS,Genomic_from_cell_lines,Illumina
drs://cgc-ga4gh-api.sbgenomics.com/58b57869e4b0ec383d92a85b,LP6005442-DNA_D09.annotated.nh.vcf.gz.tbi,Female,LP6005442-DNA_D09,hs37d5,Ayodo_81S,S_Somali-1,SGDP-Somali,WGS,Genomic_from_blood,Illumina
drs://cgc-ga4gh-api.sbgenomics.com/58b57869e4b0ec383d92a85c,LP6005443-DNA_H01.srt.aln.bam.bai,Male,LP6005443-DNA_H01,hs37d5,HGDP01350,S_Tu-1,SGDP-Tu,WGS,Genomic_from_cell_lines,Illumina
drs://cgc-ga4gh-api.sbgenomics.com/58b57869e4b0ec383d92a85d,LP6005441-DNA_A09.annotated.nh.vcf.gz,Male,LP6005441-DNA_A09,hs37d5,HGDP01344,S_Naxi-2,SGDP-Naxi,WGS,Genomic_from_cell_lines,Illumina
drs://cgc-ga4gh-api.sbgenomics.com/58b57869e4b0ec383d92a85e,LP6005441-DNA_D01.srt.aln.bam.bai,Male,LP6005441-DNA_D01,hs37d5,HGDP00090,S_Balochi-1,SGDP-Balochi,WGS,Genomic_from_cell_lines,Illumina
drs://cgc-ga4gh-api.sbgenomics.com/58b57869e4b0ec383d92a85f,LP6005443-DNA_C04.annotated.nh.vcf.gz,Male,LP6005443-DNA_C04,hs37d5,Nlk18,S_Even-2,SGDP-Even,WGS,Genomic_from_blood,Illumina
drs://cgc-ga4gh-api.sbgenomics.com/58b57869e4b0ec383d92a860,LP6007068-DNA_A01.annotated.nh.vcf.gz,Male,LP6007068-DNA_A01,hs37d5,TZ-11,B_Crete-2,SGDP-Crete,WGS,Genomic_from_blood,Illumina
drs://cgc-ga4gh-api.sbgenomics.com/58b57869e4b0ec383d92a861,LP6005441-DNA_H11.annotated.nh.vcf.gz,Female,LP6005441-DNA_H11,hs37d5,HGDP00195,S_Sindhi-2,SGDP-Sindhi,WGS,Genomic_from_cell_lines,Illumina
drs://cgc-ga4gh-api.sbgenomics.com/58b57869e4b0ec383d92a862,LP6005442-DNA_G04.annotated.nh.vcf.gz,Male,LP6005442-DNA_G04,hs37d5,lez42,S_Lezgin-2,SGDP-Lezgin,WGS,Genomic_from_blood,Illumina
drs://cgc-ga4gh-api.sbgenomics.com/58b57869e4b0ec383d92a863,LP6005441-DNA_D04.srt.aln.bam.bai,Female,LP6005441-DNA_D04,hs37d5,HGDP01315,S_Dai-3,SGDP-Dai,WGS,Genomic_from_cell_lines,Illumina
drs://cgc-ga4gh-api.sbgenomics.com/58b57869e4b0ec383d92a864,LP6005442-DNA_F04.srt.aln.bam.bai,Male,LP6005442-DNA_F04,hs37d5,Jordan603,S_Jordanian-2,SGDP-Jordanian,WGS,Genomic_from_blood,Illumina
drs://cgc-ga4gh-api.sbgenomics.com/58b57869e4b0ec383d92a865,LP6005592-DNA_A02.srt.aln.bam.bai,Male,LP6005592-DNA_A02,hs37d5,HG00360,S_Finnish-3,SGDP-Finnish,WGS,Genomic_from_cell_lines,Illumina
drs://cgc-ga4gh-api.sbgenomics.com/58b57869e4b0ec383d92a866,LP6005592-DNA_H03.annotated.nh.vcf.gz,Male,LP6005592-DNA_H03,hs37d5,NA17385,S_Hawaiian-1,SGDP-Hawaiian,WGS,Genomic_from_cell_lines,Illumina
drs://cgc-ga4gh-api.sbgenomics.com/58b57869e4b0ec383d92a867,LP6005442-DNA_F01.srt.aln.bam.bai,Female,LP6005442-DNA_F01,hs37d5,HGDP00956,S_Yakut-1,SGDP-Yakut,WGS,Genomic_from_cell_lines,Illumina
drs://cgc-ga4gh-api.sbgenomics.com/58b57869e4b0ec383d92a868,LP6005441-DNA_A01.srt.aln.bam,Male,LP6005441-DNA_A01,hs37d5,HGDP01402,S_Adygei-1,SGDP-Adygei,WGS,Genomic_from_cell_lines,Illumina
drs://cgc-ga4gh-api.sbgenomics.com/58b57869e4b0ec383d92a869,LP6005441-DNA_A05.srt.aln.bam,Male,LP6005441-DNA_A05,hs37d5,HGDP00530,S_French-1,SGDP-French,WGS,Genomic_from_cell_lines,Illumina
drs://cgc-ga4gh-api.sbgenomics.com/58b57869e4b0ec383d92a86a,LP6005442-DNA_C02.srt.aln.bam.bai,Male,LP6005442-DNA_C02,hs37d5,abh107,S_Abkhasian-1,SGDP-Abkhasian,WGS,Genomic_from_blood,Illumina
drs://cgc-ga4gh-api.sbgenomics.com/58b57869e4b0ec383d92a86b,LP6005443-DNA_H07.srt.aln.bam.bai,Male,LP6005443-DNA_H07,hs37d5,HGDP00540,S_Papuan-2,SGDP-Papuan,WGS,Genomic_from_cell_lines,Illumina
drs://cgc-ga4gh-api.sbgenomics.com/58b57869e4b0ec383d92a86c,LP6005592-DNA_A02.srt.aln.bam,Male,LP6005592-DNA_A02,hs37d5,HG00360,S_Finnish-3,SGDP-Finnish,WGS,Genomic_from_cell_lines,Illumina
drs://cgc-ga4gh-api.sbgenomics.com/58b57869e4b0ec383d92a86d,LP6005441-DNA_C02.annotated.nh.vcf.gz,Male,LP6005441-DNA_C02,hs37d5,HGDP01364,S_Basque-1,SGDP-Basque,WGS,Genomic_from_cell_lines,Illumina
drs://cgc-ga4gh-api.sbgenomics.com/58b57869e4b0ec383d92a86e,LP6005592-DNA_D01.srt.aln.bam.bai,Male,LP6005592-DNA_D01,hs37d5,Utsa22,S_Saami-2,SGDP-Saami,WGS,Genomic_from_saliva,Illumina
drs://cgc-ga4gh-api.sbgenomics.com/58b57869e4b0ec383d92a86f,LP6005441-DNA_A08.srt.aln.bam.bai,Male,LP6005441-DNA_A08,hs37d5,HGDP00449,S_Mbuti-3,SGDP-Mbuti,WGS,Genomic_from_cell_lines,Illumina
drs://cgc-ga4gh-api.sbgenomics.com/58b57869e4b0ec383d92a870,LP6005442-DNA_D09.annotated.nh.vcf.gz,Female,LP6005442-DNA_D09,hs37d5,Ayodo_81S,S_Somali-1,SGDP-Somali,WGS,Genomic_from_blood,Illumina
drs://cgc-ga4gh-api.sbgenomics.com/58b57869e4b0ec383d92a871,SS6004475.annotated.nh.vcf.gz,Male,SS6004475,hs37d5,HGDP00936,B_Yoruba-3,SGDP-Yoruba,WGS,Genomic_from_cell_lines,Illumina
drs://cgc-ga4gh-api.sbgenomics.com/58b57869e4b0ec383d92a872,LP6005592-DNA_G01.annotated.nh.vcf.gz,Male,LP6005592-DNA_G01,hs37d5,YemeniteJew5433,S_Yemenite_Jew-2,SGDP-Yemenite_Jew,WGS,Genomic_from_cell_lines,Illumina
drs://cgc-ga4gh-api.sbgenomics.com/58b57869e4b0ec383d92a873,LP6005441-DNA_G09.annotated.nh.vcf.gz.tbi,Male,LP6005441-DNA_G09,hs37d5,HGDP00725,S_Palestinian-2,SGDP-Palestinian,WGS,Genomic_from_cell_lines,Illumina
drs://cgc-ga4gh-api.sbgenomics.com/58b57869e4b0ec383d92a874,LP6005592-DNA_D04.srt.aln.bam.bai,Male,LP6005592-DNA_D04,hs37d5,Sam02,S_Samaritan-1,SGDP-Samaritan,WGS,Genomic_from_blood,Illumina
drs://cgc-ga4gh-api.sbgenomics.com/58b57869e4b0ec383d92a875,LP6005443-DNA_D01.annotated.nh.vcf.gz.tbi,Female,LP6005443-DNA_D01,hs37d5,HGDP00569,S_Druze-1,SGDP-Druze,WGS,Genomic_from_cell_lines,Illumina
drs://cgc-ga4gh-api.sbgenomics.com/58b5786ae4b0ec383d92a876,LP6005441-DNA_A05.srt.aln.bam.bai,Male,LP6005441-DNA_A05,hs37d5,HGDP00530,S_French-1,SGDP-French,WGS,Genomic_from_cell_lines,Illumina
drs://cgc-ga4gh-api.sbgenomics.com/58b5786ae4b0ec383d92a877,LP6005592-DNA_B02.annotated.nh.vcf.gz.tbi,Male,LP6005592-DNA_B02,hs37d5,NA17386,S_Maori-1,SGDP-Maori,WGS,Genomic_from_cell_lines,Illumina
drs://cgc-ga4gh-api.sbgenomics.com/58b5786ae4b0ec383d92a878,SS6004474.srt.aln.bam.bai,Male,SS6004474,hs37d5,HGDP01076,B_Sardinian-3,SGDP-Sardinian,WGS,Genomic_from_cell_lines,Illumina
drs://cgc-ga4gh-api.sbgenomics.com/58b5786ae4b0ec383d92a879,LP6005441-DNA_H09.annotated.nh.vcf.gz,Female,LP6005441-DNA_H09,hs37d5,HGDP00737,S_Palestinian-3,SGDP-Palestinian,WGS,Genomic_from_cell_lines,Illumina
drs://cgc-ga4gh-api.sbgenomics.com/58b5786ae4b0ec383d92a87a,SS6004471.srt.aln.bam.bai,Male,SS6004471,hs37d5,HGDP00982,B_Mbuti-4,SGDP-Mbuti,WGS,Genomic_from_cell_lines,Illumina
drs://cgc-ga4gh-api.sbgenomics.com/58b5786ae4b0ec383d92a87b,SS6004477.srt.aln.bam.bai,Male,SS6004477,hs37d5,IHW9193,B_Australian-4,SGDP-Australian,WGS,Genomic_from_cell_lines,Illumina
drs://cgc-ga4gh-api.sbgenomics.com/58b5786ae4b0ec383d92a87c,LP6005592-DNA_D04.annotated.nh.vcf.gz,Male,LP6005592-DNA_D04,hs37d5,Sam02,S_Samaritan-1,SGDP-Samaritan,WGS,Genomic_from_blood,Illumina
drs://cgc-ga4gh-api.sbgenomics.com/58b5786ae4b0ec383d92a87d,SS6004468.srt.aln.bam.bai,Male,SS6004468,hs37d5,HGDP00533,B_French-3,SGDP-French,WGS,Genomic_from_cell_lines,Illumina
drs://cgc-ga4gh-api.sbgenomics.com/58b5786ae4b0ec383d92a87e,LP6005442-DNA_A03.srt.aln.bam.bai,Male,LP6005442-DNA_A03,hs37d5,BulgarianB4,S_Bulgarian-1,SGDP-Bulgarian,WGS,Genomic_from_blood,Illumina
drs://cgc-ga4gh-api.sbgenomics.com/58b5786ae4b0ec383d92a87f,LP6005441-DNA_G05.annotated.nh.vcf.gz,Male,LP6005441-DNA_G05,hs37d5,HGDP01240,S_Hezhen-1,SGDP-Hezhen,WGS,Genomic_from_cell_lines,Illumina
drs://cgc-ga4gh-api.sbgenomics.com/58b5786ae4b0ec383d92a880,LP6005443-DNA_B01.annotated.nh.vcf.gz.tbi,Male,LP6005443-DNA_B01,hs37d5,HGDP01312,S_Dai-2,SGDP-Dai,WGS,Genomic_from_cell_lines,Illumina
drs://cgc-ga4gh-api.sbgenomics.com/58b5786ae4b0ec383d92a881,SS6004480.srt.aln.bam.bai,Male,SS6004480,hs37d5,DNK07,B_Dinka-3,SGDP-Dinka,WGS,Genomic_from_saliva,Illumina
drs://cgc-ga4gh-api.sbgenomics.com/58b5786ae4b0ec383d92a882,LP6005441-DNA_A09.srt.aln.bam,Male,LP6005441-DNA_A09,hs37d5,HGDP01344,S_Naxi-2,SGDP-Naxi,WGS,Genomic_from_cell_lines,Illumina
drs://cgc-ga4gh-api.sbgenomics.com/58b5786ae4b0ec383d92a883,LP6005442-DNA_G04.annotated.nh.vcf.gz.tbi,Male,LP6005442-DNA_G04,hs37d5,lez42,S_Lezgin-2,SGDP-Lezgin,WGS,Genomic_from_blood,Illumina
drs://cgc-ga4gh-api.sbgenomics.com/58b5786ae4b0ec383d92a884,LP6005443-DNA_C03.srt.aln.bam.bai,Male,LP6005443-DNA_C03,hs37d5,Sir19,S_Chukchi-1,SGDP-Chukchi,WGS,Genomic_from_blood,Illumina
drs://cgc-ga4gh-api.sbgenomics.com/58b5786ae4b0ec383d92a885,LP6005443-DNA_C06.srt.aln.bam.bai,Female,LP6005443-DNA_C06,hs37d5,NA00726,S_Korean-2,SGDP-Korean,WGS,Genomic_from_cell_lines,Illumina
drs://cgc-ga4gh-api.sbgenomics.com/58b5786ae4b0ec383d92a886,LP6005443-DNA_C09.srt.aln.bam.bai,Male,LP6005443-DNA_C09,hs37d5,Kusunda02,S_Kusunda-1,SGDP-Kusunda,WGS,Genomic_from_saliva,Illumina
drs://cgc-ga4gh-api.sbgenomics.com/58b5786ae4b0ec383d92a887,LP6005443-DNA_F10.annotated.nh.vcf.gz.tbi,Male,LP6005443-DNA_F10,hs37d5,NorthOssetia5,S_North_Ossetian-2,SGDP-North_Ossetian,WGS,Genomic_from_blood,Illumina
drs://cgc-ga4gh-api.sbgenomics.com/58b5786ae4b0ec383d92a888,LP6005441-DNA_E09.annotated.nh.vcf.gz.tbi,Male,LP6005441-DNA_E09,hs37d5,HGDP01203,S_Oroqen-1,SGDP-Oroqen,WGS,Genomic_from_cell_lines,Illumina
drs://cgc-ga4gh-api.sbgenomics.com/58b5786ae4b0ec383d92a889,LP6005442-DNA_A12.annotated.nh.vcf.gz,Male,LP6005442-DNA_A12,hs37d5,HG02783,S_Punjabi-2,SGDP-Punjabi,WGS,Genomic_from_cell_lines,Illumina
drs://cgc-ga4gh-api.sbgenomics.com/58b5786ae4b0ec383d92a88a,LP6005442-DNA_A12.srt.aln.bam.bai,Male,LP6005442-DNA_A12,hs37d5,HG02783,S_Punjabi-2,SGDP-Punjabi,WGS,Genomic_from_cell_lines,Illumina
drs://cgc-ga4gh-api.sbgenomics.com/58b5786ae4b0ec383d92a88b,LP6005519-DNA_G03.srt.aln.bam.bai,Male,LP6005519-DNA_G03,hs37d5,B11,S_Brahmin-1,SGDP-Brahmin,WGS,Genomic_from_blood,Illumina
drs://cgc-ga4gh-api.sbgenomics.com/58b5786ae4b0ec383d92a88c,LP6005443-DNA_H08.srt.aln.bam,Male,LP6005443-DNA_H08,hs37d5,DNK05,S_Dinka-1,SGDP-Dinka,WGS,Genomic_from_saliva,Illumina
drs://cgc-ga4gh-api.sbgenomics.com/58b5786ae4b0ec383d92a88d,LP6005592-DNA_F03.srt.aln.bam.bai,Female,LP6005592-DNA_F03,hs37d5,Nlk1,S_Even-1,SGDP-Even,WGS,Genomic_from_blood,Illumina
drs://cgc-ga4gh-api.sbgenomics.com/58b5786ae4b0ec383d92a88e,LP6005442-DNA_F12.annotated.nh.vcf.gz.tbi,Female,LP6005442-DNA_F12,hs37d5,Tuba19,S_Tubalar-1,SGDP-Tubalar,WGS,Genomic_from_blood,Illumina
drs://cgc-ga4gh-api.sbgenomics.com/58b5786ae4b0ec383d92a88f,LP6005441-DNA_G02.annotated.nh.vcf.gz.tbi,Male,LP6005441-DNA_G02,hs37d5,HGDP00457,S_Biaka-1,SGDP-Biaka,WGS,Genomic_from_cell_lines,Illumina
drs://cgc-ga4gh-api.sbgenomics.com/58b5786ae4b0ec383d92a890,LP6005677-DNA_B01.srt.aln.bam,Female,LP6005677-DNA_B01,hs37d5,ALB212,S_Albanian-1,SGDP-Albanian,WGS,Genomic_from_blood,Illumina
drs://cgc-ga4gh-api.sbgenomics.com/58b5786ae4b0ec383d92a891,LP6005443-DNA_G02.srt.aln.bam,Male,LP6005443-DNA_G02,hs37d5,HGDP01030,S_BantuTswana-1,SGDP-BantuTswana,WGS,Genomic_from_cell_lines,Illumina
drs://cgc-ga4gh-api.sbgenomics.com/58b5786ae4b0ec383d92a892,LP6005519-DNA_E06.annotated.nh.vcf.gz,Female,LP6005519-DNA_E06,hs37d5,Dus16,S_Dusun-2,SGDP-Dusun,WGS,Genomic_from_saliva,Illumina
drs://cgc-ga4gh-api.sbgenomics.com/58b5786ae4b0ec383d92a893,LP6005442-DNA_C11.srt.aln.bam.bai,Male,LP6005442-DNA_C11,hs37d5,HG01846,S_Kinh-2,SGDP-Kinh,WGS,Genomic_from_cell_lines,Illumina
drs://cgc-ga4gh-api.sbgenomics.com/58b5786ae4b0ec383d92a894,LP6005519-DNA_E04.annotated.nh.vcf.gz.tbi,Male,LP6005519-DNA_E04,hs37d5,ML2,S_Mala-2,SGDP-Mala,WGS,Genomic_from_blood,Illumina
drs://cgc-ga4gh-api.sbgenomics.com/58b5786ae4b0ec383d92a895,LP6005443-DNA_G04.srt.aln.bam,Female,LP6005443-DNA_G04,hs37d5,Mansi41,S_Mansi-2,SGDP-Mansi,WGS,Genomic_from_blood,Illumina
drs://cgc-ga4gh-api.sbgenomics.com/58b5786ae4b0ec383d92a896,LP6005441-DNA_B03.annotated.nh.vcf.gz,Female,LP6005441-DNA_B03,hs37d5,HGDP00660,S_Bougainville-1,SGDP-Bougainville,WGS,Genomic_from_cell_lines,Illumina
drs://cgc-ga4gh-api.sbgenomics.com/58b5786ae4b0ec383d92a897,LP6005442-DNA_E07.annotated.nh.vcf.gz,Male,LP6005442-DNA_E07,hs37d5,NA13604,S_Atayal-1,SGDP-Atayal,WGS,Genomic_from_cell_lines,Illumina
drs://cgc-ga4gh-api.sbgenomics.com/58b5786ae4b0ec383d92a898,LP6005592-DNA_A04.srt.aln.bam.bai,Female,LP6005592-DNA_A04,hs37d5,HG02494,S_Punjabi-4,SGDP-Punjabi,WGS,Genomic_from_cell_lines,Illumina
drs://cgc-ga4gh-api.sbgenomics.com/58b5786ae4b0ec383d92a899,LP6005443-DNA_G05.srt.aln.bam,Male,LP6005443-DNA_G05,hs37d5,NA13616,S_Ami-2,SGDP-Ami,WGS,Genomic_from_cell_lines,Illumina
drs://cgc-ga4gh-api.sbgenomics.com/58b5786ae4b0ec383d92a89a,LP6005443-DNA_G07.srt.aln.bam,Male,LP6005443-DNA_G07,hs37d5,HGDP00556,S_Papuan-12,SGDP-Papuan,WGS,Genomic_from_cell_lines,Illumina
drs://cgc-ga4gh-api.sbgenomics.com/58b5786ae4b0ec383d92a89b,LP6005441-DNA_C09.annotated.nh.vcf.gz.tbi,Male,LP6005441-DNA_C09,hs37d5,HGDP00798,S_Orcadian-1,SGDP-Orcadian,WGS,Genomic_from_cell_lines,Illumina
drs://cgc-ga4gh-api.sbgenomics.com/58b5786ae4b0ec383d92a89c,LP6005441-DNA_B07.srt.aln.bam,Female,LP6005441-DNA_B07,hs37d5,HGDP01323,S_Lahu-1,SGDP-Lahu,WGS,Genomic_from_cell_lines,Illumina
drs://cgc-ga4gh-api.sbgenomics.com/58b5786ae4b0ec383d92a89d,LP6005441-DNA_D05.annotated.nh.vcf.gz.tbi,Female,LP6005441-DNA_D05,hs37d5,HGDP00783,S_Han-1,SGDP-Han,WGS,Genomic_from_cell_lines,Illumina
drs://cgc-ga4gh-api.sbgenomics.com/58b5786ae4b0ec383d92a89e,LP6005441-DNA_H11.annotated.nh.vcf.gz.tbi,Female,LP6005441-DNA_H11,hs37d5,HGDP00195,S_Sindhi-2,SGDP-Sindhi,WGS,Genomic_from_cell_lines,Illumina
drs://cgc-ga4gh-api.sbgenomics.com/58b5786ae4b0ec383d92a89f,LP6005443-DNA_B09.annotated.nh.vcf.gz,Male,LP6005443-DNA_B09,hs37d5,DNK11,S_Dinka-2,SGDP-Dinka,WGS,Genomic_from_saliva,Illumina
drs://cgc-ga4gh-api.sbgenomics.com/58b5786ae4b0ec383d92a8a0,LP6005443-DNA_F06.annotated.nh.vcf.gz.tbi,Male,LP6005443-DNA_F06,hs37d5,NA21490,S_Masai-1,SGDP-Masai,WGS,Genomic_from_cell_lines,Illumina
drs://cgc-ga4gh-api.sbgenomics.com/58b5786ae4b0ec383d92a8a1,LP6005443-DNA_H02.annotated.nh.vcf.gz,Female,LP6005443-DNA_H02,hs37d5,Ale20,S_Aleut-2,SGDP-Aleut,WGS,Genomic_from_blood,Illumina
drs://cgc-ga4gh-api.sbgenomics.com/58b5786ae4b0ec383d92a8a2,LP6005441-DNA_A06.srt.aln.bam.bai,Male,LP6005441-DNA_A06,hs37d5,HGDP01153,S_Bergamo-1,SGDP-Bergamo,WGS,Genomic_from_cell_lines,Illumina
drs://cgc-ga4gh-api.sbgenomics.com/58b5786ae4b0ec383d92a8a3,LP6005441-DNA_F07.annotated.nh.vcf.gz,Female,LP6005441-DNA_F07,hs37d5,HGDP00915,S_Mandenka-2,SGDP-Mandenka,WGS,Genomic_from_cell_lines,Illumina
drs://cgc-ga4gh-api.sbgenomics.com/58b5786ae4b0ec383d92a8a4,LP6005443-DNA_G01.annotated.nh.vcf.gz,Female,LP6005443-DNA_G01,hs37d5,HGDP01335,S_She-1,SGDP-She,WGS,Genomic_from_cell_lines,Illumina
drs://cgc-ga4gh-api.sbgenomics.com/58b5786ae4b0ec383d92a8a5,LP6005592-DNA_A04.srt.aln.bam,Female,LP6005592-DNA_A04,hs37d5,HG02494,S_Punjabi-4,SGDP-Punjabi,WGS,Genomic_from_cell_lines,Illumina
drs://cgc-ga4gh-api.sbgenomics.com/58b5786ae4b0ec383d92a8a6,LP6005441-DNA_G07.annotated.nh.vcf.gz.tbi,Female,LP6005441-DNA_G07,hs37d5,HGDP00855,S_Mayan-1,SGDP-Mayan,WGS,Genomic_from_cell_lines,Illumina
drs://cgc-ga4gh-api.sbgenomics.com/58b5786ae4b0ec383d92a8a7,LP6005442-DNA_B11.srt.aln.bam.bai,Female,LP6005442-DNA_B11,hs37d5,HG01504,S_Spanish-2,SGDP-Spanish,WGS,Genomic_from_cell_lines,Illumina
drs://cgc-ga4gh-api.sbgenomics.com/58b5786ae4b0ec383d92a8a8,LP6005441-DNA_E06.annotated.nh.vcf.gz,Male,LP6005441-DNA_E06,hs37d5,HGDP00328,S_Kalash-1,SGDP-Kalash,WGS,Genomic_from_cell_lines,Illumina
drs://cgc-ga4gh-api.sbgenomics.com/58b5786ae4b0ec383d92a8a9,LP6005677-DNA_G01.annotated.nh.vcf.gz,Male,LP6005677-DNA_G01,hs37d5,Ayodo_430C,S_Luo-1,SGDP-Luo,WGS,Genomic_from_blood,Illumina
drs://cgc-ga4gh-api.sbgenomics.com/58b5786ae4b0ec383d92a8aa,LP6005441-DNA_F01.annotated.nh.vcf.gz.tbi,Male,LP6005441-DNA_F01,hs37d5,HGDP01035,S_BantuHerero-2,SGDP-BantuHerero,WGS,Genomic_from_cell_lines,Illumina
drs://cgc-ga4gh-api.sbgenomics.com/58b5786ae4b0ec383d92a8ab,LP6005441-DNA_H05.annotated.nh.vcf.gz,Female,LP6005441-DNA_H05,hs37d5,HGDP01242,S_Hezhen-2,SGDP-Hezhen,WGS,Genomic_from_cell_lines,Illumina
drs://cgc-ga4gh-api.sbgenomics.com/58b5786ae4b0ec383d92a8ac,LP6005519-DNA_D03.annotated.nh.vcf.gz.tbi,Male,LP6005519-DNA_D03,hs37d5,tdj430_shugnan,S_Tajik-2,SGDP-Tajik,WGS,Genomic_from_blood,Illumina
drs://cgc-ga4gh-api.sbgenomics.com/58b5786ae4b0ec383d92a8ad,LP6005443-DNA_H02.annotated.nh.vcf.gz.tbi,Female,LP6005443-DNA_H02,hs37d5,Ale20,S_Aleut-2,SGDP-Aleut,WGS,Genomic_from_blood,Illumina
drs://cgc-ga4gh-api.sbgenomics.com/58b5786ae4b0ec383d92a8ae,LP6005441-DNA_C11.srt.aln.bam,Male,LP6005441-DNA_C11,hs37d5,HGDP01079,S_Sardinian-1,SGDP-Sardinian,WGS,Genomic_from_cell_lines,Illumina
drs://cgc-ga4gh-api.sbgenomics.com/58b5786ae4b0ec383d92a8af,LP6005441-DNA_F03.annotated.nh.vcf.gz,Female,LP6005441-DNA_F03,hs37d5,HGDP00338,S_Burusho-2,SGDP-Burusho,WGS,Genomic_from_cell_lines,Illumina
drs://cgc-ga4gh-api.sbgenomics.com/58b5786ae4b0ec383d92a8b0,LP6005519-DNA_B04.srt.aln.bam.bai,Male,LP6005519-DNA_B04,hs37d5,K4,S_Kapu-2,SGDP-Kapu,WGS,Genomic_from_blood,Illumina
drs://cgc-ga4gh-api.sbgenomics.com/58b5786ae4b0ec383d92a8b1,LP6005441-DNA_A03.annotated.nh.vcf.gz.tbi,Female,LP6005441-DNA_A03,hs37d5,HGDP00656,S_Bougainville-2,SGDP-Bougainville,WGS,Genomic_from_cell_lines,Illumina
drs://cgc-ga4gh-api.sbgenomics.com/58b5786ae4b0ec383d92a8b2,SS6004479.annotated.nh.vcf.gz,Female,SS6004479,hs37d5,mixe0007,B_Mixe-1,SGDP-Mixe,WGS,Genomic_from_cell_lines,Illumina
drs://cgc-ga4gh-api.sbgenomics.com/58b5786ae4b0ec383d92a8b3,LP6005441-DNA_C06.srt.aln.bam.bai,Male,LP6005441-DNA_C06,hs37d5,HGDP00749,S_Japanese-1,SGDP-Japanese,WGS,Genomic_from_cell_lines,Illumina
drs://cgc-ga4gh-api.sbgenomics.com/58b5786ae4b0ec383d92a8b4,LP6005443-DNA_C04.annotated.nh.vcf.gz.tbi,Male,LP6005443-DNA_C04,hs37d5,Nlk18,S_Even-2,SGDP-Even,WGS,Genomic_from_blood,Illumina
drs://cgc-ga4gh-api.sbgenomics.com/58b5786ae4b0ec383d92a8b5,LP6005442-DNA_A11.srt.aln.bam.bai,Male,LP6005442-DNA_A11,hs37d5,HG01503,S_Spanish-1,SGDP-Spanish,WGS,Genomic_from_cell_lines,Illumina
drs://cgc-ga4gh-api.sbgenomics.com/58b5786ae4b0ec383d92a8b6,LP6005443-DNA_D09.annotated.nh.vcf.gz.tbi,Male,LP6005443-DNA_D09,hs37d5,Kusunda15,S_Kusunda-2,SGDP-Kusunda,WGS,Genomic_from_saliva,Illumina
drs://cgc-ga4gh-api.sbgenomics.com/58b5786ae4b0ec383d92a8b7,SS6004475.srt.aln.bam.bai,Male,SS6004475,hs37d5,HGDP00936,B_Yoruba-3,SGDP-Yoruba,WGS,Genomic_from_cell_lines,Illumina
drs://cgc-ga4gh-api.sbgenomics.com/58b5786ae4b0ec383d92a8b8,LP6005441-DNA_B08.annotated.nh.vcf.gz.tbi,Female,LP6005441-DNA_B08,hs37d5,HGDP00476,S_Mbuti-2,SGDP-Mbuti,WGS,Genomic_from_cell_lines,Illumina
drs://cgc-ga4gh-api.sbgenomics.com/58b5786ae4b0ec383d92a8b9,LP6005443-DNA_G07.srt.aln.bam.bai,Male,LP6005443-DNA_G07,hs37d5,HGDP00556,S_Papuan-12,SGDP-Papuan,WGS,Genomic_from_cell_lines,Illumina
drs://cgc-ga4gh-api.sbgenomics.com/58b5786ae4b0ec383d92a8ba,LP6005443-DNA_E10.srt.aln.bam.bai,Male,LP6005443-DNA_E10,hs37d5,NorthOssetia12,S_North_Ossetian-1,SGDP-North_Ossetian,WGS,Genomic_from_blood,Illumina
drs://cgc-ga4gh-api.sbgenomics.com/58b5786ae4b0ec383d92a8bb,LP6005519-DNA_D04.srt.aln.bam.bai,Male,LP6005519-DNA_D04,hs37d5,Y8,S_Yadava-2,SGDP-Yadava,WGS,Genomic_from_blood,Illumina
drs://cgc-ga4gh-api.sbgenomics.com/58b5786ae4b0ec383d92a8bc,LP6005519-DNA_G04.srt.aln.bam,Male,LP6005519-DNA_G04,hs37d5,M4,S_Madiga-1,SGDP-Madiga,WGS,Genomic_from_blood,Illumina
drs://cgc-ga4gh-api.sbgenomics.com/58b5786ae4b0ec383d92a8bd,LP6005519-DNA_G03.srt.aln.bam,Male,LP6005519-DNA_G03,hs37d5,B11,S_Brahmin-1,SGDP-Brahmin,WGS,Genomic_from_blood,Illumina
drs://cgc-ga4gh-api.sbgenomics.com/58b5786ae4b0ec383d92a8be,LP6005441-DNA_C08.annotated.nh.vcf.gz,Male,LP6005441-DNA_C08,hs37d5,HGDP01191,S_Miao-1,SGDP-Miao,WGS,Genomic_from_cell_lines,Illumina
drs://cgc-ga4gh-api.sbgenomics.com/58b5786ae4b0ec383d92a8bf,LP6005442-DNA_A10.srt.aln.bam,Male,LP6005442-DNA_A10,hs37d5,HG03100,S_Esan-1,SGDP-Esan,WGS,Genomic_from_cell_lines,Illumina
drs://cgc-ga4gh-api.sbgenomics.com/58b5786ae4b0ec383d92a8c0,LP6005443-DNA_A08.srt.aln.bam.bai,Male,LP6005443-DNA_A08,hs37d5,HGDP00549,S_Papuan-8,SGDP-Papuan,WGS,Genomic_from_cell_lines,Illumina
drs://cgc-ga4gh-api.sbgenomics.com/58b5786ae4b0ec383d92a8c1,LP6005442-DNA_A12.srt.aln.bam,Male,LP6005442-DNA_A12,hs37d5,HG02783,S_Punjabi-2,SGDP-Punjabi,WGS,Genomic_from_cell_lines,Illumina
drs://cgc-ga4gh-api.sbgenomics.com/58b5786ae4b0ec383d92a8c2,LP6005442-DNA_B04.annotated.nh.vcf.gz,Male,LP6005442-DNA_B04,hs37d5,mg27,S_Georgian-1,SGDP-Georgian,WGS,Genomic_from_blood,Illumina
drs://cgc-ga4gh-api.sbgenomics.com/58b5786ae4b0ec383d92a8c3,LP6005677-DNA_E01.annotated.nh.vcf.gz.tbi,Male,LP6005677-DNA_E01,hs37d5,NA11200,S_Quechua-2,SGDP-Quechua,WGS,Genomic_from_cell_lines,Illumina
drs://cgc-ga4gh-api.sbgenomics.com/58b5786ae4b0ec383d92a8c4,LP6005443-DNA_A02.srt.aln.bam.bai,Male,LP6005443-DNA_A02,hs37d5,HGDP01095,S_Tujia-1,SGDP-Tujia,WGS,Genomic_from_cell_lines,Illumina
drs://cgc-ga4gh-api.sbgenomics.com/58b5786ae4b0ec383d92a8c5,LP6005619-DNA_B01.annotated.nh.vcf.gz.tbi,Male,LP6005619-DNA_B01,hs37d5,SAH31,S_Saharawi-1,SGDP-Saharawi,WGS,Genomic_from_blood,Illumina
drs://cgc-ga4gh-api.sbgenomics.com/58b5786ae4b0ec383d92a8c6,LP6005441-DNA_B10.srt.aln.bam,Female,LP6005441-DNA_B10,hs37d5,HGDP00550,S_Papuan-1,SGDP-Papuan,WGS,Genomic_from_cell_lines,Illumina
drs://cgc-ga4gh-api.sbgenomics.com/58b5786ae4b0ec383d92a8c7,LP6005442-DNA_C07.annotated.nh.vcf.gz.tbi,Male,LP6005442-DNA_C07,hs37d5,NA13607,S_Ami-1,SGDP-Ami,WGS,Genomic_from_cell_lines,Illumina
drs://cgc-ga4gh-api.sbgenomics.com/58b5786ae4b0ec383d92a8c8,LP6005592-DNA_F01.srt.aln.bam.bai,Female,LP6005592-DNA_F01,hs37d5,IraqiJew1771,S_Iraqi_Jew-1,SGDP-Iraqi_Jew,WGS,Genomic_from_cell_lines,Illumina
drs://cgc-ga4gh-api.sbgenomics.com/58b5786ae4b0ec383d92a8c9,LP6005441-DNA_C10.annotated.nh.vcf.gz,Male,LP6005441-DNA_C10,hs37d5,HGDP00216,S_Pathan-1,SGDP-Pathan,WGS,Genomic_from_cell_lines,Illumina
drs://cgc-ga4gh-api.sbgenomics.com/58b5786ae4b0ec383d92a8ca,LP6005441-DNA_A11.srt.aln.bam,Male,LP6005441-DNA_A11,hs37d5,HGDP01032,S_Ju_hoan_North-3,SGDP-Ju_hoan_North,WGS,Genomic_from_cell_lines,Illumina
drs://cgc-ga4gh-api.sbgenomics.com/58b5786ae4b0ec383d92a8cb,LP6005441-DNA_C06.srt.aln.bam,Male,LP6005441-DNA_C06,hs37d5,HGDP00749,S_Japanese-1,SGDP-Japanese,WGS,Genomic_from_cell_lines,Illumina
drs://cgc-ga4gh-api.sbgenomics.com/58b5786ae4b0ec383d92a8cc,LP6005443-DNA_F01.srt.aln.bam.bai,Male,LP6005443-DNA_F01,hs37d5,HGDP01333,S_She-2,SGDP-She,WGS,Genomic_from_cell_lines,Illumina
drs://cgc-ga4gh-api.sbgenomics.com/58b5786ae4b0ec383d92a8cd,LP6005619-DNA_C01.annotated.nh.vcf.gz.tbi,Male,LP6005619-DNA_C01,hs37d5,SAH41,S_Saharawi-2,SGDP-Saharawi,WGS,Genomic_from_blood,Illumina
drs://cgc-ga4gh-api.sbgenomics.com/58b5786ae4b0ec383d92a8ce,LP6005442-DNA_G12.annotated.nh.vcf.gz.tbi,Female,LP6005442-DNA_G12,hs37d5,Ul5,S_Ulchi-2,SGDP-Ulchi,WGS,Genomic_from_blood,Illumina
drs://cgc-ga4gh-api.sbgenomics.com/58b5786ae4b0ec383d92a8cf,LP6005443-DNA_F01.srt.aln.bam,Male,LP6005443-DNA_F01,hs37d5,HGDP01333,S_She-2,SGDP-She,WGS,Genomic_from_cell_lines,Illumina
drs://cgc-ga4gh-api.sbgenomics.com/58b5786ae4b0ec383d92a8d0,LP6005442-DNA_D01.annotated.nh.vcf.gz,Male,LP6005442-DNA_D01,hs37d5,HGDP01250,S_Xibo-1,SGDP-Xibo,WGS,Genomic_from_cell_lines,Illumina
drs://cgc-ga4gh-api.sbgenomics.com/58b5786ae4b0ec383d92a8d1,LP6005442-DNA_H03.srt.aln.bam,Male,LP6005442-DNA_H03,hs37d5,Est375,S_Estonian-1,SGDP-Estonian,WGS,Genomic_from_blood,Illumina
drs://cgc-ga4gh-api.sbgenomics.com/58b5786ae4b0ec383d92a8d2,LP6005443-DNA_H07.annotated.nh.vcf.gz,Male,LP6005443-DNA_H07,hs37d5,HGDP00540,S_Papuan-2,SGDP-Papuan,WGS,Genomic_from_cell_lines,Illumina
drs://cgc-ga4gh-api.sbgenomics.com/58b5786ae4b0ec383d92a8d3,LP6005441-DNA_C09.annotated.nh.vcf.gz,Male,LP6005441-DNA_C09,hs37d5,HGDP00798,S_Orcadian-1,SGDP-Orcadian,WGS,Genomic_from_cell_lines,Illumina
drs://cgc-ga4gh-api.sbgenomics.com/58b5786ae4b0ec383d92a8d4,LP6005519-DNA_G03.annotated.nh.vcf.gz,Male,LP6005519-DNA_G03,hs37d5,B11,S_Brahmin-1,SGDP-Brahmin,WGS,Genomic_from_blood,Illumina
drs://cgc-ga4gh-api.sbgenomics.com/58b5786ae4b0ec383d92a8d5,LP6005443-DNA_C02.srt.aln.bam.bai,Male,LP6005443-DNA_C02,hs37d5,HGDP01246,S_Xibo-2,SGDP-Xibo,WGS,Genomic_from_cell_lines,Illumina
drs://cgc-ga4gh-api.sbgenomics.com/58b5786ae4b0ec383d92a8d6,LP6005677-DNA_C03.srt.aln.bam,Male,LP6005677-DNA_C03,hs37d5,Kayseri23827,S_Turkish-1,SGDP-Turkish,WGS,Genomic_from_blood,Illumina
drs://cgc-ga4gh-api.sbgenomics.com/58b5786ae4b0ec383d92a8d7,LP6005677-DNA_A03.srt.aln.bam,Female,LP6005677-DNA_A03,hs37d5,Kayseri24424,S_Turkish-2,SGDP-Turkish,WGS,Genomic_from_blood,Illumina
drs://cgc-ga4gh-api.sbgenomics.com/58b5786ae4b0ec383d92a8d8,LP6005441-DNA_B03.annotated.nh.vcf.gz.tbi,Female,LP6005441-DNA_B03,hs37d5,HGDP00660,S_Bougainville-1,SGDP-Bougainville,WGS,Genomic_from_cell_lines,Illumina
drs://cgc-ga4gh-api.sbgenomics.com/58b5786ae4b0ec383d92a8d9,LP6005443-DNA_B10.srt.aln.bam.bai,Male,LP6005443-DNA_B10,hs37d5,iran11,S_Iranian-2,SGDP-Iranian,WGS,Genomic_from_blood,Illumina
drs://cgc-ga4gh-api.sbgenomics.com/58b5786ae4b0ec383d92a8da,LP6005442-DNA_A08.srt.aln.bam.bai,Male,LP6005442-DNA_A08,hs37d5,NA15202,S_Hungarian-2,SGDP-Hungarian,WGS,Genomic_from_cell_lines,Illumina
drs://cgc-ga4gh-api.sbgenomics.com/58b5786ae4b0ec383d92a8db,LP6005443-DNA_C08.srt.aln.bam.bai,Male,LP6005443-DNA_C08,hs37d5,HGDP00547,S_Papuan-6,SGDP-Papuan,WGS,Genomic_from_cell_lines,Illumina
drs://cgc-ga4gh-api.sbgenomics.com/58b5786ae4b0ec383d92a8dc,LP6005443-DNA_A03.annotated.nh.vcf.gz,Male,LP6005443-DNA_A03,hs37d5,Ale22,S_Aleut-1,SGDP-Aleut,WGS,Genomic_from_blood,Illumina
drs://cgc-ga4gh-api.sbgenomics.com/58b5786ae4b0ec383d92a8dd,SS6004477.srt.aln.bam,Male,SS6004477,hs37d5,IHW9193,B_Australian-4,SGDP-Australian,WGS,Genomic_from_cell_lines,Illumina
drs://cgc-ga4gh-api.sbgenomics.com/58b5786ae4b0ec383d92a8de,LP6005442-DNA_A02.srt.aln.bam.bai,Male,LP6005442-DNA_A02,hs37d5,HGDP00932,S_Yoruba-2,SGDP-Yoruba,WGS,Genomic_from_cell_lines,Illumina
drs://cgc-ga4gh-api.sbgenomics.com/58b5786ae4b0ec383d92a8df,SS6004469.srt.aln.bam,Male,SS6004469,hs37d5,HGDP00775,B_Han-3,SGDP-Han,WGS,Genomic_from_cell_lines,Illumina
drs://cgc-ga4gh-api.sbgenomics.com/58b5786ae4b0ec383d92a8e0,LP6005592-DNA_B03.srt.aln.bam,Male,LP6005592-DNA_B03,hs37d5,HGDP00722,S_Palestinian-1,SGDP-Palestinian,WGS,Genomic_from_cell_lines,Illumina
drs://cgc-ga4gh-api.sbgenomics.com/58b5786ae4b0ec383d92a8e1,LP6005442-DNA_C11.annotated.nh.vcf.gz,Male,LP6005442-DNA_C11,hs37d5,HG01846,S_Kinh-2,SGDP-Kinh,WGS,Genomic_from_cell_lines,Illumina
drs://cgc-ga4gh-api.sbgenomics.com/58b5786ae4b0ec383d92a8e2,LP6005441-DNA_G03.srt.aln.bam.bai,Male,LP6005441-DNA_G03,hs37d5,HGDP00717,S_Cambodian-1,SGDP-Cambodian,WGS,Genomic_from_cell_lines,Illumina
drs://cgc-ga4gh-api.sbgenomics.com/58b5786ae4b0ec383d92a8e3,LP6005442-DNA_D11.annotated.nh.vcf.gz.tbi,Female,LP6005442-DNA_D11,hs37d5,HG01600,S_Kinh-1,SGDP-Kinh,WGS,Genomic_from_cell_lines,Illumina
drs://cgc-ga4gh-api.sbgenomics.com/58b5786ae4b0ec383d92a8e4,LP6005442-DNA_B02.srt.aln.bam.bai,Female,LP6005442-DNA_B02,hs37d5,HGDP00928,S_Yoruba-1,SGDP-Yoruba,WGS,Genomic_from_cell_lines,Illumina
drs://cgc-ga4gh-api.sbgenomics.com/58b5786ae4b0ec383d92a8e5,LP6005677-DNA_A03.annotated.nh.vcf.gz,Female,LP6005677-DNA_A03,hs37d5,Kayseri24424,S_Turkish-2,SGDP-Turkish,WGS,Genomic_from_blood,Illumina
drs://cgc-ga4gh-api.sbgenomics.com/58b5786ae4b0ec383d92a8e6,LP6005443-DNA_F03.srt.aln.bam,Female,LP6005443-DNA_F03,hs37d5,Nesk_22,S_Eskimo_Naukan-1,SGDP-Eskimo_Naukan,WGS,Genomic_from_blood,Illumina
drs://cgc-ga4gh-api.sbgenomics.com/58b5786ae4b0ec383d92a8e7,LP6005443-DNA_D02.srt.aln.bam.bai,Male,LP6005443-DNA_D02,hs37d5,HGDP00951,S_Yakut-2,SGDP-Yakut,WGS,Genomic_from_cell_lines,Illumina
drs://cgc-ga4gh-api.sbgenomics.com/58b5786ae4b0ec383d92a8e8,LP6005443-DNA_D08.srt.aln.bam.bai,Female,LP6005443-DNA_D08,hs37d5,HGDP00552,S_Papuan-13,SGDP-Papuan,WGS,Genomic_from_cell_lines,Illumina
drs://cgc-ga4gh-api.sbgenomics.com/58b5786ae4b0ec383d92a8e9,LP6005441-DNA_D10.srt.aln.bam,Female,LP6005441-DNA_D10,hs37d5,HGDP00232,S_Pathan-2,SGDP-Pathan,WGS,Genomic_from_cell_lines,Illumina
drs://cgc-ga4gh-api.sbgenomics.com/58b5786ae4b0ec383d92a8ea,LP6005443-DNA_H08.annotated.nh.vcf.gz.tbi,Male,LP6005443-DNA_H08,hs37d5,DNK05,S_Dinka-1,SGDP-Dinka,WGS,Genomic_from_saliva,Illumina
drs://cgc-ga4gh-api.sbgenomics.com/58b5786ae4b0ec383d92a8eb,LP6005592-DNA_E01.srt.aln.bam.bai,Male,LP6005592-DNA_E01,hs37d5,IraqiJew4291,S_Iraqi_Jew-2,SGDP-Iraqi_Jew,WGS,Genomic_from_cell_lines,Illumina
drs://cgc-ga4gh-api.sbgenomics.com/58b5786ae4b0ec383d92a8ec,LP6005443-DNA_H03.annotated.nh.vcf.gz.tbi,Female,LP6005443-DNA_H03,hs37d5,Sir40,S_Eskimo_Sireniki-2,SGDP-Eskimo_Sireniki,WGS,Genomic_from_blood,Illumina
drs://cgc-ga4gh-api.sbgenomics.com/58b5786ae4b0ec383d92a8ed,LP6005441-DNA_E05.annotated.nh.vcf.gz.tbi,Male,LP6005441-DNA_E05,hs37d5,HGDP00125,S_Hazara-2,SGDP-Hazara,WGS,Genomic_from_cell_lines,Illumina
drs://cgc-ga4gh-api.sbgenomics.com/58b5786ae4b0ec383d92a8ee,LP6005442-DNA_B10.annotated.nh.vcf.gz,Female,LP6005442-DNA_B10,hs37d5,HG02943,S_Esan-2,SGDP-Esan,WGS,Genomic_from_cell_lines,Illumina
drs://cgc-ga4gh-api.sbgenomics.com/58b5786ae4b0ec383d92a8ef,LP6005441-DNA_C08.srt.aln.bam,Male,LP6005441-DNA_C08,hs37d5,HGDP01191,S_Miao-1,SGDP-Miao,WGS,Genomic_from_cell_lines,Illumina
drs://cgc-ga4gh-api.sbgenomics.com/58b5786ae4b0ec383d92a8f0,LP6005442-DNA_B08.srt.aln.bam.bai,Female,LP6005442-DNA_B08,hs37d5,NA15203,S_Hungarian-1,SGDP-Hungarian,WGS,Genomic_from_cell_lines,Illumina
drs://cgc-ga4gh-api.sbgenomics.com/58b5786ae4b0ec383d92a8f1,SS6004475.srt.aln.bam,Male,SS6004475,hs37d5,HGDP00936,B_Yoruba-3,SGDP-Yoruba,WGS,Genomic_from_cell_lines,Illumina
drs://cgc-ga4gh-api.sbgenomics.com/58b5786ae4b0ec383d92a8f2,LP6005441-DNA_F05.srt.aln.bam.bai,Male,LP6005441-DNA_F05,hs37d5,HGDP00124,S_Hazara-1,SGDP-Hazara,WGS,Genomic_from_cell_lines,Illumina
drs://cgc-ga4gh-api.sbgenomics.com/58b5786ae4b0ec383d92a8f3,LP6005443-DNA_E07.annotated.nh.vcf.gz,Male,LP6005443-DNA_E07,hs37d5,HGDP00543,S_Papuan-4,SGDP-Papuan,WGS,Genomic_from_cell_lines,Illumina
drs://cgc-ga4gh-api.sbgenomics.com/58b5786ae4b0ec383d92a8f4,LP6005443-DNA_F10.srt.aln.bam.bai,Male,LP6005443-DNA_F10,hs37d5,NorthOssetia5,S_North_Ossetian-2,SGDP-North_Ossetian,WGS,Genomic_from_blood,Illumina
drs://cgc-ga4gh-api.sbgenomics.com/58b5786ae4b0ec383d92a8f5,LP6005443-DNA_A07.annotated.nh.vcf.gz.tbi,Male,LP6005443-DNA_A07,hs37d5,CHI-007,S_Thai-1,SGDP-Thai,WGS,Genomic_from_cell_lines,Illumina
drs://cgc-ga4gh-api.sbgenomics.com/58b5786ae4b0ec383d92a8f6,LP6005592-DNA_E01.annotated.nh.vcf.gz,Male,LP6005592-DNA_E01,hs37d5,IraqiJew4291,S_Iraqi_Jew-2,SGDP-Iraqi_Jew,WGS,Genomic_from_cell_lines,Illumina
drs://cgc-ga4gh-api.sbgenomics.com/58b5786ae4b0ec383d92a8f7,LP6005442-DNA_B08.annotated.nh.vcf.gz,Female,LP6005442-DNA_B08,hs37d5,NA15203,S_Hungarian-1,SGDP-Hungarian,WGS,Genomic_from_cell_lines,Illumina
drs://cgc-ga4gh-api.sbgenomics.com/58b5786ae4b0ec383d92a8f8,LP6005443-DNA_A02.annotated.nh.vcf.gz.tbi,Male,LP6005443-DNA_A02,hs37d5,HGDP01095,S_Tujia-1,SGDP-Tujia,WGS,Genomic_from_cell_lines,Illumina
drs://cgc-ga4gh-api.sbgenomics.com/58b5786ae4b0ec383d92a8f9,LP6005677-DNA_D01.srt.aln.bam,Male,LP6005677-DNA_D01,hs37d5,zapo0099,S_Zapotec-2,SGDP-Zapotec,WGS,Genomic_from_cell_lines,Illumina
drs://cgc-ga4gh-api.sbgenomics.com/58b5786ae4b0ec383d92a8fa,LP6005442-DNA_H01.annotated.nh.vcf.gz,Female,LP6005442-DNA_H01,hs37d5,HGDP01188,S_Yi-2,SGDP-Yi,WGS,Genomic_from_cell_lines,Illumina
drs://cgc-ga4gh-api.sbgenomics.com/58b5786ae4b0ec383d92a8fb,LP6005443-DNA_H03.annotated.nh.vcf.gz,Female,LP6005443-DNA_H03,hs37d5,Sir40,S_Eskimo_Sireniki-2,SGDP-Eskimo_Sireniki,WGS,Genomic_from_blood,Illumina
drs://cgc-ga4gh-api.sbgenomics.com/58b5786ae4b0ec383d92a8fc,LP6005443-DNA_E08.annotated.nh.vcf.gz,Female,LP6005443-DNA_E08,hs37d5,HGDP00554,S_Papuan-14,SGDP-Papuan,WGS,Genomic_from_cell_lines,Illumina
drs://cgc-ga4gh-api.sbgenomics.com/58b5786ae4b0ec383d92a8fd,LP6005441-DNA_A11.annotated.nh.vcf.gz.tbi,Male,LP6005441-DNA_A11,hs37d5,HGDP01032,S_Ju_hoan_North-3,SGDP-Ju_hoan_North,WGS,Genomic_from_cell_lines,Illumina
drs://cgc-ga4gh-api.sbgenomics.com/58b5786ae4b0ec383d92a8fe,LP6005441-DNA_H12.annotated.nh.vcf.gz.tbi,Female,LP6005441-DNA_H12,hs37d5,HGDP01168,S_Tuscan-1,SGDP-Tuscan,WGS,Genomic_from_cell_lines,Illumina
drs://cgc-ga4gh-api.sbgenomics.com/58b5786ae4b0ec383d92a8ff,SS6004480.srt.aln.bam,Male,SS6004480,hs37d5,DNK07,B_Dinka-3,SGDP-Dinka,WGS,Genomic_from_saliva,Illumina
drs://cgc-ga4gh-api.sbgenomics.com/58b5786ae4b0ec383d92a900,LP6005441-DNA_E02.annotated.nh.vcf.gz,Male,LP6005441-DNA_E02,hs37d5,HGDP00616,S_BedouinB-1,SGDP-BedouinB,WGS,Genomic_from_cell_lines,Illumina
drs://cgc-ga4gh-api.sbgenomics.com/58b5786ae4b0ec383d92a901,LP6005441-DNA_F08.annotated.nh.vcf.gz,Female,LP6005441-DNA_F08,hs37d5,HGDP01223,S_Mongola-2,SGDP-Mongola,WGS,Genomic_from_cell_lines,Illumina
drs://cgc-ga4gh-api.sbgenomics.com/58b5786ae4b0ec383d92a902,LP6005443-DNA_B07.annotated.nh.vcf.gz.tbi,Female,LP6005443-DNA_B07,hs37d5,CHI-034,S_Thai-2,SGDP-Thai,WGS,Genomic_from_cell_lines,Illumina
drs://cgc-ga4gh-api.sbgenomics.com/58b5786ae4b0ec383d92a903,SS6004473.annotated.nh.vcf.gz.tbi,Male,SS6004473,hs37d5,HGDP01036,B_Ju_hoan_North-4,SGDP-Ju_hoan_North,WGS,Genomic_from_cell_lines,Illumina
drs://cgc-ga4gh-api.sbgenomics.com/58b5786ae4b0ec383d92a904,LP6005442-DNA_A02.annotated.nh.vcf.gz,Male,LP6005442-DNA_A02,hs37d5,HGDP00932,S_Yoruba-2,SGDP-Yoruba,WGS,Genomic_from_cell_lines,Illumina
drs://cgc-ga4gh-api.sbgenomics.com/58b5786be4b0ec383d92a905,LP6007068-DNA_A01.srt.aln.bam,Male,LP6007068-DNA_A01,hs37d5,TZ-11,B_Crete-2,SGDP-Crete,WGS,Genomic_from_blood,Illumina
drs://cgc-ga4gh-api.sbgenomics.com/58b5786be4b0ec383d92a906,SS6004478.annotated.nh.vcf.gz.tbi,Not available,SS6004478,hs37d5,IHW9118,B_Australian-3,SGDP-Australian,WGS,Genomic_from_cell_lines,Illumina
drs://cgc-ga4gh-api.sbgenomics.com/58b5786be4b0ec383d92a907,LP6005442-DNA_F10.annotated.nh.vcf.gz,Female,LP6005442-DNA_F10,hs37d5,HG00128,S_English-2,SGDP-English,WGS,Genomic_from_cell_lines,Illumina
drs://cgc-ga4gh-api.sbgenomics.com/58b5786be4b0ec383d92a908,LP6005441-DNA_B04.srt.aln.bam,Female,LP6005441-DNA_B04,hs37d5,HGDP00706,S_Piapoco-2,SGDP-Piapoco,WGS,Genomic_from_cell_lines,Illumina
drs://cgc-ga4gh-api.sbgenomics.com/58b5786be4b0ec383d92a909,LP6005441-DNA_G08.annotated.nh.vcf.gz.tbi,Male,LP6005441-DNA_G08,hs37d5,HGDP01253,S_Mozabite-1,SGDP-Mozabite,WGS,Genomic_from_cell_lines,Illumina
drs://cgc-ga4gh-api.sbgenomics.com/58b5786be4b0ec383d92a90a,LP6005443-DNA_H01.srt.aln.bam,Male,LP6005443-DNA_H01,hs37d5,HGDP01350,S_Tu-1,SGDP-Tu,WGS,Genomic_from_cell_lines,Illumina
drs://cgc-ga4gh-api.sbgenomics.com/58b5786be4b0ec383d92a90b,LP6005441-DNA_D06.srt.aln.bam.bai,Female,LP6005441-DNA_D06,hs37d5,HGDP00773,S_Japanese-2,SGDP-Japanese,WGS,Genomic_from_cell_lines,Illumina
drs://cgc-ga4gh-api.sbgenomics.com/58b5786be4b0ec383d92a90c,LP6005443-DNA_H03.srt.aln.bam,Female,LP6005443-DNA_H03,hs37d5,Sir40,S_Eskimo_Sireniki-2,SGDP-Eskimo_Sireniki,WGS,Genomic_from_blood,Illumina
drs://cgc-ga4gh-api.sbgenomics.com/58b5786be4b0ec383d92a90d,LP6005443-DNA_B10.annotated.nh.vcf.gz,Male,LP6005443-DNA_B10,hs37d5,iran11,S_Iranian-2,SGDP-Iranian,WGS,Genomic_from_blood,Illumina
drs://cgc-ga4gh-api.sbgenomics.com/58b5786be4b0ec383d92a90e,LP6005441-DNA_B02.srt.aln.bam,Female,LP6005441-DNA_B02,hs37d5,HGDP01414,S_BantuKenya-2,SGDP-BantuKenya,WGS,Genomic_from_cell_lines,Illumina
drs://cgc-ga4gh-api.sbgenomics.com/58b5786be4b0ec383d92a90f,LP6005442-DNA_A04.srt.aln.bam,Male,LP6005442-DNA_A04,hs37d5,mg31,S_Georgian-2,SGDP-Georgian,WGS,Genomic_from_blood,Illumina
drs://cgc-ga4gh-api.sbgenomics.com/58b5786be4b0ec383d92a910,LP6005592-DNA_B02.annotated.nh.vcf.gz,Male,LP6005592-DNA_B02,hs37d5,NA17386,S_Maori-1,SGDP-Maori,WGS,Genomic_from_cell_lines,Illumina
drs://cgc-ga4gh-api.sbgenomics.com/58b5786be4b0ec383d92a911,LP6005441-DNA_B07.annotated.nh.vcf.gz,Female,LP6005441-DNA_B07,hs37d5,HGDP01323,S_Lahu-1,SGDP-Lahu,WGS,Genomic_from_cell_lines,Illumina
drs://cgc-ga4gh-api.sbgenomics.com/58b5786be4b0ec383d92a912,LP6005441-DNA_A01.annotated.nh.vcf.gz,Male,LP6005441-DNA_A01,hs37d5,HGDP01402,S_Adygei-1,SGDP-Adygei,WGS,Genomic_from_cell_lines,Illumina
drs://cgc-ga4gh-api.sbgenomics.com/58b5786be4b0ec383d92a913,LP6005443-DNA_F07.srt.aln.bam.bai,Male,LP6005443-DNA_F07,hs37d5,HGDP00548,S_Papuan-7,SGDP-Papuan,WGS,Genomic_from_cell_lines,Illumina
drs://cgc-ga4gh-api.sbgenomics.com/58b5786be4b0ec383d92a914,LP6007069-DNA_A01.srt.aln.bam,Female,LP6007069-DNA_A01,hs37d5,AV-21,B_Crete-1,SGDP-Crete,WGS,Genomic_from_blood,Illumina
drs://cgc-ga4gh-api.sbgenomics.com/58b5786be4b0ec383d92a915,LP6005441-DNA_A08.srt.aln.bam,Male,LP6005441-DNA_A08,hs37d5,HGDP00449,S_Mbuti-3,SGDP-Mbuti,WGS,Genomic_from_cell_lines,Illumina
drs://cgc-ga4gh-api.sbgenomics.com/58b5786be4b0ec383d92a916,LP6005443-DNA_G05.srt.aln.bam.bai,Male,LP6005443-DNA_G05,hs37d5,NA13616,S_Ami-2,SGDP-Ami,WGS,Genomic_from_cell_lines,Illumina
drs://cgc-ga4gh-api.sbgenomics.com/58b5786be4b0ec383d92a917,LP6005443-DNA_D02.annotated.nh.vcf.gz,Male,LP6005443-DNA_D02,hs37d5,HGDP00951,S_Yakut-2,SGDP-Yakut,WGS,Genomic_from_cell_lines,Illumina
drs://cgc-ga4gh-api.sbgenomics.com/58b5786be4b0ec383d92a918,LP6005519-DNA_C04.srt.aln.bam.bai,Male,LP6005519-DNA_C04,hs37d5,Y4,S_Yadava-1,SGDP-Yadava,WGS,Genomic_from_blood,Illumina
drs://cgc-ga4gh-api.sbgenomics.com/58b5786be4b0ec383d92a919,LP6005677-DNA_A03.srt.aln.bam.bai,Female,LP6005677-DNA_A03,hs37d5,Kayseri24424,S_Turkish-2,SGDP-Turkish,WGS,Genomic_from_blood,Illumina
drs://cgc-ga4gh-api.sbgenomics.com/58b5786be4b0ec383d92a91a,LP6005441-DNA_A06.srt.aln.bam,Male,LP6005441-DNA_A06,hs37d5,HGDP01153,S_Bergamo-1,SGDP-Bergamo,WGS,Genomic_from_cell_lines,Illumina
drs://cgc-ga4gh-api.sbgenomics.com/58b5786be4b0ec383d92a91b,LP6005592-DNA_C01.annotated.nh.vcf.gz.tbi,Female,LP6005592-DNA_C01,hs37d5,Utsa21,S_Saami-1,SGDP-Saami,WGS,Genomic_from_saliva,Illumina
drs://cgc-ga4gh-api.sbgenomics.com/58b5786be4b0ec383d92a91c,LP6005592-DNA_B04.srt.aln.bam.bai,Male,LP6005592-DNA_B04,hs37d5,HG02724,S_Punjabi-1,SGDP-Punjabi,WGS,Genomic_from_cell_lines,Illumina
drs://cgc-ga4gh-api.sbgenomics.com/58b5786be4b0ec383d92a91d,LP6005441-DNA_A04.annotated.nh.vcf.gz.tbi,Female,LP6005441-DNA_A04,hs37d5,HGDP00702,S_Piapoco-1,SGDP-Piapoco,WGS,Genomic_from_cell_lines,Illumina
drs://cgc-ga4gh-api.sbgenomics.com/58b5786be4b0ec383d92a91e,LP6005592-DNA_D03.srt.aln.bam.bai,Female,LP6005592-DNA_D03,hs37d5,HGDP01314,S_Dai-1,SGDP-Dai,WGS,Genomic_from_cell_lines,Illumina
drs://cgc-ga4gh-api.sbgenomics.com/58b5786be4b0ec383d92a91f,SS6004470.srt.aln.bam.bai,Male,SS6004470,hs37d5,HGDP01286,B_Mandenka-3,SGDP-Mandenka,WGS,Genomic_from_cell_lines,Illumina
drs://cgc-ga4gh-api.sbgenomics.com/58b5786be4b0ec383d92a920,LP6005441-DNA_A10.annotated.nh.vcf.gz.tbi,Male,LP6005441-DNA_A10,hs37d5,HGDP00541,S_Papuan-3,SGDP-Papuan,WGS,Genomic_from_cell_lines,Illumina
drs://cgc-ga4gh-api.sbgenomics.com/58b5786be4b0ec383d92a921,LP6005441-DNA_C05.srt.aln.bam.bai,Male,LP6005441-DNA_C05,hs37d5,HGDP00785,S_Han-2,SGDP-Han,WGS,Genomic_from_cell_lines,Illumina
drs://cgc-ga4gh-api.sbgenomics.com/58b5786be4b0ec383d92a922,LP6005441-DNA_H08.annotated.nh.vcf.gz,Female,LP6005441-DNA_H08,hs37d5,HGDP01274,S_Mozabite-2,SGDP-Mozabite,WGS,Genomic_from_cell_lines,Illumina
drs://cgc-ga4gh-api.sbgenomics.com/58b5786be4b0ec383d92a923,LP6005519-DNA_C05.annotated.nh.vcf.gz,Male,LP6005519-DNA_C05,hs37d5,I1,S_Irula-1,SGDP-Irula,WGS,Genomic_from_blood,Illumina
drs://cgc-ga4gh-api.sbgenomics.com/58b5786be4b0ec383d92a924,LP6005441-DNA_D12.annotated.nh.vcf.gz.tbi,Female,LP6005441-DNA_D12,hs37d5,HGDP01355,S_Tu-2,SGDP-Tu,WGS,Genomic_from_cell_lines,Illumina
drs://cgc-ga4gh-api.sbgenomics.com/58b5786be4b0ec383d92a925,LP6005442-DNA_G01.srt.aln.bam,Male,LP6005442-DNA_G01,hs37d5,HGDP01179,S_Yi-1,SGDP-Yi,WGS,Genomic_from_cell_lines,Illumina
drs://cgc-ga4gh-api.sbgenomics.com/58b5786be4b0ec383d92a926,LP6005442-DNA_G09.srt.aln.bam,Male,LP6005442-DNA_G09,hs37d5,HG03006,S_Bengali-1,SGDP-Bengali,WGS,Genomic_from_cell_lines,Illumina
drs://cgc-ga4gh-api.sbgenomics.com/58b5786be4b0ec383d92a927,LP6005519-DNA_D05.srt.aln.bam,Male,LP6005519-DNA_D05,hs37d5,I3,S_Irula-2,SGDP-Irula,WGS,Genomic_from_blood,Illumina
drs://cgc-ga4gh-api.sbgenomics.com/58b5786be4b0ec383d92a928,LP6005441-DNA_E05.annotated.nh.vcf.gz,Male,LP6005441-DNA_E05,hs37d5,HGDP00125,S_Hazara-2,SGDP-Hazara,WGS,Genomic_from_cell_lines,Illumina
drs://cgc-ga4gh-api.sbgenomics.com/58b5786be4b0ec383d92a929,LP6005442-DNA_F09.annotated.nh.vcf.gz,Female,LP6005442-DNA_F09,hs37d5,Ayodo_502C,S_Luo-2,SGDP-Luo,WGS,Genomic_from_blood,Illumina
drs://cgc-ga4gh-api.sbgenomics.com/58b5786be4b0ec383d92a92a,LP6005441-DNA_D05.srt.aln.bam.bai,Female,LP6005441-DNA_D05,hs37d5,HGDP00783,S_Han-1,SGDP-Han,WGS,Genomic_from_cell_lines,Illumina
drs://cgc-ga4gh-api.sbgenomics.com/58b5786be4b0ec383d92a92b,LP6005441-DNA_D07.srt.aln.bam,Female,LP6005441-DNA_D07,hs37d5,HGDP00157,S_Makrani-2,SGDP-Makrani,WGS,Genomic_from_cell_lines,Illumina
drs://cgc-ga4gh-api.sbgenomics.com/58b5786be4b0ec383d92a92c,LP6005441-DNA_D06.annotated.nh.vcf.gz.tbi,Female,LP6005441-DNA_D06,hs37d5,HGDP00773,S_Japanese-2,SGDP-Japanese,WGS,Genomic_from_cell_lines,Illumina
drs://cgc-ga4gh-api.sbgenomics.com/58b5786be4b0ec383d92a92d,LP6005443-DNA_A01.annotated.nh.vcf.gz.tbi,Male,LP6005443-DNA_A01,hs37d5,HGDP01417,S_BantuKenya-1,SGDP-BantuKenya,WGS,Genomic_from_cell_lines,Illumina
drs://cgc-ga4gh-api.sbgenomics.com/58b5786be4b0ec383d92a92e,LP6005442-DNA_C11.annotated.nh.vcf.gz.tbi,Male,LP6005442-DNA_C11,hs37d5,HG01846,S_Kinh-2,SGDP-Kinh,WGS,Genomic_from_cell_lines,Illumina
drs://cgc-ga4gh-api.sbgenomics.com/58b5786be4b0ec383d92a92f,LP6005519-DNA_A05.annotated.nh.vcf.gz,Male,LP6005519-DNA_A05,hs37d5,R3,S_Relli-1,SGDP-Relli,WGS,Genomic_from_blood,Illumina
drs://cgc-ga4gh-api.sbgenomics.com/58b5786be4b0ec383d92a930,LP6005443-DNA_E07.srt.aln.bam,Male,LP6005443-DNA_E07,hs37d5,HGDP00543,S_Papuan-4,SGDP-Papuan,WGS,Genomic_from_cell_lines,Illumina
drs://cgc-ga4gh-api.sbgenomics.com/58b5786be4b0ec383d92a931,LP6005441-DNA_C08.annotated.nh.vcf.gz.tbi,Male,LP6005441-DNA_C08,hs37d5,HGDP01191,S_Miao-1,SGDP-Miao,WGS,Genomic_from_cell_lines,Illumina
drs://cgc-ga4gh-api.sbgenomics.com/58b5786be4b0ec383d92a932,LP6005441-DNA_E05.srt.aln.bam.bai,Male,LP6005441-DNA_E05,hs37d5,HGDP00125,S_Hazara-2,SGDP-Hazara,WGS,Genomic_from_cell_lines,Illumina
drs://cgc-ga4gh-api.sbgenomics.com/58b5786be4b0ec383d92a933,LP6005442-DNA_H09.annotated.nh.vcf.gz,Female,LP6005442-DNA_H09,hs37d5,HG03007,S_Bengali-2,SGDP-Bengali,WGS,Genomic_from_cell_lines,Illumina
drs://cgc-ga4gh-api.sbgenomics.com/58b5786be4b0ec383d92a934,LP6005592-DNA_A04.annotated.nh.vcf.gz,Female,LP6005592-DNA_A04,hs37d5,HG02494,S_Punjabi-4,SGDP-Punjabi,WGS,Genomic_from_cell_lines,Illumina
drs://cgc-ga4gh-api.sbgenomics.com/58b5786be4b0ec383d92a935,LP6005441-DNA_D02.srt.aln.bam,Female,LP6005441-DNA_D02,hs37d5,HGDP01365,S_Basque-2,SGDP-Basque,WGS,Genomic_from_cell_lines,Illumina
drs://cgc-ga4gh-api.sbgenomics.com/58b5786be4b0ec383d92a936,SS6004476.srt.aln.bam.bai,Male,SS6004476,hs37d5,HGDP01015,B_Karitiana-3,SGDP-Karitiana,WGS,Genomic_from_cell_lines,Illumina
drs://cgc-ga4gh-api.sbgenomics.com/58b5786be4b0ec383d92a937,LP6005442-DNA_H11.srt.aln.bam,Female,LP6005442-DNA_H11,hs37d5,HG03085,S_Mende-2,SGDP-Mende,WGS,Genomic_from_cell_lines,Illumina
drs://cgc-ga4gh-api.sbgenomics.com/58b5786be4b0ec383d92a938,LP6005441-DNA_H09.srt.aln.bam.bai,Female,LP6005441-DNA_H09,hs37d5,HGDP00737,S_Palestinian-3,SGDP-Palestinian,WGS,Genomic_from_cell_lines,Illumina
drs://cgc-ga4gh-api.sbgenomics.com/58b5786be4b0ec383d92a939,SS6004467.srt.aln.bam.bai,Male,SS6004467,hs37d5,HGDP01308,B_Dai-4,SGDP-Dai,WGS,Genomic_from_cell_lines,Illumina
drs://cgc-ga4gh-api.sbgenomics.com/58b5786be4b0ec383d92a93a,LP6005442-DNA_G04.srt.aln.bam,Male,LP6005442-DNA_G04,hs37d5,lez42,S_Lezgin-2,SGDP-Lezgin,WGS,Genomic_from_blood,Illumina
drs://cgc-ga4gh-api.sbgenomics.com/58b5786be4b0ec383d92a93b,LP6005441-DNA_H12.srt.aln.bam.bai,Female,LP6005441-DNA_H12,hs37d5,HGDP01168,S_Tuscan-1,SGDP-Tuscan,WGS,Genomic_from_cell_lines,Illumina
drs://cgc-ga4gh-api.sbgenomics.com/58b5786be4b0ec383d92a93c,LP6005442-DNA_B08.srt.aln.bam,Female,LP6005442-DNA_B08,hs37d5,NA15203,S_Hungarian-1,SGDP-Hungarian,WGS,Genomic_from_cell_lines,Illumina
drs://cgc-ga4gh-api.sbgenomics.com/58b5786be4b0ec383d92a93d,LP6005441-DNA_C05.annotated.nh.vcf.gz,Male,LP6005441-DNA_C05,hs37d5,HGDP00785,S_Han-2,SGDP-Han,WGS,Genomic_from_cell_lines,Illumina
drs://cgc-ga4gh-api.sbgenomics.com/58b5786be4b0ec383d92a93e,LP6005441-DNA_E10.annotated.nh.vcf.gz.tbi,Male,LP6005441-DNA_E10,hs37d5,HGDP01047,S_Pima-1,SGDP-Pima,WGS,Genomic_from_cell_lines,Illumina
drs://cgc-ga4gh-api.sbgenomics.com/58b5786be4b0ec383d92a93f,LP6005592-DNA_C03.srt.aln.bam.bai,Male,LP6005592-DNA_C03,hs37d5,HGDP00474,S_Mbuti-1,SGDP-Mbuti,WGS,Genomic_from_cell_lines,Illumina
drs://cgc-ga4gh-api.sbgenomics.com/58b5786be4b0ec383d92a940,LP6005442-DNA_H10.annotated.nh.vcf.gz.tbi,Female,LP6005442-DNA_H10,hs37d5,HG02574,S_Gambian-2,SGDP-Gambian,WGS,Genomic_from_cell_lines,Illumina
drs://cgc-ga4gh-api.sbgenomics.com/58b5786be4b0ec383d92a941,LP6005519-DNA_F04.annotated.nh.vcf.gz,Male,LP6005519-DNA_F04,hs37d5,ML3,S_Mala-3,SGDP-Mala,WGS,Genomic_from_blood,Illumina
drs://cgc-ga4gh-api.sbgenomics.com/58b5786be4b0ec383d92a942,LP6005441-DNA_H03.srt.aln.bam.bai,Female,LP6005441-DNA_H03,hs37d5,HGDP00713,S_Cambodian-2,SGDP-Cambodian,WGS,Genomic_from_cell_lines,Illumina
drs://cgc-ga4gh-api.sbgenomics.com/58b5786be4b0ec383d92a943,LP6005443-DNA_D03.srt.aln.bam,Male,LP6005443-DNA_D03,hs37d5,Esk29,S_Eskimo_Chaplin-1,SGDP-Eskimo_Chaplin,WGS,Genomic_from_blood,Illumina
drs://cgc-ga4gh-api.sbgenomics.com/58b5786be4b0ec383d92a944,LP6005441-DNA_B12.annotated.nh.vcf.gz,Female,LP6005441-DNA_B12,hs37d5,HGDP00852,S_Surui-2,SGDP-Surui,WGS,Genomic_from_cell_lines,Illumina
drs://cgc-ga4gh-api.sbgenomics.com/58b5786be4b0ec383d92a945,LP6005592-DNA_G01.annotated.nh.vcf.gz.tbi,Male,LP6005592-DNA_G01,hs37d5,YemeniteJew5433,S_Yemenite_Jew-2,SGDP-Yemenite_Jew,WGS,Genomic_from_cell_lines,Illumina
drs://cgc-ga4gh-api.sbgenomics.com/58b5786be4b0ec383d92a946,LP6005443-DNA_D06.srt.aln.bam,Male,LP6005443-DNA_D06,hs37d5,ND19394,S_Korean-1,SGDP-Korean,WGS,Genomic_from_cell_lines,Illumina
drs://cgc-ga4gh-api.sbgenomics.com/58b5786be4b0ec383d92a947,SS6004467.annotated.nh.vcf.gz.tbi,Male,SS6004467,hs37d5,HGDP01308,B_Dai-4,SGDP-Dai,WGS,Genomic_from_cell_lines,Illumina
drs://cgc-ga4gh-api.sbgenomics.com/58b5786be4b0ec383d92a948,LP6005443-DNA_C07.srt.aln.bam.bai,Male,LP6005443-DNA_C07,hs37d5,HGDP00555,S_Papuan-11,SGDP-Papuan,WGS,Genomic_from_cell_lines,Illumina
drs://cgc-ga4gh-api.sbgenomics.com/58b5786be4b0ec383d92a949,LP6005592-DNA_B03.srt.aln.bam.bai,Male,LP6005592-DNA_B03,hs37d5,HGDP00722,S_Palestinian-1,SGDP-Palestinian,WGS,Genomic_from_cell_lines,Illumina
drs://cgc-ga4gh-api.sbgenomics.com/58b5786be4b0ec383d92a94a,LP6005441-DNA_H06.annotated.nh.vcf.gz.tbi,Female,LP6005441-DNA_H06,hs37d5,HGDP01018,S_Karitiana-2,SGDP-Karitiana,WGS,Genomic_from_cell_lines,Illumina
drs://cgc-ga4gh-api.sbgenomics.com/58b5786be4b0ec383d92a94b,LP6005441-DNA_E03.srt.aln.bam,Male,LP6005441-DNA_E03,hs37d5,HGDP00428,S_Burusho-1,SGDP-Burusho,WGS,Genomic_from_cell_lines,Illumina
drs://cgc-ga4gh-api.sbgenomics.com/58b5786be4b0ec383d92a94c,LP6005442-DNA_B11.srt.aln.bam,Female,LP6005442-DNA_B11,hs37d5,HG01504,S_Spanish-2,SGDP-Spanish,WGS,Genomic_from_cell_lines,Illumina
drs://cgc-ga4gh-api.sbgenomics.com/58b5786be4b0ec383d92a94d,LP6005442-DNA_G11.annotated.nh.vcf.gz.tbi,Male,LP6005442-DNA_G11,hs37d5,HG03078,S_Mende-1,SGDP-Mende,WGS,Genomic_from_cell_lines,Illumina
drs://cgc-ga4gh-api.sbgenomics.com/58b5786be4b0ec383d92a94e,LP6005442-DNA_C10.srt.aln.bam.bai,Male,LP6005442-DNA_C10,hs37d5,HG00190,S_Finnish-2,SGDP-Finnish,WGS,Genomic_from_cell_lines,Illumina
drs://cgc-ga4gh-api.sbgenomics.com/58b5786be4b0ec383d92a94f,LP6005442-DNA_H04.srt.aln.bam.bai,Male,LP6005442-DNA_H04,hs37d5,lez49,S_Lezgin-1,SGDP-Lezgin,WGS,Genomic_from_blood,Illumina
drs://cgc-ga4gh-api.sbgenomics.com/58b5786be4b0ec383d92a950,LP6005519-DNA_D04.annotated.nh.vcf.gz,Male,LP6005519-DNA_D04,hs37d5,Y8,S_Yadava-2,SGDP-Yadava,WGS,Genomic_from_blood,Illumina
drs://cgc-ga4gh-api.sbgenomics.com/58b5786be4b0ec383d92a951,LP6005443-DNA_E02.srt.aln.bam,Male,LP6005443-DNA_E02,hs37d5,HGDP01028,S_BantuHerero-1,SGDP-BantuHerero,WGS,Genomic_from_cell_lines,Illumina
drs://cgc-ga4gh-api.sbgenomics.com/58b5786be4b0ec383d92a952,LP6005443-DNA_G04.annotated.nh.vcf.gz,Female,LP6005443-DNA_G04,hs37d5,Mansi41,S_Mansi-2,SGDP-Mansi,WGS,Genomic_from_blood,Illumina
drs://cgc-ga4gh-api.sbgenomics.com/58b5786be4b0ec383d92a953,LP6005592-DNA_D03.srt.aln.bam,Female,LP6005592-DNA_D03,hs37d5,HGDP01314,S_Dai-1,SGDP-Dai,WGS,Genomic_from_cell_lines,Illumina
drs://cgc-ga4gh-api.sbgenomics.com/58b5786be4b0ec383d92a954,LP6005441-DNA_A01.srt.aln.bam.bai,Male,LP6005441-DNA_A01,hs37d5,HGDP01402,S_Adygei-1,SGDP-Adygei,WGS,Genomic_from_cell_lines,Illumina
drs://cgc-ga4gh-api.sbgenomics.com/58b5786be4b0ec383d92a955,LP6005441-DNA_E06.srt.aln.bam,Male,LP6005441-DNA_E06,hs37d5,HGDP00328,S_Kalash-1,SGDP-Kalash,WGS,Genomic_from_cell_lines,Illumina
drs://cgc-ga4gh-api.sbgenomics.com/58b5786be4b0ec383d92a956,LP6005441-DNA_E09.annotated.nh.vcf.gz,Male,LP6005441-DNA_E09,hs37d5,HGDP01203,S_Oroqen-1,SGDP-Oroqen,WGS,Genomic_from_cell_lines,Illumina
drs://cgc-ga4gh-api.sbgenomics.com/58b5786be4b0ec383d92a957,LP6005441-DNA_B02.annotated.nh.vcf.gz.tbi,Female,LP6005441-DNA_B02,hs37d5,HGDP01414,S_BantuKenya-2,SGDP-BantuKenya,WGS,Genomic_from_cell_lines,Illumina
drs://cgc-ga4gh-api.sbgenomics.com/58b5786be4b0ec383d92a958,LP6005443-DNA_E01.srt.aln.bam.bai,Male,LP6005443-DNA_E01,hs37d5,HGDP01320,S_Lahu-2,SGDP-Lahu,WGS,Genomic_from_cell_lines,Illumina
drs://cgc-ga4gh-api.sbgenomics.com/58b5786be4b0ec383d92a959,LP6005443-DNA_H05.srt.aln.bam.bai,Male,LP6005443-DNA_H05,hs37d5,NA15728,S_Czech-2,SGDP-Czech,WGS,Genomic_from_cell_lines,Illumina
drs://cgc-ga4gh-api.sbgenomics.com/58b5786be4b0ec383d92a95a,LP6005443-DNA_D03.annotated.nh.vcf.gz.tbi,Male,LP6005443-DNA_D03,hs37d5,Esk29,S_Eskimo_Chaplin-1,SGDP-Eskimo_Chaplin,WGS,Genomic_from_blood,Illumina
drs://cgc-ga4gh-api.sbgenomics.com/58b5786be4b0ec383d92a95b,LP6005443-DNA_E07.srt.aln.bam.bai,Male,LP6005443-DNA_E07,hs37d5,HGDP00543,S_Papuan-4,SGDP-Papuan,WGS,Genomic_from_cell_lines,Illumina
drs://cgc-ga4gh-api.sbgenomics.com/58b5786be4b0ec383d92a95c,LP6005441-DNA_F04.annotated.nh.vcf.gz,Female,LP6005441-DNA_F04,hs37d5,HGDP01215,S_Daur-2,SGDP-Daur,WGS,Genomic_from_cell_lines,Illumina
drs://cgc-ga4gh-api.sbgenomics.com/58b5786be4b0ec383d92a95d,LP6005592-DNA_H01.srt.aln.bam.bai,Female,LP6005592-DNA_H01,hs37d5,YemeniteJew4695,S_Yemenite_Jew-1,SGDP-Yemenite_Jew,WGS,Genomic_from_cell_lines,Illumina
drs://cgc-ga4gh-api.sbgenomics.com/58b5786be4b0ec383d92a95e,LP6005442-DNA_D10.annotated.nh.vcf.gz.tbi,Female,LP6005442-DNA_D10,hs37d5,HG00174,S_Finnish-1,SGDP-Finnish,WGS,Genomic_from_cell_lines,Illumina
drs://cgc-ga4gh-api.sbgenomics.com/58b5786be4b0ec383d92a95f,LP6005442-DNA_A11.annotated.nh.vcf.gz,Male,LP6005442-DNA_A11,hs37d5,HG01503,S_Spanish-1,SGDP-Spanish,WGS,Genomic_from_cell_lines,Illumina
drs://cgc-ga4gh-api.sbgenomics.com/58b5786be4b0ec383d92a960,LP6005443-DNA_A07.srt.aln.bam,Male,LP6005443-DNA_A07,hs37d5,CHI-007,S_Thai-1,SGDP-Thai,WGS,Genomic_from_cell_lines,Illumina
drs://cgc-ga4gh-api.sbgenomics.com/58b5786be4b0ec383d92a961,LP6005441-DNA_H02.srt.aln.bam,Male,LP6005441-DNA_H02,hs37d5,HGDP00461,S_Biaka-2,SGDP-Biaka,WGS,Genomic_from_cell_lines,Illumina
drs://cgc-ga4gh-api.sbgenomics.com/58b5786be4b0ec383d92a962,SS6004472.annotated.nh.vcf.gz.tbi,Male,SS6004472,hs37d5,HGDP00546,B_Papuan-15,SGDP-Papuan,WGS,Genomic_from_cell_lines,Illumina
drs://cgc-ga4gh-api.sbgenomics.com/58b5786be4b0ec383d92a963,LP6005441-DNA_B09.annotated.nh.vcf.gz.tbi,Female,LP6005441-DNA_B09,hs37d5,HGDP01345,S_Naxi-3,SGDP-Naxi,WGS,Genomic_from_cell_lines,Illumina
drs://cgc-ga4gh-api.sbgenomics.com/58b5786be4b0ec383d92a964,LP6005592-DNA_D03.annotated.nh.vcf.gz,Female,LP6005592-DNA_D03,hs37d5,HGDP01314,S_Dai-1,SGDP-Dai,WGS,Genomic_from_cell_lines,Illumina
drs://cgc-ga4gh-api.sbgenomics.com/58b5786be4b0ec383d92a965,LP6005441-DNA_C03.srt.aln.bam,Male,LP6005441-DNA_C03,hs37d5,HGDP00019,S_Brahui-2,SGDP-Brahui,WGS,Genomic_from_cell_lines,Illumina
drs://cgc-ga4gh-api.sbgenomics.com/58b5786be4b0ec383d92a966,LP6005519-DNA_C06.srt.aln.bam,Female,LP6005519-DNA_C06,hs37d5,Igor20,S_Igorot-1,SGDP-Igorot,WGS,Genomic_from_saliva,Illumina
drs://cgc-ga4gh-api.sbgenomics.com/58b5786be4b0ec383d92a967,LP6005443-DNA_C03.annotated.nh.vcf.gz,Male,LP6005443-DNA_C03,hs37d5,Sir19,S_Chukchi-1,SGDP-Chukchi,WGS,Genomic_from_blood,Illumina
drs://cgc-ga4gh-api.sbgenomics.com/58b5786be4b0ec383d92a968,LP6005443-DNA_B08.srt.aln.bam.bai,Male,LP6005443-DNA_B08,hs37d5,HGDP00553,S_Papuan-10,SGDP-Papuan,WGS,Genomic_from_cell_lines,Illumina
drs://cgc-ga4gh-api.sbgenomics.com/58b5786be4b0ec383d92a969,LP6005443-DNA_B02.srt.aln.bam.bai,Male,LP6005443-DNA_B02,hs37d5,HGDP01297,S_Uygur-2,SGDP-Uygur,WGS,Genomic_from_cell_lines,Illumina
drs://cgc-ga4gh-api.sbgenomics.com/58b5786be4b0ec383d92a96a,LP6005442-DNA_G03.annotated.nh.vcf.gz,Male,LP6005442-DNA_G03,hs37d5,Est400,S_Estonian-2,SGDP-Estonian,WGS,Genomic_from_blood,Illumina
drs://cgc-ga4gh-api.sbgenomics.com/58b5786be4b0ec383d92a96b,LP6005519-DNA_C03.srt.aln.bam.bai,Male,LP6005519-DNA_C03,hs37d5,tdj409_shugnan,S_Tajik-1,SGDP-Tajik,WGS,Genomic_from_blood,Illumina
drs://cgc-ga4gh-api.sbgenomics.com/58b5786be4b0ec383d92a96c,LP6005592-DNA_F03.annotated.nh.vcf.gz.tbi,Female,LP6005592-DNA_F03,hs37d5,Nlk1,S_Even-1,SGDP-Even,WGS,Genomic_from_blood,Illumina
drs://cgc-ga4gh-api.sbgenomics.com/58b5786be4b0ec383d92a96d,LP6005441-DNA_C01.annotated.nh.vcf.gz.tbi,Male,LP6005441-DNA_C01,hs37d5,HGDP00058,S_Balochi-2,SGDP-Balochi,WGS,Genomic_from_cell_lines,Illumina
drs://cgc-ga4gh-api.sbgenomics.com/58b5786be4b0ec383d92a96e,LP6005441-DNA_A08.annotated.nh.vcf.gz,Male,LP6005441-DNA_A08,hs37d5,HGDP00449,S_Mbuti-3,SGDP-Mbuti,WGS,Genomic_from_cell_lines,Illumina
drs://cgc-ga4gh-api.sbgenomics.com/58b5786be4b0ec383d92a96f,LP6005442-DNA_B10.srt.aln.bam.bai,Female,LP6005442-DNA_B10,hs37d5,HG02943,S_Esan-2,SGDP-Esan,WGS,Genomic_from_cell_lines,Illumina
drs://cgc-ga4gh-api.sbgenomics.com/58b5786be4b0ec383d92a970,LP6005592-DNA_G01.srt.aln.bam.bai,Male,LP6005592-DNA_G01,hs37d5,YemeniteJew5433,S_Yemenite_Jew-2,SGDP-Yemenite_Jew,WGS,Genomic_from_cell_lines,Illumina
drs://cgc-ga4gh-api.sbgenomics.com/58b5786be4b0ec383d92a971,LP6005519-DNA_D04.annotated.nh.vcf.gz.tbi,Male,LP6005519-DNA_D04,hs37d5,Y8,S_Yadava-2,SGDP-Yadava,WGS,Genomic_from_blood,Illumina
drs://cgc-ga4gh-api.sbgenomics.com/58b5786be4b0ec383d92a972,LP6005677-DNA_A02.srt.aln.bam.bai,Female,LP6005677-DNA_A02,hs37d5,Bishkek28439,S_Kyrgyz-2,SGDP-Kyrgyz,WGS,Genomic_from_blood,Illumina
drs://cgc-ga4gh-api.sbgenomics.com/58b5786be4b0ec383d92a973,LP6005443-DNA_E01.annotated.nh.vcf.gz.tbi,Male,LP6005443-DNA_E01,hs37d5,HGDP01320,S_Lahu-2,SGDP-Lahu,WGS,Genomic_from_cell_lines,Illumina
drs://cgc-ga4gh-api.sbgenomics.com/58b5786be4b0ec383d92a974,LP6005442-DNA_D11.srt.aln.bam,Female,LP6005442-DNA_D11,hs37d5,HG01600,S_Kinh-1,SGDP-Kinh,WGS,Genomic_from_cell_lines,Illumina
drs://cgc-ga4gh-api.sbgenomics.com/58b5786be4b0ec383d92a975,LP6005592-DNA_C01.annotated.nh.vcf.gz,Female,LP6005592-DNA_C01,hs37d5,Utsa21,S_Saami-1,SGDP-Saami,WGS,Genomic_from_saliva,Illumina
drs://cgc-ga4gh-api.sbgenomics.com/58b5786be4b0ec383d92a976,LP6005443-DNA_A12.annotated.nh.vcf.gz,Male,LP6005443-DNA_A12,hs37d5,zapo0098,S_Zapotec-1,SGDP-Zapotec,WGS,Genomic_from_cell_lines,Illumina
drs://cgc-ga4gh-api.sbgenomics.com/58b5786be4b0ec383d92a977,LP6005443-DNA_F06.annotated.nh.vcf.gz,Male,LP6005443-DNA_F06,hs37d5,NA21490,S_Masai-1,SGDP-Masai,WGS,Genomic_from_cell_lines,Illumina
drs://cgc-ga4gh-api.sbgenomics.com/58b5786be4b0ec383d92a978,LP6005519-DNA_A04.srt.aln.bam.bai,Male,LP6005519-DNA_A04,hs37d5,K1,S_Kapu-1,SGDP-Kapu,WGS,Genomic_from_blood,Illumina
drs://cgc-ga4gh-api.sbgenomics.com/58b5786be4b0ec383d92a979,SS6004472.srt.aln.bam,Male,SS6004472,hs37d5,HGDP00546,B_Papuan-15,SGDP-Papuan,WGS,Genomic_from_cell_lines,Illumina
drs://cgc-ga4gh-api.sbgenomics.com/58b5786be4b0ec383d92a97a,LP6005442-DNA_E12.annotated.nh.vcf.gz,Female,LP6005442-DNA_E12,hs37d5,Tuba9,S_Tubalar-2,SGDP-Tubalar,WGS,Genomic_from_blood,Illumina
drs://cgc-ga4gh-api.sbgenomics.com/58b5786be4b0ec383d92a97b,LP6005592-DNA_C02.annotated.nh.vcf.gz.tbi,Male,LP6005592-DNA_C02,hs37d5,NA18940,S_Japanese-3,SGDP-Japanese,WGS,Genomic_from_cell_lines,Illumina
drs://cgc-ga4gh-api.sbgenomics.com/58b5786be4b0ec383d92a97c,LP6005441-DNA_F02.annotated.nh.vcf.gz.tbi,Female,LP6005441-DNA_F02,hs37d5,HGDP00650,S_BedouinB-2,SGDP-BedouinB,WGS,Genomic_from_cell_lines,Illumina
drs://cgc-ga4gh-api.sbgenomics.com/58b5786be4b0ec383d92a97d,LP6005519-DNA_E06.srt.aln.bam,Female,LP6005519-DNA_E06,hs37d5,Dus16,S_Dusun-2,SGDP-Dusun,WGS,Genomic_from_saliva,Illumina
drs://cgc-ga4gh-api.sbgenomics.com/58b5786be4b0ec383d92a97e,LP6005443-DNA_A08.annotated.nh.vcf.gz.tbi,Male,LP6005443-DNA_A08,hs37d5,HGDP00549,S_Papuan-8,SGDP-Papuan,WGS,Genomic_from_cell_lines,Illumina
drs://cgc-ga4gh-api.sbgenomics.com/58b5786be4b0ec383d92a97f,LP6005441-DNA_G02.annotated.nh.vcf.gz,Male,LP6005441-DNA_G02,hs37d5,HGDP00457,S_Biaka-1,SGDP-Biaka,WGS,Genomic_from_cell_lines,Illumina
drs://cgc-ga4gh-api.sbgenomics.com/58b5786be4b0ec383d92a980,LP6005519-DNA_D03.srt.aln.bam.bai,Male,LP6005519-DNA_D03,hs37d5,tdj430_shugnan,S_Tajik-2,SGDP-Tajik,WGS,Genomic_from_blood,Illumina
drs://cgc-ga4gh-api.sbgenomics.com/58b5786be4b0ec383d92a981,LP6005442-DNA_C02.annotated.nh.vcf.gz,Male,LP6005442-DNA_C02,hs37d5,abh107,S_Abkhasian-1,SGDP-Abkhasian,WGS,Genomic_from_blood,Illumina
drs://cgc-ga4gh-api.sbgenomics.com/58b5786be4b0ec383d92a982,LP6005677-DNA_B02.srt.aln.bam.bai,Male,LP6005677-DNA_B02,hs37d5,Bishkek28440,S_Kyrgyz-1,SGDP-Kyrgyz,WGS,Genomic_from_blood,Illumina
drs://cgc-ga4gh-api.sbgenomics.com/58b5786be4b0ec383d92a983,LP6005443-DNA_F06.srt.aln.bam,Male,LP6005443-DNA_F06,hs37d5,NA21490,S_Masai-1,SGDP-Masai,WGS,Genomic_from_cell_lines,Illumina
drs://cgc-ga4gh-api.sbgenomics.com/58b5786be4b0ec383d92a984,LP6005441-DNA_A03.srt.aln.bam,Female,LP6005441-DNA_A03,hs37d5,HGDP00656,S_Bougainville-2,SGDP-Bougainville,WGS,Genomic_from_cell_lines,Illumina
drs://cgc-ga4gh-api.sbgenomics.com/58b5786be4b0ec383d92a985,LP6005519-DNA_A06.srt.aln.bam,Male,LP6005519-DNA_A06,hs37d5,Bu5,S_Burmese-2,SGDP-Burmese,WGS,Genomic_from_saliva,Illumina
drs://cgc-ga4gh-api.sbgenomics.com/58b5786be4b0ec383d92a986,LP6005592-DNA_E02.srt.aln.bam.bai,Male,LP6005592-DNA_E02,hs37d5,ND15865,S_Polish-1,SGDP-Polish,WGS,Genomic_from_cell_lines,Illumina
drs://cgc-ga4gh-api.sbgenomics.com/58b5786be4b0ec383d92a987,LP6005442-DNA_H04.annotated.nh.vcf.gz.tbi,Male,LP6005442-DNA_H04,hs37d5,lez49,S_Lezgin-1,SGDP-Lezgin,WGS,Genomic_from_blood,Illumina
drs://cgc-ga4gh-api.sbgenomics.com/58b5786be4b0ec383d92a988,LP6005441-DNA_B06.srt.aln.bam.bai,Female,LP6005441-DNA_B06,hs37d5,HGDP01172,S_Bergamo-2,SGDP-Bergamo,WGS,Genomic_from_cell_lines,Illumina
drs://cgc-ga4gh-api.sbgenomics.com/58b5786be4b0ec383d92a989,LP6005442-DNA_D10.annotated.nh.vcf.gz,Female,LP6005442-DNA_D10,hs37d5,HG00174,S_Finnish-1,SGDP-Finnish,WGS,Genomic_from_cell_lines,Illumina
drs://cgc-ga4gh-api.sbgenomics.com/58b5786be4b0ec383d92a98a,LP6005519-DNA_C06.annotated.nh.vcf.gz.tbi,Female,LP6005519-DNA_C06,hs37d5,Igor20,S_Igorot-1,SGDP-Igorot,WGS,Genomic_from_saliva,Illumina
drs://cgc-ga4gh-api.sbgenomics.com/58b5786be4b0ec383d92a98b,LP6005677-DNA_D01.srt.aln.bam.bai,Male,LP6005677-DNA_D01,hs37d5,zapo0099,S_Zapotec-2,SGDP-Zapotec,WGS,Genomic_from_cell_lines,Illumina
drs://cgc-ga4gh-api.sbgenomics.com/58b5786be4b0ec383d92a98c,LP6005441-DNA_F09.annotated.nh.vcf.gz.tbi,Female,LP6005441-DNA_F09,hs37d5,HGDP01211,S_Oroqen-2,SGDP-Oroqen,WGS,Genomic_from_cell_lines,Illumina
drs://cgc-ga4gh-api.sbgenomics.com/58b5786be4b0ec383d92a98d,LP6005443-DNA_F02.annotated.nh.vcf.gz,Male,LP6005443-DNA_F02,hs37d5,HGDP01034,S_BantuTswana-2,SGDP-BantuTswana,WGS,Genomic_from_cell_lines,Illumina
drs://cgc-ga4gh-api.sbgenomics.com/58b5786be4b0ec383d92a98e,LP6005442-DNA_G07.annotated.nh.vcf.gz,Male,LP6005442-DNA_G07,hs37d5,NA17377,S_Greek-1,SGDP-Greek,WGS,Genomic_from_cell_lines,Illumina
drs://cgc-ga4gh-api.sbgenomics.com/58b5786be4b0ec383d92a98f,LP6005441-DNA_H10.annotated.nh.vcf.gz,Female,LP6005441-DNA_H10,hs37d5,HGDP00903,S_Russian-2,SGDP-Russian,WGS,Genomic_from_cell_lines,Illumina
drs://cgc-ga4gh-api.sbgenomics.com/58b5786be4b0ec383d92a990,LP6005441-DNA_C01.annotated.nh.vcf.gz,Male,LP6005441-DNA_C01,hs37d5,HGDP00058,S_Balochi-2,SGDP-Balochi,WGS,Genomic_from_cell_lines,Illumina
drs://cgc-ga4gh-api.sbgenomics.com/58b5786be4b0ec383d92a991,LP6005441-DNA_D07.annotated.nh.vcf.gz,Female,LP6005441-DNA_D07,hs37d5,HGDP00157,S_Makrani-2,SGDP-Makrani,WGS,Genomic_from_cell_lines,Illumina
drs://cgc-ga4gh-api.sbgenomics.com/58b5786be4b0ec383d92a992,LP6005519-DNA_H04.annotated.nh.vcf.gz.tbi,Male,LP6005519-DNA_H04,hs37d5,M13,S_Madiga-2,SGDP-Madiga,WGS,Genomic_from_blood,Illumina
drs://cgc-ga4gh-api.sbgenomics.com/58b5786be4b0ec383d92a993,LP6005442-DNA_B01.annotated.nh.vcf.gz.tbi,Female,LP6005442-DNA_B01,hs37d5,HGDP01306,S_Uygur-1,SGDP-Uygur,WGS,Genomic_from_cell_lines,Illumina
drs://cgc-ga4gh-api.sbgenomics.com/58b5786be4b0ec383d92a994,LP6005443-DNA_D01.srt.aln.bam.bai,Female,LP6005443-DNA_D01,hs37d5,HGDP00569,S_Druze-1,SGDP-Druze,WGS,Genomic_from_cell_lines,Illumina
drs://cgc-ga4gh-api.sbgenomics.com/58b5786be4b0ec383d92a995,LP6005443-DNA_D07.srt.aln.bam.bai,Male,LP6005443-DNA_D07,hs37d5,HGDP00545,S_Papuan-5,SGDP-Papuan,WGS,Genomic_from_cell_lines,Illumina
drs://cgc-ga4gh-api.sbgenomics.com/58b5786be4b0ec383d92a996,LP6005443-DNA_B01.annotated.nh.vcf.gz,Male,LP6005443-DNA_B01,hs37d5,HGDP01312,S_Dai-2,SGDP-Dai,WGS,Genomic_from_cell_lines,Illumina
drs://cgc-ga4gh-api.sbgenomics.com/58b5786ce4b0ec383d92a997,LP6005443-DNA_C07.annotated.nh.vcf.gz,Male,LP6005443-DNA_C07,hs37d5,HGDP00555,S_Papuan-11,SGDP-Papuan,WGS,Genomic_from_cell_lines,Illumina
drs://cgc-ga4gh-api.sbgenomics.com/58b5786ce4b0ec383d92a998,LP6005442-DNA_B01.srt.aln.bam.bai,Female,LP6005442-DNA_B01,hs37d5,HGDP01306,S_Uygur-1,SGDP-Uygur,WGS,Genomic_from_cell_lines,Illumina
drs://cgc-ga4gh-api.sbgenomics.com/58b5786ce4b0ec383d92a999,LP6005443-DNA_B06.annotated.nh.vcf.gz.tbi,Female,LP6005443-DNA_B06,hs37d5,NA15763,S_Icelandic-2,SGDP-Icelandic,WGS,Genomic_from_cell_lines,Illumina
drs://cgc-ga4gh-api.sbgenomics.com/58b5786ce4b0ec383d92a99a,LP6005442-DNA_H11.annotated.nh.vcf.gz,Female,LP6005442-DNA_H11,hs37d5,HG03085,S_Mende-2,SGDP-Mende,WGS,Genomic_from_cell_lines,Illumina
drs://cgc-ga4gh-api.sbgenomics.com/58b5786ce4b0ec383d92a99b,SS6004479.annotated.nh.vcf.gz.tbi,Female,SS6004479,hs37d5,mixe0007,B_Mixe-1,SGDP-Mixe,WGS,Genomic_from_cell_lines,Illumina
drs://cgc-ga4gh-api.sbgenomics.com/58b5786ce4b0ec383d92a99c,LP6005442-DNA_F11.srt.aln.bam,Female,LP6005442-DNA_F11,hs37d5,NA19023,S_Luhya-1,SGDP-Luhya,WGS,Genomic_from_cell_lines,Illumina
drs://cgc-ga4gh-api.sbgenomics.com/58b5786ce4b0ec383d92a99d,LP6005442-DNA_F01.annotated.nh.vcf.gz,Female,LP6005442-DNA_F01,hs37d5,HGDP00956,S_Yakut-1,SGDP-Yakut,WGS,Genomic_from_cell_lines,Illumina
drs://cgc-ga4gh-api.sbgenomics.com/58b5786ce4b0ec383d92a99e,LP6005443-DNA_G08.annotated.nh.vcf.gz,Male,LP6005443-DNA_G08,hs37d5,HGDP00991,S_Ju_hoan_North-1,SGDP-Ju_hoan_North,WGS,Genomic_from_cell_lines,Illumina
drs://cgc-ga4gh-api.sbgenomics.com/58b5786ce4b0ec383d92a99f,SS6004476.annotated.nh.vcf.gz,Male,SS6004476,hs37d5,HGDP01015,B_Karitiana-3,SGDP-Karitiana,WGS,Genomic_from_cell_lines,Illumina
drs://cgc-ga4gh-api.sbgenomics.com/58b5786ce4b0ec383d92a9a0,LP6005441-DNA_A10.annotated.nh.vcf.gz,Male,LP6005441-DNA_A10,hs37d5,HGDP00541,S_Papuan-3,SGDP-Papuan,WGS,Genomic_from_cell_lines,Illumina
drs://cgc-ga4gh-api.sbgenomics.com/58b5786ce4b0ec383d92a9a1,LP6005592-DNA_H03.srt.aln.bam,Male,LP6005592-DNA_H03,hs37d5,NA17385,S_Hawaiian-1,SGDP-Hawaiian,WGS,Genomic_from_cell_lines,Illumina
drs://cgc-ga4gh-api.sbgenomics.com/58b5786ce4b0ec383d92a9a2,LP6005442-DNA_A11.annotated.nh.vcf.gz.tbi,Male,LP6005442-DNA_A11,hs37d5,HG01503,S_Spanish-1,SGDP-Spanish,WGS,Genomic_from_cell_lines,Illumina
drs://cgc-ga4gh-api.sbgenomics.com/58b5786ce4b0ec383d92a9a3,LP6005677-DNA_G01.srt.aln.bam,Male,LP6005677-DNA_G01,hs37d5,Ayodo_430C,S_Luo-1,SGDP-Luo,WGS,Genomic_from_blood,Illumina
drs://cgc-ga4gh-api.sbgenomics.com/58b5786ce4b0ec383d92a9a4,LP6005441-DNA_B01.annotated.nh.vcf.gz.tbi,Female,LP6005441-DNA_B01,hs37d5,HGDP01401,S_Adygei-2,SGDP-Adygei,WGS,Genomic_from_cell_lines,Illumina
drs://cgc-ga4gh-api.sbgenomics.com/58b5786ce4b0ec383d92a9a5,LP6005441-DNA_E10.srt.aln.bam.bai,Male,LP6005441-DNA_E10,hs37d5,HGDP01047,S_Pima-1,SGDP-Pima,WGS,Genomic_from_cell_lines,Illumina
drs://cgc-ga4gh-api.sbgenomics.com/58b5786ce4b0ec383d92a9a6,LP6005441-DNA_G04.srt.aln.bam.bai,Male,LP6005441-DNA_G04,hs37d5,HGDP00597,S_Druze-2,SGDP-Druze,WGS,Genomic_from_cell_lines,Illumina
drs://cgc-ga4gh-api.sbgenomics.com/58b5786ce4b0ec383d92a9a7,LP6005441-DNA_G07.srt.aln.bam.bai,Female,LP6005441-DNA_G07,hs37d5,HGDP00855,S_Mayan-1,SGDP-Mayan,WGS,Genomic_from_cell_lines,Illumina
drs://cgc-ga4gh-api.sbgenomics.com/58b5786ce4b0ec383d92a9a8,LP6005442-DNA_E11.srt.aln.bam,Male,LP6005442-DNA_E11,hs37d5,NA19044,S_Luhya-2,SGDP-Luhya,WGS,Genomic_from_cell_lines,Illumina
drs://cgc-ga4gh-api.sbgenomics.com/58b5786ce4b0ec383d92a9a9,LP6005442-DNA_E12.srt.aln.bam,Female,LP6005442-DNA_E12,hs37d5,Tuba9,S_Tubalar-2,SGDP-Tubalar,WGS,Genomic_from_blood,Illumina
drs://cgc-ga4gh-api.sbgenomics.com/58b5786ce4b0ec383d92a9aa,LP6005443-DNA_D06.srt.aln.bam.bai,Male,LP6005443-DNA_D06,hs37d5,ND19394,S_Korean-1,SGDP-Korean,WGS,Genomic_from_cell_lines,Illumina
drs://cgc-ga4gh-api.sbgenomics.com/58b5786ce4b0ec383d92a9ab,LP6005443-DNA_C08.annotated.nh.vcf.gz,Male,LP6005443-DNA_C08,hs37d5,HGDP00547,S_Papuan-6,SGDP-Papuan,WGS,Genomic_from_cell_lines,Illumina
drs://cgc-ga4gh-api.sbgenomics.com/58b5786ce4b0ec383d92a9ac,LP6005443-DNA_D03.srt.aln.bam.bai,Male,LP6005443-DNA_D03,hs37d5,Esk29,S_Eskimo_Chaplin-1,SGDP-Eskimo_Chaplin,WGS,Genomic_from_blood,Illumina
drs://cgc-ga4gh-api.sbgenomics.com/58b5786ce4b0ec383d92a9ad,LP6005442-DNA_E10.srt.aln.bam,Male,LP6005442-DNA_E10,hs37d5,HG00126,S_English-1,SGDP-English,WGS,Genomic_from_cell_lines,Illumina
drs://cgc-ga4gh-api.sbgenomics.com/58b5786ce4b0ec383d92a9ae,LP6005441-DNA_E03.annotated.nh.vcf.gz.tbi,Male,LP6005441-DNA_E03,hs37d5,HGDP00428,S_Burusho-1,SGDP-Burusho,WGS,Genomic_from_cell_lines,Illumina
drs://cgc-ga4gh-api.sbgenomics.com/58b5786ce4b0ec383d92a9af,LP6005443-DNA_B07.srt.aln.bam,Female,LP6005443-DNA_B07,hs37d5,CHI-034,S_Thai-2,SGDP-Thai,WGS,Genomic_from_cell_lines,Illumina
drs://cgc-ga4gh-api.sbgenomics.com/58b5786ce4b0ec383d92a9b0,LP6005443-DNA_B08.srt.aln.bam,Male,LP6005443-DNA_B08,hs37d5,HGDP00553,S_Papuan-10,SGDP-Papuan,WGS,Genomic_from_cell_lines,Illumina
drs://cgc-ga4gh-api.sbgenomics.com/58b5786ce4b0ec383d92a9b1,LP6005441-DNA_C10.annotated.nh.vcf.gz.tbi,Male,LP6005441-DNA_C10,hs37d5,HGDP00216,S_Pathan-1,SGDP-Pathan,WGS,Genomic_from_cell_lines,Illumina
drs://cgc-ga4gh-api.sbgenomics.com/58b5786ce4b0ec383d92a9b2,LP6005443-DNA_B07.annotated.nh.vcf.gz,Female,LP6005443-DNA_B07,hs37d5,CHI-034,S_Thai-2,SGDP-Thai,WGS,Genomic_from_cell_lines,Illumina
drs://cgc-ga4gh-api.sbgenomics.com/58b5786ce4b0ec383d92a9b3,LP6005443-DNA_B09.srt.aln.bam,Male,LP6005443-DNA_B09,hs37d5,DNK11,S_Dinka-2,SGDP-Dinka,WGS,Genomic_from_saliva,Illumina
drs://cgc-ga4gh-api.sbgenomics.com/58b5786ce4b0ec383d92a9b4,SS6004472.annotated.nh.vcf.gz,Male,SS6004472,hs37d5,HGDP00546,B_Papuan-15,SGDP-Papuan,WGS,Genomic_from_cell_lines,Illumina
drs://cgc-ga4gh-api.sbgenomics.com/58b5786ce4b0ec383d92a9b5,LP6005441-DNA_G04.srt.aln.bam,Male,LP6005441-DNA_G04,hs37d5,HGDP00597,S_Druze-2,SGDP-Druze,WGS,Genomic_from_cell_lines,Illumina
drs://cgc-ga4gh-api.sbgenomics.com/58b5786ce4b0ec383d92a9b6,LP6005441-DNA_G05.srt.aln.bam,Male,LP6005441-DNA_G05,hs37d5,HGDP01240,S_Hezhen-1,SGDP-Hezhen,WGS,Genomic_from_cell_lines,Illumina
drs://cgc-ga4gh-api.sbgenomics.com/58b5786ce4b0ec383d92a9b7,LP6005441-DNA_G06.srt.aln.bam,Male,LP6005441-DNA_G06,hs37d5,HGDP01012,S_Karitiana-1,SGDP-Karitiana,WGS,Genomic_from_cell_lines,Illumina
drs://cgc-ga4gh-api.sbgenomics.com/58b5786ce4b0ec383d92a9b8,LP6005442-DNA_D01.srt.aln.bam,Male,LP6005442-DNA_D01,hs37d5,HGDP01250,S_Xibo-1,SGDP-Xibo,WGS,Genomic_from_cell_lines,Illumina
drs://cgc-ga4gh-api.sbgenomics.com/58b5786ce4b0ec383d92a9b9,LP6005441-DNA_G07.srt.aln.bam,Female,LP6005441-DNA_G07,hs37d5,HGDP00855,S_Mayan-1,SGDP-Mayan,WGS,Genomic_from_cell_lines,Illumina
drs://cgc-ga4gh-api.sbgenomics.com/58b5786ce4b0ec383d92a9ba,LP6005441-DNA_G08.srt.aln.bam,Male,LP6005441-DNA_G08,hs37d5,HGDP01253,S_Mozabite-1,SGDP-Mozabite,WGS,Genomic_from_cell_lines,Illumina
drs://cgc-ga4gh-api.sbgenomics.com/58b5786ce4b0ec383d92a9bb,LP6005441-DNA_F12.annotated.nh.vcf.gz.tbi,Female,LP6005441-DNA_F12,hs37d5,HGDP01098,S_Tujia-2,SGDP-Tujia,WGS,Genomic_from_cell_lines,Illumina
drs://cgc-ga4gh-api.sbgenomics.com/58b5786ce4b0ec383d92a9bc,SS6004480.annotated.nh.vcf.gz.tbi,Male,SS6004480,hs37d5,DNK07,B_Dinka-3,SGDP-Dinka,WGS,Genomic_from_saliva,Illumina
drs://cgc-ga4gh-api.sbgenomics.com/58b5786ce4b0ec383d92a9bd,LP6005441-DNA_B05.annotated.nh.vcf.gz,Female,LP6005441-DNA_B05,hs37d5,HGDP00526,S_French-2,SGDP-French,WGS,Genomic_from_cell_lines,Illumina
drs://cgc-ga4gh-api.sbgenomics.com/58b5786ce4b0ec383d92a9be,LP6005443-DNA_B06.srt.aln.bam,Female,LP6005443-DNA_B06,hs37d5,NA15763,S_Icelandic-2,SGDP-Icelandic,WGS,Genomic_from_cell_lines,Illumina
drs://cgc-ga4gh-api.sbgenomics.com/58b5786ce4b0ec383d92a9bf,LP6005441-DNA_G09.srt.aln.bam,Male,LP6005441-DNA_G09,hs37d5,HGDP00725,S_Palestinian-2,SGDP-Palestinian,WGS,Genomic_from_cell_lines,Illumina
drs://cgc-ga4gh-api.sbgenomics.com/58b5786ce4b0ec383d92a9c0,LP6005443-DNA_F06.srt.aln.bam.bai,Male,LP6005443-DNA_F06,hs37d5,NA21490,S_Masai-1,SGDP-Masai,WGS,Genomic_from_cell_lines,Illumina
drs://cgc-ga4gh-api.sbgenomics.com/58b5786ce4b0ec383d92a9c1,LP6005592-DNA_F01.annotated.nh.vcf.gz.tbi,Female,LP6005592-DNA_F01,hs37d5,IraqiJew1771,S_Iraqi_Jew-1,SGDP-Iraqi_Jew,WGS,Genomic_from_cell_lines,Illumina
drs://cgc-ga4gh-api.sbgenomics.com/58b5786ce4b0ec383d92a9c2,LP6005443-DNA_B04.srt.aln.bam,Female,LP6005443-DNA_B04,hs37d5,Nlk3,S_Even-3,SGDP-Even,WGS,Genomic_from_blood,Illumina
drs://cgc-ga4gh-api.sbgenomics.com/58b5786ce4b0ec383d92a9c3,LP6005443-DNA_F03.srt.aln.bam.bai,Female,LP6005443-DNA_F03,hs37d5,Nesk_22,S_Eskimo_Naukan-1,SGDP-Eskimo_Naukan,WGS,Genomic_from_blood,Illumina
drs://cgc-ga4gh-api.sbgenomics.com/58b5786ce4b0ec383d92a9c4,LP6005519-DNA_C05.annotated.nh.vcf.gz.tbi,Male,LP6005519-DNA_C05,hs37d5,I1,S_Irula-1,SGDP-Irula,WGS,Genomic_from_blood,Illumina
drs://cgc-ga4gh-api.sbgenomics.com/58b5786ce4b0ec383d92a9c5,LP6005443-DNA_B01.srt.aln.bam,Male,LP6005443-DNA_B01,hs37d5,HGDP01312,S_Dai-2,SGDP-Dai,WGS,Genomic_from_cell_lines,Illumina
drs://cgc-ga4gh-api.sbgenomics.com/58b5786ce4b0ec383d92a9c6,LP6005443-DNA_B03.srt.aln.bam,Male,LP6005443-DNA_B03,hs37d5,Sir26,S_Eskimo_Sireniki-1,SGDP-Eskimo_Sireniki,WGS,Genomic_from_blood,Illumina
drs://cgc-ga4gh-api.sbgenomics.com/58b5786ce4b0ec383d92a9c7,LP6005442-DNA_C04.annotated.nh.vcf.gz.tbi,Male,LP6005442-DNA_C04,hs37d5,iran17,S_Iranian-1,SGDP-Iranian,WGS,Genomic_from_blood,Illumina
drs://cgc-ga4gh-api.sbgenomics.com/58b5786ce4b0ec383d92a9c8,LP6005443-DNA_D09.annotated.nh.vcf.gz,Male,LP6005443-DNA_D09,hs37d5,Kusunda15,S_Kusunda-2,SGDP-Kusunda,WGS,Genomic_from_saliva,Illumina
drs://cgc-ga4gh-api.sbgenomics.com/58b5786ce4b0ec383d92a9c9,LP6005441-DNA_A04.annotated.nh.vcf.gz,Female,LP6005441-DNA_A04,hs37d5,HGDP00702,S_Piapoco-1,SGDP-Piapoco,WGS,Genomic_from_cell_lines,Illumina
drs://cgc-ga4gh-api.sbgenomics.com/58b5786ce4b0ec383d92a9ca,LP6005443-DNA_B02.srt.aln.bam,Male,LP6005443-DNA_B02,hs37d5,HGDP01297,S_Uygur-2,SGDP-Uygur,WGS,Genomic_from_cell_lines,Illumina
drs://cgc-ga4gh-api.sbgenomics.com/58b5786ce4b0ec383d92a9cb,LP6005443-DNA_D07.annotated.nh.vcf.gz.tbi,Male,LP6005443-DNA_D07,hs37d5,HGDP00545,S_Papuan-5,SGDP-Papuan,WGS,Genomic_from_cell_lines,Illumina
drs://cgc-ga4gh-api.sbgenomics.com/58b5786ce4b0ec383d92a9cc,LP6005441-DNA_F01.srt.aln.bam,Male,LP6005441-DNA_F01,hs37d5,HGDP01035,S_BantuHerero-2,SGDP-BantuHerero,WGS,Genomic_from_cell_lines,Illumina
drs://cgc-ga4gh-api.sbgenomics.com/58b5786ce4b0ec383d92a9cd,LP6005442-DNA_B12.annotated.nh.vcf.gz.tbi,Female,LP6005442-DNA_B12,hs37d5,HG02790,S_Punjabi-3,SGDP-Punjabi,WGS,Genomic_from_cell_lines,Illumina
drs://cgc-ga4gh-api.sbgenomics.com/58b5786ce4b0ec383d92a9ce,LP6005441-DNA_C02.annotated.nh.vcf.gz.tbi,Male,LP6005441-DNA_C02,hs37d5,HGDP01364,S_Basque-1,SGDP-Basque,WGS,Genomic_from_cell_lines,Illumina
drs://cgc-ga4gh-api.sbgenomics.com/58b5786ce4b0ec383d92a9cf,LP6005443-DNA_G03.annotated.nh.vcf.gz,Female,LP6005443-DNA_G03,hs37d5,Nesk_25,S_Eskimo_Naukan-2,SGDP-Eskimo_Naukan,WGS,Genomic_from_blood,Illumina
drs://cgc-ga4gh-api.sbgenomics.com/58b5786ce4b0ec383d92a9d0,LP6005441-DNA_F02.srt.aln.bam,Female,LP6005441-DNA_F02,hs37d5,HGDP00650,S_BedouinB-2,SGDP-BedouinB,WGS,Genomic_from_cell_lines,Illumina
drs://cgc-ga4gh-api.sbgenomics.com/58b5786ce4b0ec383d92a9d1,LP6005442-DNA_G07.annotated.nh.vcf.gz.tbi,Male,LP6005442-DNA_G07,hs37d5,NA17377,S_Greek-1,SGDP-Greek,WGS,Genomic_from_cell_lines,Illumina
drs://cgc-ga4gh-api.sbgenomics.com/58b5786ce4b0ec383d92a9d2,LP6005442-DNA_G12.annotated.nh.vcf.gz,Female,LP6005442-DNA_G12,hs37d5,Ul5,S_Ulchi-2,SGDP-Ulchi,WGS,Genomic_from_blood,Illumina
drs://cgc-ga4gh-api.sbgenomics.com/58b5786ce4b0ec383d92a9d3,LP6005443-DNA_B10.srt.aln.bam,Male,LP6005443-DNA_B10,hs37d5,iran11,S_Iranian-2,SGDP-Iranian,WGS,Genomic_from_blood,Illumina
drs://cgc-ga4gh-api.sbgenomics.com/58b5786ce4b0ec383d92a9d4,LP6005442-DNA_A04.srt.aln.bam.bai,Male,LP6005442-DNA_A04,hs37d5,mg31,S_Georgian-2,SGDP-Georgian,WGS,Genomic_from_blood,Illumina
drs://cgc-ga4gh-api.sbgenomics.com/58b5786ce4b0ec383d92a9d5,LP6005441-DNA_F05.srt.aln.bam,Male,LP6005441-DNA_F05,hs37d5,HGDP00124,S_Hazara-1,SGDP-Hazara,WGS,Genomic_from_cell_lines,Illumina
drs://cgc-ga4gh-api.sbgenomics.com/58b5786ce4b0ec383d92a9d6,LP6005443-DNA_F08.annotated.nh.vcf.gz.tbi,Male,LP6005443-DNA_F08,hs37d5,HGDP00551,S_Papuan-9,SGDP-Papuan,WGS,Genomic_from_cell_lines,Illumina
drs://cgc-ga4gh-api.sbgenomics.com/58b5786ce4b0ec383d92a9d7,LP6005441-DNA_F06.srt.aln.bam,Female,LP6005441-DNA_F06,hs37d5,HGDP00286,S_Kalash-2,SGDP-Kalash,WGS,Genomic_from_cell_lines,Illumina
drs://cgc-ga4gh-api.sbgenomics.com/58b5786ce4b0ec383d92a9d8,LP6005441-DNA_E08.annotated.nh.vcf.gz,Male,LP6005441-DNA_E08,hs37d5,HGDP01228,S_Mongola-1,SGDP-Mongola,WGS,Genomic_from_cell_lines,Illumina
drs://cgc-ga4gh-api.sbgenomics.com/58b5786ce4b0ec383d92a9d9,LP6005441-DNA_F07.srt.aln.bam,Female,LP6005441-DNA_F07,hs37d5,HGDP00915,S_Mandenka-2,SGDP-Mandenka,WGS,Genomic_from_cell_lines,Illumina
drs://cgc-ga4gh-api.sbgenomics.com/58b5786ce4b0ec383d92a9da,LP6005519-DNA_D03.annotated.nh.vcf.gz,Male,LP6005519-DNA_D03,hs37d5,tdj430_shugnan,S_Tajik-2,SGDP-Tajik,WGS,Genomic_from_blood,Illumina
drs://cgc-ga4gh-api.sbgenomics.com/58b5786ce4b0ec383d92a9db,LP6005442-DNA_E07.srt.aln.bam,Male,LP6005442-DNA_E07,hs37d5,NA13604,S_Atayal-1,SGDP-Atayal,WGS,Genomic_from_cell_lines,Illumina
drs://cgc-ga4gh-api.sbgenomics.com/58b5786ce4b0ec383d92a9dc,LP6005441-DNA_F09.srt.aln.bam,Female,LP6005441-DNA_F09,hs37d5,HGDP01211,S_Oroqen-2,SGDP-Oroqen,WGS,Genomic_from_cell_lines,Illumina
drs://cgc-ga4gh-api.sbgenomics.com/58b5786ce4b0ec383d92a9dd,LP6005441-DNA_F08.srt.aln.bam,Female,LP6005441-DNA_F08,hs37d5,HGDP01223,S_Mongola-2,SGDP-Mongola,WGS,Genomic_from_cell_lines,Illumina
drs://cgc-ga4gh-api.sbgenomics.com/58b5786ce4b0ec383d92a9de,LP6005441-DNA_C10.srt.aln.bam.bai,Male,LP6005441-DNA_C10,hs37d5,HGDP00216,S_Pathan-1,SGDP-Pathan,WGS,Genomic_from_cell_lines,Illumina
drs://cgc-ga4gh-api.sbgenomics.com/58b5786ce4b0ec383d92a9df,LP6005442-DNA_E10.annotated.nh.vcf.gz,Male,LP6005442-DNA_E10,hs37d5,HG00126,S_English-1,SGDP-English,WGS,Genomic_from_cell_lines,Illumina
drs://cgc-ga4gh-api.sbgenomics.com/58b5786ce4b0ec383d92a9e0,LP6005441-DNA_D02.annotated.nh.vcf.gz.tbi,Female,LP6005441-DNA_D02,hs37d5,HGDP01365,S_Basque-2,SGDP-Basque,WGS,Genomic_from_cell_lines,Illumina
drs://cgc-ga4gh-api.sbgenomics.com/58b5786ce4b0ec383d92a9e1,LP6005519-DNA_A04.annotated.nh.vcf.gz.tbi,Male,LP6005519-DNA_A04,hs37d5,K1,S_Kapu-1,SGDP-Kapu,WGS,Genomic_from_blood,Illumina
drs://cgc-ga4gh-api.sbgenomics.com/58b5786ce4b0ec383d92a9e2,LP6005677-DNA_B02.annotated.nh.vcf.gz,Male,LP6005677-DNA_B02,hs37d5,Bishkek28440,S_Kyrgyz-1,SGDP-Kyrgyz,WGS,Genomic_from_blood,Illumina
drs://cgc-ga4gh-api.sbgenomics.com/58b5786ce4b0ec383d92a9e3,LP6005442-DNA_D03.srt.aln.bam,Male,LP6005442-DNA_D03,hs37d5,ch113,S_Chechen-1,SGDP-Chechen,WGS,Genomic_from_blood,Illumina
drs://cgc-ga4gh-api.sbgenomics.com/58b5786ce4b0ec383d92a9e4,LP6005441-DNA_C06.annotated.nh.vcf.gz,Male,LP6005441-DNA_C06,hs37d5,HGDP00749,S_Japanese-1,SGDP-Japanese,WGS,Genomic_from_cell_lines,Illumina
drs://cgc-ga4gh-api.sbgenomics.com/58b5786ce4b0ec383d92a9e5,LP6005443-DNA_B03.srt.aln.bam.bai,Male,LP6005443-DNA_B03,hs37d5,Sir26,S_Eskimo_Sireniki-1,SGDP-Eskimo_Sireniki,WGS,Genomic_from_blood,Illumina
drs://cgc-ga4gh-api.sbgenomics.com/58b5786ce4b0ec383d92a9e6,LP6005443-DNA_C04.srt.aln.bam,Male,LP6005443-DNA_C04,hs37d5,Nlk18,S_Even-2,SGDP-Even,WGS,Genomic_from_blood,Illumina
drs://cgc-ga4gh-api.sbgenomics.com/58b5786ce4b0ec383d92a9e7,LP6005442-DNA_D02.srt.aln.bam,Male,LP6005442-DNA_D02,hs37d5,abh100,S_Abkhasian-2,SGDP-Abkhasian,WGS,Genomic_from_blood,Illumina
drs://cgc-ga4gh-api.sbgenomics.com/58b5786ce4b0ec383d92a9e8,LP6005441-DNA_D11.annotated.nh.vcf.gz.tbi,Female,LP6005441-DNA_D11,hs37d5,HGDP01078,S_Sardinian-2,SGDP-Sardinian,WGS,Genomic_from_cell_lines,Illumina
drs://cgc-ga4gh-api.sbgenomics.com/58b5786ce4b0ec383d92a9e9,LP6005443-DNA_C03.srt.aln.bam,Male,LP6005443-DNA_C03,hs37d5,Sir19,S_Chukchi-1,SGDP-Chukchi,WGS,Genomic_from_blood,Illumina
drs://cgc-ga4gh-api.sbgenomics.com/58b5786ce4b0ec383d92a9ea,LP6005443-DNA_E01.annotated.nh.vcf.gz,Male,LP6005443-DNA_E01,hs37d5,HGDP01320,S_Lahu-2,SGDP-Lahu,WGS,Genomic_from_cell_lines,Illumina
drs://cgc-ga4gh-api.sbgenomics.com/58b5786ce4b0ec383d92a9eb,LP6005441-DNA_G03.srt.aln.bam,Male,LP6005441-DNA_G03,hs37d5,HGDP00717,S_Cambodian-1,SGDP-Cambodian,WGS,Genomic_from_cell_lines,Illumina
drs://cgc-ga4gh-api.sbgenomics.com/58b5786ce4b0ec383d92a9ec,LP6005619-DNA_C01.srt.aln.bam,Male,LP6005619-DNA_C01,hs37d5,SAH41,S_Saharawi-2,SGDP-Saharawi,WGS,Genomic_from_blood,Illumina
drs://cgc-ga4gh-api.sbgenomics.com/58b5786ce4b0ec383d92a9ed,LP6005441-DNA_H05.annotated.nh.vcf.gz.tbi,Female,LP6005441-DNA_H05,hs37d5,HGDP01242,S_Hezhen-2,SGDP-Hezhen,WGS,Genomic_from_cell_lines,Illumina
drs://cgc-ga4gh-api.sbgenomics.com/58b5786ce4b0ec383d92a9ee,LP6005443-DNA_B09.srt.aln.bam.bai,Male,LP6005443-DNA_B09,hs37d5,DNK11,S_Dinka-2,SGDP-Dinka,WGS,Genomic_from_saliva,Illumina
drs://cgc-ga4gh-api.sbgenomics.com/58b5786ce4b0ec383d92a9ef,LP6005442-DNA_A03.annotated.nh.vcf.gz.tbi,Male,LP6005442-DNA_A03,hs37d5,BulgarianB4,S_Bulgarian-1,SGDP-Bulgarian,WGS,Genomic_from_blood,Illumina
drs://cgc-ga4gh-api.sbgenomics.com/58b5786ce4b0ec383d92a9f0,LP6005443-DNA_B06.srt.aln.bam.bai,Female,LP6005443-DNA_B06,hs37d5,NA15763,S_Icelandic-2,SGDP-Icelandic,WGS,Genomic_from_cell_lines,Illumina
drs://cgc-ga4gh-api.sbgenomics.com/58b5786ce4b0ec383d92a9f1,LP6005441-DNA_G02.srt.aln.bam,Male,LP6005441-DNA_G02,hs37d5,HGDP00457,S_Biaka-1,SGDP-Biaka,WGS,Genomic_from_cell_lines,Illumina
drs://cgc-ga4gh-api.sbgenomics.com/58b5786ce4b0ec383d92a9f2,LP6005677-DNA_F01.srt.aln.bam,Female,LP6005677-DNA_F01,hs37d5,NA11201,S_Quechua-1,SGDP-Quechua,WGS,Genomic_from_cell_lines,Illumina
drs://cgc-ga4gh-api.sbgenomics.com/58b5786ce4b0ec383d92a9f3,LP6005441-DNA_B11.annotated.nh.vcf.gz,Male,LP6005441-DNA_B11,hs37d5,HGDP00987,S_Ju_hoan_North-2,SGDP-Ju_hoan_North,WGS,Genomic_from_cell_lines,Illumina
drs://cgc-ga4gh-api.sbgenomics.com/58b5786ce4b0ec383d92a9f4,LP6005443-DNA_C06.srt.aln.bam,Female,LP6005443-DNA_C06,hs37d5,NA00726,S_Korean-2,SGDP-Korean,WGS,Genomic_from_cell_lines,Illumina
drs://cgc-ga4gh-api.sbgenomics.com/58b5786ce4b0ec383d92a9f5,LP6005443-DNA_C07.srt.aln.bam,Male,LP6005443-DNA_C07,hs37d5,HGDP00555,S_Papuan-11,SGDP-Papuan,WGS,Genomic_from_cell_lines,Illumina
drs://cgc-ga4gh-api.sbgenomics.com/58b5786ce4b0ec383d92a9f6,LP6005443-DNA_D09.srt.aln.bam.bai,Male,LP6005443-DNA_D09,hs37d5,Kusunda15,S_Kusunda-2,SGDP-Kusunda,WGS,Genomic_from_saliva,Illumina
drs://cgc-ga4gh-api.sbgenomics.com/58b5786ce4b0ec383d92a9f7,LP6005443-DNA_C08.srt.aln.bam,Male,LP6005443-DNA_C08,hs37d5,HGDP00547,S_Papuan-6,SGDP-Papuan,WGS,Genomic_from_cell_lines,Illumina
drs://cgc-ga4gh-api.sbgenomics.com/58b5786ce4b0ec383d92a9f8,LP6005442-DNA_D09.srt.aln.bam,Female,LP6005442-DNA_D09,hs37d5,Ayodo_81S,S_Somali-1,SGDP-Somali,WGS,Genomic_from_blood,Illumina
drs://cgc-ga4gh-api.sbgenomics.com/58b5786ce4b0ec383d92a9f9,LP6005442-DNA_D08.srt.aln.bam,Female,LP6005442-DNA_D08,hs37d5,NA15761,S_Icelandic-1,SGDP-Icelandic,WGS,Genomic_from_cell_lines,Illumina
drs://cgc-ga4gh-api.sbgenomics.com/58b5786ce4b0ec383d92a9fa,LP6005443-DNA_C09.srt.aln.bam,Male,LP6005443-DNA_C09,hs37d5,Kusunda02,S_Kusunda-1,SGDP-Kusunda,WGS,Genomic_from_saliva,Illumina
drs://cgc-ga4gh-api.sbgenomics.com/58b5786ce4b0ec383d92a9fb,LP6005443-DNA_E08.annotated.nh.vcf.gz.tbi,Female,LP6005443-DNA_E08,hs37d5,HGDP00554,S_Papuan-14,SGDP-Papuan,WGS,Genomic_from_cell_lines,Illumina
drs://cgc-ga4gh-api.sbgenomics.com/58b5786ce4b0ec383d92a9fc,LP6005519-DNA_B04.annotated.nh.vcf.gz.tbi,Male,LP6005519-DNA_B04,hs37d5,K4,S_Kapu-2,SGDP-Kapu,WGS,Genomic_from_blood,Illumina
drs://cgc-ga4gh-api.sbgenomics.com/58b5786ce4b0ec383d92a9fd,LP6005441-DNA_A10.srt.aln.bam.bai,Male,LP6005441-DNA_A10,hs37d5,HGDP00541,S_Papuan-3,SGDP-Papuan,WGS,Genomic_from_cell_lines,Illumina
drs://cgc-ga4gh-api.sbgenomics.com/58b5786ce4b0ec383d92a9fe,LP6005441-DNA_F04.srt.aln.bam,Female,LP6005441-DNA_F04,hs37d5,HGDP01215,S_Daur-2,SGDP-Daur,WGS,Genomic_from_cell_lines,Illumina
drs://cgc-ga4gh-api.sbgenomics.com/58b5786ce4b0ec383d92a9ff,SS6004471.annotated.nh.vcf.gz.tbi,Male,SS6004471,hs37d5,HGDP00982,B_Mbuti-4,SGDP-Mbuti,WGS,Genomic_from_cell_lines,Illumina
drs://cgc-ga4gh-api.sbgenomics.com/58b5786ce4b0ec383d92aa00,LP6005441-DNA_F03.srt.aln.bam,Female,LP6005441-DNA_F03,hs37d5,HGDP00338,S_Burusho-2,SGDP-Burusho,WGS,Genomic_from_cell_lines,Illumina
drs://cgc-ga4gh-api.sbgenomics.com/58b5786ce4b0ec383d92aa01,LP6005442-DNA_C04.srt.aln.bam.bai,Male,LP6005442-DNA_C04,hs37d5,iran17,S_Iranian-1,SGDP-Iranian,WGS,Genomic_from_blood,Illumina
drs://cgc-ga4gh-api.sbgenomics.com/58b5786ce4b0ec383d92aa02,LP6005442-DNA_E04.srt.aln.bam,Male,LP6005442-DNA_E04,hs37d5,Jordan214,S_Jordanian-3,SGDP-Jordanian,WGS,Genomic_from_blood,Illumina
drs://cgc-ga4gh-api.sbgenomics.com/58b5786ce4b0ec383d92aa03,LP6005442-DNA_B03.annotated.nh.vcf.gz.tbi,Male,LP6005442-DNA_B03,hs37d5,BulgarianC1,S_Bulgarian-2,SGDP-Bulgarian,WGS,Genomic_from_blood,Illumina
drs://cgc-ga4gh-api.sbgenomics.com/58b5786ce4b0ec383d92aa04,LP6005442-DNA_C07.srt.aln.bam.bai,Male,LP6005442-DNA_C07,hs37d5,NA13607,S_Ami-1,SGDP-Ami,WGS,Genomic_from_cell_lines,Illumina
drs://cgc-ga4gh-api.sbgenomics.com/58b5786ce4b0ec383d92aa05,LP6005441-DNA_F12.srt.aln.bam,Female,LP6005441-DNA_F12,hs37d5,HGDP01098,S_Tujia-2,SGDP-Tujia,WGS,Genomic_from_cell_lines,Illumina
drs://cgc-ga4gh-api.sbgenomics.com/58b5786ce4b0ec383d92aa06,LP6005441-DNA_H07.srt.aln.bam,Female,LP6005441-DNA_H07,hs37d5,HGDP00857,S_Mayan-2,SGDP-Mayan,WGS,Genomic_from_cell_lines,Illumina
drs://cgc-ga4gh-api.sbgenomics.com/58b5786ce4b0ec383d92aa07,LP6005441-DNA_D03.annotated.nh.vcf.gz.tbi,Male,LP6005441-DNA_D03,hs37d5,HGDP00027,S_Brahui-1,SGDP-Brahui,WGS,Genomic_from_cell_lines,Illumina
drs://cgc-ga4gh-api.sbgenomics.com/58b5786ce4b0ec383d92aa08,LP6005519-DNA_B05.annotated.nh.vcf.gz.tbi,Male,LP6005519-DNA_B05,hs37d5,R6,S_Relli-2,SGDP-Relli,WGS,Genomic_from_blood,Illumina
drs://cgc-ga4gh-api.sbgenomics.com/58b5786ce4b0ec383d92aa09,LP6005442-DNA_A10.srt.aln.bam.bai,Male,LP6005442-DNA_A10,hs37d5,HG03100,S_Esan-1,SGDP-Esan,WGS,Genomic_from_cell_lines,Illumina
drs://cgc-ga4gh-api.sbgenomics.com/58b5786ce4b0ec383d92aa0a,LP6005443-DNA_E07.annotated.nh.vcf.gz.tbi,Male,LP6005443-DNA_E07,hs37d5,HGDP00543,S_Papuan-4,SGDP-Papuan,WGS,Genomic_from_cell_lines,Illumina
drs://cgc-ga4gh-api.sbgenomics.com/58b5786ce4b0ec383d92aa0b,LP6005443-DNA_A06.srt.aln.bam,Male,LP6005443-DNA_A06,hs37d5,NA17374,S_Greek-2,SGDP-Greek,WGS,Genomic_from_cell_lines,Illumina
drs://cgc-ga4gh-api.sbgenomics.com/58b5786ce4b0ec383d92aa0c,LP6005441-DNA_B10.annotated.nh.vcf.gz,Female,LP6005441-DNA_B10,hs37d5,HGDP00550,S_Papuan-1,SGDP-Papuan,WGS,Genomic_from_cell_lines,Illumina
drs://cgc-ga4gh-api.sbgenomics.com/58b5786ce4b0ec383d92aa0d,LP6005441-DNA_F10.srt.aln.bam,Female,LP6005441-DNA_F10,hs37d5,HGDP01044,S_Pima-2,SGDP-Pima,WGS,Genomic_from_cell_lines,Illumina
drs://cgc-ga4gh-api.sbgenomics.com/58b5786ce4b0ec383d92aa0e,LP6005441-DNA_H09.srt.aln.bam,Female,LP6005441-DNA_H09,hs37d5,HGDP00737,S_Palestinian-3,SGDP-Palestinian,WGS,Genomic_from_cell_lines,Illumina
drs://cgc-ga4gh-api.sbgenomics.com/58b5786ce4b0ec383d92aa0f,LP6005441-DNA_H02.annotated.nh.vcf.gz,Male,LP6005441-DNA_H02,hs37d5,HGDP00461,S_Biaka-2,SGDP-Biaka,WGS,Genomic_from_cell_lines,Illumina
drs://cgc-ga4gh-api.sbgenomics.com/58b5786ce4b0ec383d92aa10,LP6005442-DNA_B11.annotated.nh.vcf.gz.tbi,Female,LP6005442-DNA_B11,hs37d5,HG01504,S_Spanish-2,SGDP-Spanish,WGS,Genomic_from_cell_lines,Illumina
drs://cgc-ga4gh-api.sbgenomics.com/58b5786ce4b0ec383d92aa11,LP6005443-DNA_A02.srt.aln.bam,Male,LP6005443-DNA_A02,hs37d5,HGDP01095,S_Tujia-1,SGDP-Tujia,WGS,Genomic_from_cell_lines,Illumina
drs://cgc-ga4gh-api.sbgenomics.com/58b5786ce4b0ec383d92aa12,LP6005519-DNA_G02.srt.aln.bam.bai,Female,LP6005519-DNA_G02,hs37d5,Peru60,S_Quechua-3,SGDP-Quechua,WGS,Genomic_from_blood,Illumina
drs://cgc-ga4gh-api.sbgenomics.com/58b5786ce4b0ec383d92aa13,LP6005592-DNA_F03.annotated.nh.vcf.gz,Female,LP6005592-DNA_F03,hs37d5,Nlk1,S_Even-1,SGDP-Even,WGS,Genomic_from_blood,Illumina
drs://cgc-ga4gh-api.sbgenomics.com/58b5786ce4b0ec383d92aa14,LP6005442-DNA_F09.srt.aln.bam.bai,Female,LP6005442-DNA_F09,hs37d5,Ayodo_502C,S_Luo-2,SGDP-Luo,WGS,Genomic_from_blood,Illumina
drs://cgc-ga4gh-api.sbgenomics.com/58b5786ce4b0ec383d92aa15,LP6005442-DNA_F12.srt.aln.bam.bai,Female,LP6005442-DNA_F12,hs37d5,Tuba19,S_Tubalar-1,SGDP-Tubalar,WGS,Genomic_from_blood,Illumina
drs://cgc-ga4gh-api.sbgenomics.com/58b5786ce4b0ec383d92aa16,LP6005441-DNA_G05.annotated.nh.vcf.gz.tbi,Male,LP6005441-DNA_G05,hs37d5,HGDP01240,S_Hezhen-1,SGDP-Hezhen,WGS,Genomic_from_cell_lines,Illumina
drs://cgc-ga4gh-api.sbgenomics.com/58b5786ce4b0ec383d92aa17,LP6005442-DNA_D10.srt.aln.bam,Female,LP6005442-DNA_D10,hs37d5,HG00174,S_Finnish-1,SGDP-Finnish,WGS,Genomic_from_cell_lines,Illumina
drs://cgc-ga4gh-api.sbgenomics.com/58b5786ce4b0ec383d92aa18,LP6005677-DNA_E01.srt.aln.bam.bai,Male,LP6005677-DNA_E01,hs37d5,NA11200,S_Quechua-2,SGDP-Quechua,WGS,Genomic_from_cell_lines,Illumina
drs://cgc-ga4gh-api.sbgenomics.com/58b5786ce4b0ec383d92aa19,LP6005592-DNA_E01.annotated.nh.vcf.gz.tbi,Male,LP6005592-DNA_E01,hs37d5,IraqiJew4291,S_Iraqi_Jew-2,SGDP-Iraqi_Jew,WGS,Genomic_from_cell_lines,Illumina
drs://cgc-ga4gh-api.sbgenomics.com/58b5786ce4b0ec383d92aa1a,LP6005443-DNA_C02.srt.aln.bam,Male,LP6005443-DNA_C02,hs37d5,HGDP01246,S_Xibo-2,SGDP-Xibo,WGS,Genomic_from_cell_lines,Illumina
drs://cgc-ga4gh-api.sbgenomics.com/58b5786ce4b0ec383d92aa1b,LP6005442-DNA_F09.srt.aln.bam,Female,LP6005442-DNA_F09,hs37d5,Ayodo_502C,S_Luo-2,SGDP-Luo,WGS,Genomic_from_blood,Illumina
drs://cgc-ga4gh-api.sbgenomics.com/58b5786ce4b0ec383d92aa1c,LP6005519-DNA_D05.annotated.nh.vcf.gz.tbi,Male,LP6005519-DNA_D05,hs37d5,I3,S_Irula-2,SGDP-Irula,WGS,Genomic_from_blood,Illumina
drs://cgc-ga4gh-api.sbgenomics.com/58b5786ce4b0ec383d92aa1d,LP6005443-DNA_C07.annotated.nh.vcf.gz.tbi,Male,LP6005443-DNA_C07,hs37d5,HGDP00555,S_Papuan-11,SGDP-Papuan,WGS,Genomic_from_cell_lines,Illumina
drs://cgc-ga4gh-api.sbgenomics.com/58b5786ce4b0ec383d92aa1e,LP6005592-DNA_E02.annotated.nh.vcf.gz,Male,LP6005592-DNA_E02,hs37d5,ND15865,S_Polish-1,SGDP-Polish,WGS,Genomic_from_cell_lines,Illumina
drs://cgc-ga4gh-api.sbgenomics.com/58b5786ce4b0ec383d92aa1f,LP6005442-DNA_D03.annotated.nh.vcf.gz,Male,LP6005442-DNA_D03,hs37d5,ch113,S_Chechen-1,SGDP-Chechen,WGS,Genomic_from_blood,Illumina
drs://cgc-ga4gh-api.sbgenomics.com/58b5786ce4b0ec383d92aa20,LP6005441-DNA_H03.annotated.nh.vcf.gz,Female,LP6005441-DNA_H03,hs37d5,HGDP00713,S_Cambodian-2,SGDP-Cambodian,WGS,Genomic_from_cell_lines,Illumina
drs://cgc-ga4gh-api.sbgenomics.com/58b5786de4b0ec383d92aa21,LP6005442-DNA_C04.srt.aln.bam,Male,LP6005442-DNA_C04,hs37d5,iran17,S_Iranian-1,SGDP-Iranian,WGS,Genomic_from_blood,Illumina
drs://cgc-ga4gh-api.sbgenomics.com/58b5786de4b0ec383d92aa22,LP6005442-DNA_A02.annotated.nh.vcf.gz.tbi,Male,LP6005442-DNA_A02,hs37d5,HGDP00932,S_Yoruba-2,SGDP-Yoruba,WGS,Genomic_from_cell_lines,Illumina
drs://cgc-ga4gh-api.sbgenomics.com/58b5786de4b0ec383d92aa23,LP6005441-DNA_G12.annotated.nh.vcf.gz.tbi,Male,LP6005441-DNA_G12,hs37d5,HGDP01163,S_Tuscan-2,SGDP-Tuscan,WGS,Genomic_from_cell_lines,Illumina
drs://cgc-ga4gh-api.sbgenomics.com/58b5786de4b0ec383d92aa24,LP6005441-DNA_H03.srt.aln.bam,Female,LP6005441-DNA_H03,hs37d5,HGDP00713,S_Cambodian-2,SGDP-Cambodian,WGS,Genomic_from_cell_lines,Illumina
drs://cgc-ga4gh-api.sbgenomics.com/58b5786de4b0ec383d92aa25,LP6005443-DNA_A08.srt.aln.bam,Male,LP6005443-DNA_A08,hs37d5,HGDP00549,S_Papuan-8,SGDP-Papuan,WGS,Genomic_from_cell_lines,Illumina
drs://cgc-ga4gh-api.sbgenomics.com/58b5786de4b0ec383d92aa26,LP6005441-DNA_H05.srt.aln.bam,Female,LP6005441-DNA_H05,hs37d5,HGDP01242,S_Hezhen-2,SGDP-Hezhen,WGS,Genomic_from_cell_lines,Illumina
drs://cgc-ga4gh-api.sbgenomics.com/58b5786de4b0ec383d92aa27,LP6005442-DNA_C02.srt.aln.bam,Male,LP6005442-DNA_C02,hs37d5,abh107,S_Abkhasian-1,SGDP-Abkhasian,WGS,Genomic_from_blood,Illumina
drs://cgc-ga4gh-api.sbgenomics.com/58b5786de4b0ec383d92aa28,LP6005442-DNA_F12.annotated.nh.vcf.gz,Female,LP6005442-DNA_F12,hs37d5,Tuba19,S_Tubalar-1,SGDP-Tubalar,WGS,Genomic_from_blood,Illumina
drs://cgc-ga4gh-api.sbgenomics.com/58b5786de4b0ec383d92aa29,LP6005441-DNA_F09.annotated.nh.vcf.gz,Female,LP6005441-DNA_F09,hs37d5,HGDP01211,S_Oroqen-2,SGDP-Oroqen,WGS,Genomic_from_cell_lines,Illumina
drs://cgc-ga4gh-api.sbgenomics.com/58b5786de4b0ec383d92aa2a,LP6005519-DNA_A05.srt.aln.bam,Male,LP6005519-DNA_A05,hs37d5,R3,S_Relli-1,SGDP-Relli,WGS,Genomic_from_blood,Illumina
drs://cgc-ga4gh-api.sbgenomics.com/58b5786de4b0ec383d92aa2b,LP6005677-DNA_A02.annotated.nh.vcf.gz,Female,LP6005677-DNA_A02,hs37d5,Bishkek28439,S_Kyrgyz-2,SGDP-Kyrgyz,WGS,Genomic_from_blood,Illumina
drs://cgc-ga4gh-api.sbgenomics.com/58b5786de4b0ec383d92aa2c,LP6005441-DNA_H12.srt.aln.bam,Female,LP6005441-DNA_H12,hs37d5,HGDP01168,S_Tuscan-1,SGDP-Tuscan,WGS,Genomic_from_cell_lines,Illumina
drs://cgc-ga4gh-api.sbgenomics.com/58b5786de4b0ec383d92aa2d,LP6005442-DNA_G01.srt.aln.bam.bai,Male,LP6005442-DNA_G01,hs37d5,HGDP01179,S_Yi-1,SGDP-Yi,WGS,Genomic_from_cell_lines,Illumina
drs://cgc-ga4gh-api.sbgenomics.com/58b5786de4b0ec383d92aa2e,LP6005443-DNA_D01.annotated.nh.vcf.gz,Female,LP6005443-DNA_D01,hs37d5,HGDP00569,S_Druze-1,SGDP-Druze,WGS,Genomic_from_cell_lines,Illumina
drs://cgc-ga4gh-api.sbgenomics.com/58b5786de4b0ec383d92aa2f,LP6005442-DNA_G12.srt.aln.bam,Female,LP6005442-DNA_G12,hs37d5,Ul5,S_Ulchi-2,SGDP-Ulchi,WGS,Genomic_from_blood,Illumina
drs://cgc-ga4gh-api.sbgenomics.com/58b5786de4b0ec383d92aa30,LP6005441-DNA_H10.srt.aln.bam,Female,LP6005441-DNA_H10,hs37d5,HGDP00903,S_Russian-2,SGDP-Russian,WGS,Genomic_from_cell_lines,Illumina
drs://cgc-ga4gh-api.sbgenomics.com/58b5786de4b0ec383d92aa31,LP6005442-DNA_G04.srt.aln.bam.bai,Male,LP6005442-DNA_G04,hs37d5,lez42,S_Lezgin-2,SGDP-Lezgin,WGS,Genomic_from_blood,Illumina
drs://cgc-ga4gh-api.sbgenomics.com/58b5786de4b0ec383d92aa32,LP6005441-DNA_E07.srt.aln.bam.bai,Male,LP6005441-DNA_E07,hs37d5,HGDP01199,S_Mandenka-1,SGDP-Mandenka,WGS,Genomic_from_cell_lines,Illumina
drs://cgc-ga4gh-api.sbgenomics.com/58b5786de4b0ec383d92aa33,LP6005441-DNA_B06.annotated.nh.vcf.gz,Female,LP6005441-DNA_B06,hs37d5,HGDP01172,S_Bergamo-2,SGDP-Bergamo,WGS,Genomic_from_cell_lines,Illumina
drs://cgc-ga4gh-api.sbgenomics.com/58b5786de4b0ec383d92aa34,LP6005442-DNA_F11.annotated.nh.vcf.gz,Female,LP6005442-DNA_F11,hs37d5,NA19023,S_Luhya-1,SGDP-Luhya,WGS,Genomic_from_cell_lines,Illumina
drs://cgc-ga4gh-api.sbgenomics.com/58b5786de4b0ec383d92aa35,LP6005442-DNA_G10.srt.aln.bam,Male,LP6005442-DNA_G10,hs37d5,HG02464,S_Gambian-1,SGDP-Gambian,WGS,Genomic_from_cell_lines,Illumina
drs://cgc-ga4gh-api.sbgenomics.com/58b5786de4b0ec383d92aa36,LP6005442-DNA_E04.annotated.nh.vcf.gz,Male,LP6005442-DNA_E04,hs37d5,Jordan214,S_Jordanian-3,SGDP-Jordanian,WGS,Genomic_from_blood,Illumina
drs://cgc-ga4gh-api.sbgenomics.com/58b5786de4b0ec383d92aa37,LP6005443-DNA_H03.srt.aln.bam.bai,Female,LP6005443-DNA_H03,hs37d5,Sir40,S_Eskimo_Sireniki-2,SGDP-Eskimo_Sireniki,WGS,Genomic_from_blood,Illumina
drs://cgc-ga4gh-api.sbgenomics.com/58b5786de4b0ec383d92aa38,LP6005443-DNA_H05.annotated.nh.vcf.gz,Male,LP6005443-DNA_H05,hs37d5,NA15728,S_Czech-2,SGDP-Czech,WGS,Genomic_from_cell_lines,Illumina
drs://cgc-ga4gh-api.sbgenomics.com/58b5786de4b0ec383d92aa39,LP6005441-DNA_F03.annotated.nh.vcf.gz.tbi,Female,LP6005441-DNA_F03,hs37d5,HGDP00338,S_Burusho-2,SGDP-Burusho,WGS,Genomic_from_cell_lines,Illumina
drs://cgc-ga4gh-api.sbgenomics.com/58b5786de4b0ec383d92aa3a,LP6005519-DNA_B06.srt.aln.bam.bai,Male,LP6005519-DNA_B06,hs37d5,Bu16,S_Burmese-1,SGDP-Burmese,WGS,Genomic_from_saliva,Illumina
drs://cgc-ga4gh-api.sbgenomics.com/58b5786de4b0ec383d92aa3b,SS6004467.annotated.nh.vcf.gz,Male,SS6004467,hs37d5,HGDP01308,B_Dai-4,SGDP-Dai,WGS,Genomic_from_cell_lines,Illumina
drs://cgc-ga4gh-api.sbgenomics.com/58b5786de4b0ec383d92aa3c,LP6005441-DNA_G12.srt.aln.bam,Male,LP6005441-DNA_G12,hs37d5,HGDP01163,S_Tuscan-2,SGDP-Tuscan,WGS,Genomic_from_cell_lines,Illumina
drs://cgc-ga4gh-api.sbgenomics.com/58b5786de4b0ec383d92aa3d,LP6007069-DNA_A01.srt.aln.bam.bai,Female,LP6007069-DNA_A01,hs37d5,AV-21,B_Crete-1,SGDP-Crete,WGS,Genomic_from_blood,Illumina
drs://cgc-ga4gh-api.sbgenomics.com/58b5786de4b0ec383d92aa3e,LP6005443-DNA_A06.annotated.nh.vcf.gz,Male,LP6005443-DNA_A06,hs37d5,NA17374,S_Greek-2,SGDP-Greek,WGS,Genomic_from_cell_lines,Illumina
drs://cgc-ga4gh-api.sbgenomics.com/58b5786de4b0ec383d92aa3f,LP6005441-DNA_G10.srt.aln.bam,Male,LP6005441-DNA_G10,hs37d5,HGDP00887,S_Russian-1,SGDP-Russian,WGS,Genomic_from_cell_lines,Illumina
drs://cgc-ga4gh-api.sbgenomics.com/58b5786de4b0ec383d92aa40,LP6005442-DNA_F10.srt.aln.bam,Female,LP6005442-DNA_F10,hs37d5,HG00128,S_English-2,SGDP-English,WGS,Genomic_from_cell_lines,Illumina
drs://cgc-ga4gh-api.sbgenomics.com/58b5786de4b0ec383d92aa41,LP6005442-DNA_F12.srt.aln.bam,Female,LP6005442-DNA_F12,hs37d5,Tuba19,S_Tubalar-1,SGDP-Tubalar,WGS,Genomic_from_blood,Illumina
drs://cgc-ga4gh-api.sbgenomics.com/58b5786de4b0ec383d92aa42,LP6005519-DNA_B05.srt.aln.bam,Male,LP6005519-DNA_B05,hs37d5,R6,S_Relli-2,SGDP-Relli,WGS,Genomic_from_blood,Illumina
drs://cgc-ga4gh-api.sbgenomics.com/58b5786de4b0ec383d92aa43,LP6005443-DNA_G11.srt.aln.bam.bai,Male,LP6005443-DNA_G11,hs37d5,mixa0099,S_Mixtec-1,SGDP-Mixtec,WGS,Genomic_from_cell_lines,Illumina
drs://cgc-ga4gh-api.sbgenomics.com/58b5786de4b0ec383d92aa44,LP6005443-DNA_E10.srt.aln.bam,Male,LP6005443-DNA_E10,hs37d5,NorthOssetia12,S_North_Ossetian-1,SGDP-North_Ossetian,WGS,Genomic_from_blood,Illumina
drs://cgc-ga4gh-api.sbgenomics.com/58b5786de4b0ec383d92aa45,LP6005519-DNA_C05.srt.aln.bam,Male,LP6005519-DNA_C05,hs37d5,I1,S_Irula-1,SGDP-Irula,WGS,Genomic_from_blood,Illumina
drs://cgc-ga4gh-api.sbgenomics.com/58b5786de4b0ec383d92aa46,LP6005441-DNA_C11.annotated.nh.vcf.gz,Male,LP6005441-DNA_C11,hs37d5,HGDP01079,S_Sardinian-1,SGDP-Sardinian,WGS,Genomic_from_cell_lines,Illumina
drs://cgc-ga4gh-api.sbgenomics.com/58b5786de4b0ec383d92aa47,LP6005519-DNA_C03.srt.aln.bam,Male,LP6005519-DNA_C03,hs37d5,tdj409_shugnan,S_Tajik-1,SGDP-Tajik,WGS,Genomic_from_blood,Illumina
drs://cgc-ga4gh-api.sbgenomics.com/58b5786de4b0ec383d92aa48,LP6005442-DNA_G10.srt.aln.bam.bai,Male,LP6005442-DNA_G10,hs37d5,HG02464,S_Gambian-1,SGDP-Gambian,WGS,Genomic_from_cell_lines,Illumina
drs://cgc-ga4gh-api.sbgenomics.com/58b5786de4b0ec383d92aa49,LP6005443-DNA_G08.srt.aln.bam.bai,Male,LP6005443-DNA_G08,hs37d5,HGDP00991,S_Ju_hoan_North-1,SGDP-Ju_hoan_North,WGS,Genomic_from_cell_lines,Illumina
drs://cgc-ga4gh-api.sbgenomics.com/58b5786de4b0ec383d92aa4a,LP6005442-DNA_B03.srt.aln.bam.bai,Male,LP6005442-DNA_B03,hs37d5,BulgarianC1,S_Bulgarian-2,SGDP-Bulgarian,WGS,Genomic_from_blood,Illumina
drs://cgc-ga4gh-api.sbgenomics.com/58b5786de4b0ec383d92aa4b,LP6005441-DNA_A03.annotated.nh.vcf.gz,Female,LP6005441-DNA_A03,hs37d5,HGDP00656,S_Bougainville-2,SGDP-Bougainville,WGS,Genomic_from_cell_lines,Illumina
drs://cgc-ga4gh-api.sbgenomics.com/58b5786de4b0ec383d92aa4c,LP6005442-DNA_G07.srt.aln.bam,Male,LP6005442-DNA_G07,hs37d5,NA17377,S_Greek-1,SGDP-Greek,WGS,Genomic_from_cell_lines,Illumina
drs://cgc-ga4gh-api.sbgenomics.com/58b5786de4b0ec383d92aa4d,LP6005443-DNA_E11.srt.aln.bam.bai,Female,LP6005443-DNA_E11,hs37d5,mixe0002,S_Mixe-2,SGDP-Mixe,WGS,Genomic_from_cell_lines,Illumina
drs://cgc-ga4gh-api.sbgenomics.com/58b5786de4b0ec383d92aa4e,LP6005441-DNA_B04.annotated.nh.vcf.gz,Female,LP6005441-DNA_B04,hs37d5,HGDP00706,S_Piapoco-2,SGDP-Piapoco,WGS,Genomic_from_cell_lines,Illumina
drs://cgc-ga4gh-api.sbgenomics.com/58b5786de4b0ec383d92aa4f,LP6005443-DNA_A12.annotated.nh.vcf.gz.tbi,Male,LP6005443-DNA_A12,hs37d5,zapo0098,S_Zapotec-1,SGDP-Zapotec,WGS,Genomic_from_cell_lines,Illumina
drs://cgc-ga4gh-api.sbgenomics.com/58b5786de4b0ec383d92aa50,LP6005442-DNA_B02.annotated.nh.vcf.gz.tbi,Female,LP6005442-DNA_B02,hs37d5,HGDP00928,S_Yoruba-1,SGDP-Yoruba,WGS,Genomic_from_cell_lines,Illumina
drs://cgc-ga4gh-api.sbgenomics.com/58b5786de4b0ec383d92aa51,LP6005442-DNA_G02.srt.aln.bam,Male,LP6005442-DNA_G02,hs37d5,armenia293,S_Armenian-1,SGDP-Armenian,WGS,Genomic_from_blood,Illumina
drs://cgc-ga4gh-api.sbgenomics.com/58b5786de4b0ec383d92aa52,LP6005443-DNA_A07.annotated.nh.vcf.gz,Male,LP6005443-DNA_A07,hs37d5,CHI-007,S_Thai-1,SGDP-Thai,WGS,Genomic_from_cell_lines,Illumina
drs://cgc-ga4gh-api.sbgenomics.com/58b5786de4b0ec383d92aa53,LP6005442-DNA_B02.srt.aln.bam,Female,LP6005442-DNA_B02,hs37d5,HGDP00928,S_Yoruba-1,SGDP-Yoruba,WGS,Genomic_from_cell_lines,Illumina
drs://cgc-ga4gh-api.sbgenomics.com/58b5786de4b0ec383d92aa54,LP6005519-DNA_A05.srt.aln.bam.bai,Male,LP6005519-DNA_A05,hs37d5,R3,S_Relli-1,SGDP-Relli,WGS,Genomic_from_blood,Illumina
drs://cgc-ga4gh-api.sbgenomics.com/58b5786de4b0ec383d92aa55,LP6005592-DNA_D01.annotated.nh.vcf.gz.tbi,Male,LP6005592-DNA_D01,hs37d5,Utsa22,S_Saami-2,SGDP-Saami,WGS,Genomic_from_saliva,Illumina
drs://cgc-ga4gh-api.sbgenomics.com/58b5786de4b0ec383d92aa56,LP6005442-DNA_E04.annotated.nh.vcf.gz.tbi,Male,LP6005442-DNA_E04,hs37d5,Jordan214,S_Jordanian-3,SGDP-Jordanian,WGS,Genomic_from_blood,Illumina
drs://cgc-ga4gh-api.sbgenomics.com/58b5786de4b0ec383d92aa57,LP6005442-DNA_B03.srt.aln.bam,Male,LP6005442-DNA_B03,hs37d5,BulgarianC1,S_Bulgarian-2,SGDP-Bulgarian,WGS,Genomic_from_blood,Illumina
drs://cgc-ga4gh-api.sbgenomics.com/58b5786de4b0ec383d92aa58,LP6005443-DNA_A01.srt.aln.bam.bai,Male,LP6005443-DNA_A01,hs37d5,HGDP01417,S_BantuKenya-1,SGDP-BantuKenya,WGS,Genomic_from_cell_lines,Illumina
drs://cgc-ga4gh-api.sbgenomics.com/58b5786de4b0ec383d92aa59,LP6005443-DNA_A06.annotated.nh.vcf.gz.tbi,Male,LP6005443-DNA_A06,hs37d5,NA17374,S_Greek-2,SGDP-Greek,WGS,Genomic_from_cell_lines,Illumina
drs://cgc-ga4gh-api.sbgenomics.com/58b5786de4b0ec383d92aa5a,LP6007068-DNA_A01.srt.aln.bam.bai,Male,LP6007068-DNA_A01,hs37d5,TZ-11,B_Crete-2,SGDP-Crete,WGS,Genomic_from_blood,Illumina
drs://cgc-ga4gh-api.sbgenomics.com/58b5786de4b0ec383d92aa5b,LP6005519-DNA_A05.annotated.nh.vcf.gz.tbi,Male,LP6005519-DNA_A05,hs37d5,R3,S_Relli-1,SGDP-Relli,WGS,Genomic_from_blood,Illumina
drs://cgc-ga4gh-api.sbgenomics.com/58b5786de4b0ec383d92aa5c,LP6005441-DNA_D08.srt.aln.bam,Female,LP6005441-DNA_D08,hs37d5,HGDP01198,S_Miao-2,SGDP-Miao,WGS,Genomic_from_cell_lines,Illumina
drs://cgc-ga4gh-api.sbgenomics.com/58b5786de4b0ec383d92aa5d,LP6005443-DNA_H11.annotated.nh.vcf.gz,Female,LP6005443-DNA_H11,hs37d5,mixa0105,S_Mixtec-2,SGDP-Mixtec,WGS,Genomic_from_cell_lines,Illumina
drs://cgc-ga4gh-api.sbgenomics.com/58b5786de4b0ec383d92aa5e,LP6005443-DNA_D08.annotated.nh.vcf.gz,Female,LP6005443-DNA_D08,hs37d5,HGDP00552,S_Papuan-13,SGDP-Papuan,WGS,Genomic_from_cell_lines,Illumina
drs://cgc-ga4gh-api.sbgenomics.com/58b5786de4b0ec383d92aa5f,LP6005443-DNA_F07.annotated.nh.vcf.gz.tbi,Male,LP6005443-DNA_F07,hs37d5,HGDP00548,S_Papuan-7,SGDP-Papuan,WGS,Genomic_from_cell_lines,Illumina
drs://cgc-ga4gh-api.sbgenomics.com/58b5786de4b0ec383d92aa60,LP6005519-DNA_F06.annotated.nh.vcf.gz.tbi,Female,LP6005519-DNA_F06,hs37d5,Dus22,S_Dusun-1,SGDP-Dusun,WGS,Genomic_from_saliva,Illumina
drs://cgc-ga4gh-api.sbgenomics.com/58b5786de4b0ec383d92aa61,LP6005441-DNA_D09.srt.aln.bam,Female,LP6005441-DNA_D09,hs37d5,HGDP00796,S_Orcadian-2,SGDP-Orcadian,WGS,Genomic_from_cell_lines,Illumina
drs://cgc-ga4gh-api.sbgenomics.com/58b5786de4b0ec383d92aa62,LP6005519-DNA_D03.srt.aln.bam,Male,LP6005519-DNA_D03,hs37d5,tdj430_shugnan,S_Tajik-2,SGDP-Tajik,WGS,Genomic_from_blood,Illumina
drs://cgc-ga4gh-api.sbgenomics.com/58b5786de4b0ec383d92aa63,LP6005519-DNA_D04.srt.aln.bam,Male,LP6005519-DNA_D04,hs37d5,Y8,S_Yadava-2,SGDP-Yadava,WGS,Genomic_from_blood,Illumina
drs://cgc-ga4gh-api.sbgenomics.com/58b5786de4b0ec383d92aa64,LP6005443-DNA_H01.annotated.nh.vcf.gz.tbi,Male,LP6005443-DNA_H01,hs37d5,HGDP01350,S_Tu-1,SGDP-Tu,WGS,Genomic_from_cell_lines,Illumina
drs://cgc-ga4gh-api.sbgenomics.com/58b5786de4b0ec383d92aa65,LP6005592-DNA_G03.annotated.nh.vcf.gz.tbi,Male,LP6005592-DNA_G03,hs37d5,Jordan445,S_Jordanian-1,SGDP-Jordanian,WGS,Genomic_from_blood,Illumina
drs://cgc-ga4gh-api.sbgenomics.com/58b5786de4b0ec383d92aa66,LP6005441-DNA_E02.annotated.nh.vcf.gz.tbi,Male,LP6005441-DNA_E02,hs37d5,HGDP00616,S_BedouinB-1,SGDP-BedouinB,WGS,Genomic_from_cell_lines,Illumina
drs://cgc-ga4gh-api.sbgenomics.com/58b5786de4b0ec383d92aa67,LP6005443-DNA_F01.annotated.nh.vcf.gz,Male,LP6005443-DNA_F01,hs37d5,HGDP01333,S_She-2,SGDP-She,WGS,Genomic_from_cell_lines,Illumina
drs://cgc-ga4gh-api.sbgenomics.com/58b5786de4b0ec383d92aa68,LP6005519-DNA_C05.srt.aln.bam.bai,Male,LP6005519-DNA_C05,hs37d5,I1,S_Irula-1,SGDP-Irula,WGS,Genomic_from_blood,Illumina
drs://cgc-ga4gh-api.sbgenomics.com/58b5786de4b0ec383d92aa69,LP6005443-DNA_A07.srt.aln.bam.bai,Male,LP6005443-DNA_A07,hs37d5,CHI-007,S_Thai-1,SGDP-Thai,WGS,Genomic_from_cell_lines,Illumina
drs://cgc-ga4gh-api.sbgenomics.com/58b5786de4b0ec383d92aa6a,SS6004473.annotated.nh.vcf.gz,Male,SS6004473,hs37d5,HGDP01036,B_Ju_hoan_North-4,SGDP-Ju_hoan_North,WGS,Genomic_from_cell_lines,Illumina
drs://cgc-ga4gh-api.sbgenomics.com/58b5786de4b0ec383d92aa6b,LP6005441-DNA_D06.annotated.nh.vcf.gz,Female,LP6005441-DNA_D06,hs37d5,HGDP00773,S_Japanese-2,SGDP-Japanese,WGS,Genomic_from_cell_lines,Illumina
drs://cgc-ga4gh-api.sbgenomics.com/58b5786de4b0ec383d92aa6c,LP6005443-DNA_E09.annotated.nh.vcf.gz.tbi,Male,LP6005443-DNA_E09,hs37d5,HGDP01338,S_Naxi-1,SGDP-Naxi,WGS,Genomic_from_cell_lines,Illumina
drs://cgc-ga4gh-api.sbgenomics.com/58b5786de4b0ec383d92aa6d,SS6004470.annotated.nh.vcf.gz.tbi,Male,SS6004470,hs37d5,HGDP01286,B_Mandenka-3,SGDP-Mandenka,WGS,Genomic_from_cell_lines,Illumina
drs://cgc-ga4gh-api.sbgenomics.com/58b5786de4b0ec383d92aa6e,LP6005441-DNA_D05.srt.aln.bam,Female,LP6005441-DNA_D05,hs37d5,HGDP00783,S_Han-1,SGDP-Han,WGS,Genomic_from_cell_lines,Illumina
drs://cgc-ga4gh-api.sbgenomics.com/58b5786de4b0ec383d92aa6f,LP6005443-DNA_E08.srt.aln.bam,Female,LP6005443-DNA_E08,hs37d5,HGDP00554,S_Papuan-14,SGDP-Papuan,WGS,Genomic_from_cell_lines,Illumina
drs://cgc-ga4gh-api.sbgenomics.com/58b5786de4b0ec383d92aa70,LP6005442-DNA_G07.srt.aln.bam.bai,Male,LP6005442-DNA_G07,hs37d5,NA17377,S_Greek-1,SGDP-Greek,WGS,Genomic_from_cell_lines,Illumina
drs://cgc-ga4gh-api.sbgenomics.com/58b5786de4b0ec383d92aa71,LP6005443-DNA_E09.srt.aln.bam,Male,LP6005443-DNA_E09,hs37d5,HGDP01338,S_Naxi-1,SGDP-Naxi,WGS,Genomic_from_cell_lines,Illumina
drs://cgc-ga4gh-api.sbgenomics.com/58b5786de4b0ec383d92aa72,LP6005442-DNA_A10.annotated.nh.vcf.gz.tbi,Male,LP6005442-DNA_A10,hs37d5,HG03100,S_Esan-1,SGDP-Esan,WGS,Genomic_from_cell_lines,Illumina
drs://cgc-ga4gh-api.sbgenomics.com/58b5786de4b0ec383d92aa73,LP6005442-DNA_H12.srt.aln.bam,Female,LP6005442-DNA_H12,hs37d5,Ul31,S_Ulchi-1,SGDP-Ulchi,WGS,Genomic_from_blood,Illumina
drs://cgc-ga4gh-api.sbgenomics.com/58b5786de4b0ec383d92aa74,LP6005443-DNA_E08.srt.aln.bam.bai,Female,LP6005443-DNA_E08,hs37d5,HGDP00554,S_Papuan-14,SGDP-Papuan,WGS,Genomic_from_cell_lines,Illumina
drs://cgc-ga4gh-api.sbgenomics.com/58b5786de4b0ec383d92aa75,LP6005441-DNA_D04.srt.aln.bam,Female,LP6005441-DNA_D04,hs37d5,HGDP01315,S_Dai-3,SGDP-Dai,WGS,Genomic_from_cell_lines,Illumina
drs://cgc-ga4gh-api.sbgenomics.com/58b5786de4b0ec383d92aa76,LP6005441-DNA_C03.annotated.nh.vcf.gz.tbi,Male,LP6005441-DNA_C03,hs37d5,HGDP00019,S_Brahui-2,SGDP-Brahui,WGS,Genomic_from_cell_lines,Illumina
drs://cgc-ga4gh-api.sbgenomics.com/58b5786de4b0ec383d92aa77,LP6005442-DNA_G03.srt.aln.bam,Male,LP6005442-DNA_G03,hs37d5,Est400,S_Estonian-2,SGDP-Estonian,WGS,Genomic_from_blood,Illumina
drs://cgc-ga4gh-api.sbgenomics.com/58b5786de4b0ec383d92aa78,LP6005441-DNA_A09.annotated.nh.vcf.gz.tbi,Male,LP6005441-DNA_A09,hs37d5,HGDP01344,S_Naxi-2,SGDP-Naxi,WGS,Genomic_from_cell_lines,Illumina
drs://cgc-ga4gh-api.sbgenomics.com/58b5786de4b0ec383d92aa79,LP6005443-DNA_B08.annotated.nh.vcf.gz,Male,LP6005443-DNA_B08,hs37d5,HGDP00553,S_Papuan-10,SGDP-Papuan,WGS,Genomic_from_cell_lines,Illumina
drs://cgc-ga4gh-api.sbgenomics.com/58b5786de4b0ec383d92aa7a,LP6005441-DNA_D01.srt.aln.bam,Male,LP6005441-DNA_D01,hs37d5,HGDP00090,S_Balochi-1,SGDP-Balochi,WGS,Genomic_from_cell_lines,Illumina
drs://cgc-ga4gh-api.sbgenomics.com/58b5786de4b0ec383d92aa7b,LP6005442-DNA_B03.annotated.nh.vcf.gz,Male,LP6005442-DNA_B03,hs37d5,BulgarianC1,S_Bulgarian-2,SGDP-Bulgarian,WGS,Genomic_from_blood,Illumina
drs://cgc-ga4gh-api.sbgenomics.com/58b5786de4b0ec383d92aa7c,LP6005443-DNA_D05.srt.aln.bam,Female,LP6005443-DNA_D05,hs37d5,Ale14,S_Tlingit-2,SGDP-Tlingit,WGS,Genomic_from_blood,Illumina
drs://cgc-ga4gh-api.sbgenomics.com/58b5786de4b0ec383d92aa7d,LP6005442-DNA_A08.annotated.nh.vcf.gz,Male,LP6005442-DNA_A08,hs37d5,NA15202,S_Hungarian-2,SGDP-Hungarian,WGS,Genomic_from_cell_lines,Illumina
drs://cgc-ga4gh-api.sbgenomics.com/58b5786de4b0ec383d92aa7e,LP6005442-DNA_C10.srt.aln.bam,Male,LP6005442-DNA_C10,hs37d5,HG00190,S_Finnish-2,SGDP-Finnish,WGS,Genomic_from_cell_lines,Illumina
drs://cgc-ga4gh-api.sbgenomics.com/58b5786de4b0ec383d92aa7f,LP6005443-DNA_B04.annotated.nh.vcf.gz.tbi,Female,LP6005443-DNA_B04,hs37d5,Nlk3,S_Even-3,SGDP-Even,WGS,Genomic_from_blood,Illumina
drs://cgc-ga4gh-api.sbgenomics.com/58b5786de4b0ec383d92aa80,LP6005441-DNA_C11.annotated.nh.vcf.gz.tbi,Male,LP6005441-DNA_C11,hs37d5,HGDP01079,S_Sardinian-1,SGDP-Sardinian,WGS,Genomic_from_cell_lines,Illumina
drs://cgc-ga4gh-api.sbgenomics.com/58b5786de4b0ec383d92aa81,LP6005442-DNA_E11.annotated.nh.vcf.gz,Male,LP6005442-DNA_E11,hs37d5,NA19044,S_Luhya-2,SGDP-Luhya,WGS,Genomic_from_cell_lines,Illumina
drs://cgc-ga4gh-api.sbgenomics.com/58b5786de4b0ec383d92aa82,LP6005443-DNA_D01.srt.aln.bam,Female,LP6005443-DNA_D01,hs37d5,HGDP00569,S_Druze-1,SGDP-Druze,WGS,Genomic_from_cell_lines,Illumina
drs://cgc-ga4gh-api.sbgenomics.com/58b5786de4b0ec383d92aa83,LP6005677-DNA_E01.srt.aln.bam,Male,LP6005677-DNA_E01,hs37d5,NA11200,S_Quechua-2,SGDP-Quechua,WGS,Genomic_from_cell_lines,Illumina
drs://cgc-ga4gh-api.sbgenomics.com/58b5786de4b0ec383d92aa84,LP6005441-DNA_G06.annotated.nh.vcf.gz.tbi,Male,LP6005441-DNA_G06,hs37d5,HGDP01012,S_Karitiana-1,SGDP-Karitiana,WGS,Genomic_from_cell_lines,Illumina
drs://cgc-ga4gh-api.sbgenomics.com/58b5786de4b0ec383d92aa85,LP6005442-DNA_B12.srt.aln.bam.bai,Female,LP6005442-DNA_B12,hs37d5,HG02790,S_Punjabi-3,SGDP-Punjabi,WGS,Genomic_from_cell_lines,Illumina
drs://cgc-ga4gh-api.sbgenomics.com/58b5786de4b0ec383d92aa86,LP6005592-DNA_G03.srt.aln.bam.bai,Male,LP6005592-DNA_G03,hs37d5,Jordan445,S_Jordanian-1,SGDP-Jordanian,WGS,Genomic_from_blood,Illumina
drs://cgc-ga4gh-api.sbgenomics.com/58b5786de4b0ec383d92aa87,LP6005619-DNA_B01.srt.aln.bam,Male,LP6005619-DNA_B01,hs37d5,SAH31,S_Saharawi-1,SGDP-Saharawi,WGS,Genomic_from_blood,Illumina
drs://cgc-ga4gh-api.sbgenomics.com/58b5786de4b0ec383d92aa88,LP6005443-DNA_D08.srt.aln.bam,Female,LP6005443-DNA_D08,hs37d5,HGDP00552,S_Papuan-13,SGDP-Papuan,WGS,Genomic_from_cell_lines,Illumina
drs://cgc-ga4gh-api.sbgenomics.com/58b5786de4b0ec383d92aa89,LP6005441-DNA_E05.srt.aln.bam,Male,LP6005441-DNA_E05,hs37d5,HGDP00125,S_Hazara-2,SGDP-Hazara,WGS,Genomic_from_cell_lines,Illumina
drs://cgc-ga4gh-api.sbgenomics.com/58b5786de4b0ec383d92aa8a,LP6005592-DNA_H01.annotated.nh.vcf.gz.tbi,Female,LP6005592-DNA_H01,hs37d5,YemeniteJew4695,S_Yemenite_Jew-1,SGDP-Yemenite_Jew,WGS,Genomic_from_cell_lines,Illumina
drs://cgc-ga4gh-api.sbgenomics.com/58b5786de4b0ec383d92aa8b,LP6005441-DNA_A05.annotated.nh.vcf.gz,Male,LP6005441-DNA_A05,hs37d5,HGDP00530,S_French-1,SGDP-French,WGS,Genomic_from_cell_lines,Illumina
drs://cgc-ga4gh-api.sbgenomics.com/58b5786de4b0ec383d92aa8c,LP6005442-DNA_E10.srt.aln.bam.bai,Male,LP6005442-DNA_E10,hs37d5,HG00126,S_English-1,SGDP-English,WGS,Genomic_from_cell_lines,Illumina
drs://cgc-ga4gh-api.sbgenomics.com/58b5786de4b0ec383d92aa8d,LP6005443-DNA_D09.srt.aln.bam,Male,LP6005443-DNA_D09,hs37d5,Kusunda15,S_Kusunda-2,SGDP-Kusunda,WGS,Genomic_from_saliva,Illumina
drs://cgc-ga4gh-api.sbgenomics.com/58b5786de4b0ec383d92aa8e,LP6005519-DNA_F03.srt.aln.bam.bai,Male,LP6005519-DNA_F03,hs37d5,Armenian222,S_Armenian-2,SGDP-Armenian,WGS,Genomic_from_blood,Illumina
drs://cgc-ga4gh-api.sbgenomics.com/58b5786de4b0ec383d92aa8f,LP6005442-DNA_B10.srt.aln.bam,Female,LP6005442-DNA_B10,hs37d5,HG02943,S_Esan-2,SGDP-Esan,WGS,Genomic_from_cell_lines,Illumina
drs://cgc-ga4gh-api.sbgenomics.com/58b5786de4b0ec383d92aa90,LP6005519-DNA_F06.srt.aln.bam.bai,Female,LP6005519-DNA_F06,hs37d5,Dus22,S_Dusun-1,SGDP-Dusun,WGS,Genomic_from_saliva,Illumina
drs://cgc-ga4gh-api.sbgenomics.com/58b5786de4b0ec383d92aa91,LP6005442-DNA_A04.annotated.nh.vcf.gz.tbi,Male,LP6005442-DNA_A04,hs37d5,mg31,S_Georgian-2,SGDP-Georgian,WGS,Genomic_from_blood,Illumina
drs://cgc-ga4gh-api.sbgenomics.com/58b5786de4b0ec383d92aa92,LP6005442-DNA_D03.annotated.nh.vcf.gz.tbi,Male,LP6005442-DNA_D03,hs37d5,ch113,S_Chechen-1,SGDP-Chechen,WGS,Genomic_from_blood,Illumina
drs://cgc-ga4gh-api.sbgenomics.com/58b5786de4b0ec383d92aa93,LP6005443-DNA_E05.srt.aln.bam,Male,LP6005443-DNA_E05,hs37d5,Ale32,S_Tlingit-1,SGDP-Tlingit,WGS,Genomic_from_blood,Illumina
drs://cgc-ga4gh-api.sbgenomics.com/58b5786de4b0ec383d92aa94,LP6005443-DNA_A12.srt.aln.bam,Male,LP6005443-DNA_A12,hs37d5,zapo0098,S_Zapotec-1,SGDP-Zapotec,WGS,Genomic_from_cell_lines,Illumina
drs://cgc-ga4gh-api.sbgenomics.com/58b5786de4b0ec383d92aa95,LP6005441-DNA_D01.annotated.nh.vcf.gz.tbi,Male,LP6005441-DNA_D01,hs37d5,HGDP00090,S_Balochi-1,SGDP-Balochi,WGS,Genomic_from_cell_lines,Illumina
drs://cgc-ga4gh-api.sbgenomics.com/58b5786de4b0ec383d92aa96,LP6005441-DNA_B02.srt.aln.bam.bai,Female,LP6005441-DNA_B02,hs37d5,HGDP01414,S_BantuKenya-2,SGDP-BantuKenya,WGS,Genomic_from_cell_lines,Illumina
drs://cgc-ga4gh-api.sbgenomics.com/58b5786de4b0ec383d92aa97,LP6005441-DNA_D12.annotated.nh.vcf.gz,Female,LP6005441-DNA_D12,hs37d5,HGDP01355,S_Tu-2,SGDP-Tu,WGS,Genomic_from_cell_lines,Illumina
drs://cgc-ga4gh-api.sbgenomics.com/58b5786de4b0ec383d92aa98,LP6005677-DNA_D03.annotated.nh.vcf.gz,Female,LP6005677-DNA_D03,hs37d5,SA0342,S_Khomani_San-1,SGDP-Khomani_San,WGS,Genomic_from_saliva,Illumina
drs://cgc-ga4gh-api.sbgenomics.com/58b5786de4b0ec383d92aa99,LP6005442-DNA_E07.annotated.nh.vcf.gz.tbi,Male,LP6005442-DNA_E07,hs37d5,NA13604,S_Atayal-1,SGDP-Atayal,WGS,Genomic_from_cell_lines,Illumina
drs://cgc-ga4gh-api.sbgenomics.com/58b5786de4b0ec383d92aa9a,LP6005442-DNA_F02.srt.aln.bam,Male,LP6005442-DNA_F02,hs37d5,altai363p,S_Altaian-1,SGDP-Altaian,WGS,Genomic_from_blood,Illumina
drs://cgc-ga4gh-api.sbgenomics.com/58b5786de4b0ec383d92aa9b,LP6005443-DNA_D08.annotated.nh.vcf.gz.tbi,Female,LP6005443-DNA_D08,hs37d5,HGDP00552,S_Papuan-13,SGDP-Papuan,WGS,Genomic_from_cell_lines,Illumina
drs://cgc-ga4gh-api.sbgenomics.com/58b5786de4b0ec383d92aa9c,LP6005519-DNA_C04.annotated.nh.vcf.gz.tbi,Male,LP6005519-DNA_C04,hs37d5,Y4,S_Yadava-1,SGDP-Yadava,WGS,Genomic_from_blood,Illumina
drs://cgc-ga4gh-api.sbgenomics.com/58b5786de4b0ec383d92aa9d,LP6005441-DNA_B08.srt.aln.bam.bai,Female,LP6005441-DNA_B08,hs37d5,HGDP00476,S_Mbuti-2,SGDP-Mbuti,WGS,Genomic_from_cell_lines,Illumina
drs://cgc-ga4gh-api.sbgenomics.com/58b5786de4b0ec383d92aa9e,LP6005441-DNA_B11.srt.aln.bam.bai,Male,LP6005441-DNA_B11,hs37d5,HGDP00987,S_Ju_hoan_North-2,SGDP-Ju_hoan_North,WGS,Genomic_from_cell_lines,Illumina
drs://cgc-ga4gh-api.sbgenomics.com/58b5786de4b0ec383d92aa9f,LP6005441-DNA_B05.srt.aln.bam.bai,Female,LP6005441-DNA_B05,hs37d5,HGDP00526,S_French-2,SGDP-French,WGS,Genomic_from_cell_lines,Illumina
drs://cgc-ga4gh-api.sbgenomics.com/58b5786de4b0ec383d92aaa0,LP6005443-DNA_E01.srt.aln.bam,Male,LP6005443-DNA_E01,hs37d5,HGDP01320,S_Lahu-2,SGDP-Lahu,WGS,Genomic_from_cell_lines,Illumina
drs://cgc-ga4gh-api.sbgenomics.com/58b5786de4b0ec383d92aaa1,LP6005519-DNA_H03.srt.aln.bam.bai,Male,LP6005519-DNA_H03,hs37d5,B17,S_Brahmin-2,SGDP-Brahmin,WGS,Genomic_from_blood,Illumina
drs://cgc-ga4gh-api.sbgenomics.com/58b5786de4b0ec383d92aaa2,LP6005441-DNA_G09.annotated.nh.vcf.gz,Male,LP6005441-DNA_G09,hs37d5,HGDP00725,S_Palestinian-2,SGDP-Palestinian,WGS,Genomic_from_cell_lines,Illumina
drs://cgc-ga4gh-api.sbgenomics.com/58b5786de4b0ec383d92aaa3,LP6005677-DNA_B01.annotated.nh.vcf.gz,Female,LP6005677-DNA_B01,hs37d5,ALB212,S_Albanian-1,SGDP-Albanian,WGS,Genomic_from_blood,Illumina
drs://cgc-ga4gh-api.sbgenomics.com/58b5786de4b0ec383d92aaa4,SS6004471.annotated.nh.vcf.gz,Male,SS6004471,hs37d5,HGDP00982,B_Mbuti-4,SGDP-Mbuti,WGS,Genomic_from_cell_lines,Illumina
drs://cgc-ga4gh-api.sbgenomics.com/58b5786de4b0ec383d92aaa5,LP6005441-DNA_E08.srt.aln.bam,Male,LP6005441-DNA_E08,hs37d5,HGDP01228,S_Mongola-1,SGDP-Mongola,WGS,Genomic_from_cell_lines,Illumina
drs://cgc-ga4gh-api.sbgenomics.com/58b5786de4b0ec383d92aaa6,LP6005443-DNA_B06.annotated.nh.vcf.gz,Female,LP6005443-DNA_B06,hs37d5,NA15763,S_Icelandic-2,SGDP-Icelandic,WGS,Genomic_from_cell_lines,Illumina
drs://cgc-ga4gh-api.sbgenomics.com/58b5786de4b0ec383d92aaa7,LP6005441-DNA_E09.srt.aln.bam,Male,LP6005441-DNA_E09,hs37d5,HGDP01203,S_Oroqen-1,SGDP-Oroqen,WGS,Genomic_from_cell_lines,Illumina
drs://cgc-ga4gh-api.sbgenomics.com/58b5786de4b0ec383d92aaa8,LP6005443-DNA_D04.srt.aln.bam,Female,LP6005443-DNA_D04,hs37d5,Kor82,S_Itelman-1,SGDP-Itelman,WGS,Genomic_from_blood,Illumina
drs://cgc-ga4gh-api.sbgenomics.com/58b5786de4b0ec383d92aaa9,LP6005441-DNA_F01.annotated.nh.vcf.gz,Male,LP6005441-DNA_F01,hs37d5,HGDP01035,S_BantuHerero-2,SGDP-BantuHerero,WGS,Genomic_from_cell_lines,Illumina
drs://cgc-ga4gh-api.sbgenomics.com/58b5786de4b0ec383d92aaaa,LP6005441-DNA_C09.srt.aln.bam,Male,LP6005441-DNA_C09,hs37d5,HGDP00798,S_Orcadian-1,SGDP-Orcadian,WGS,Genomic_from_cell_lines,Illumina
drs://cgc-ga4gh-api.sbgenomics.com/58b5786de4b0ec383d92aaab,LP6005441-DNA_H07.annotated.nh.vcf.gz.tbi,Female,LP6005441-DNA_H07,hs37d5,HGDP00857,S_Mayan-2,SGDP-Mayan,WGS,Genomic_from_cell_lines,Illumina
drs://cgc-ga4gh-api.sbgenomics.com/58b5786de4b0ec383d92aaac,LP6005592-DNA_B02.srt.aln.bam.bai,Male,LP6005592-DNA_B02,hs37d5,NA17386,S_Maori-1,SGDP-Maori,WGS,Genomic_from_cell_lines,Illumina
drs://cgc-ga4gh-api.sbgenomics.com/58b5786de4b0ec383d92aaad,LP6005443-DNA_F08.srt.aln.bam,Male,LP6005443-DNA_F08,hs37d5,HGDP00551,S_Papuan-9,SGDP-Papuan,WGS,Genomic_from_cell_lines,Illumina
drs://cgc-ga4gh-api.sbgenomics.com/58b5786de4b0ec383d92aaae,LP6005592-DNA_C02.annotated.nh.vcf.gz,Male,LP6005592-DNA_C02,hs37d5,NA18940,S_Japanese-3,SGDP-Japanese,WGS,Genomic_from_cell_lines,Illumina
drs://cgc-ga4gh-api.sbgenomics.com/58b5786de4b0ec383d92aaaf,LP6005441-DNA_G11.annotated.nh.vcf.gz.tbi,Male,LP6005441-DNA_G11,hs37d5,HGDP00208,S_Sindhi-1,SGDP-Sindhi,WGS,Genomic_from_cell_lines,Illumina
drs://cgc-ga4gh-api.sbgenomics.com/58b5786ee4b0ec383d92aab0,LP6005441-DNA_C05.srt.aln.bam,Male,LP6005441-DNA_C05,hs37d5,HGDP00785,S_Han-2,SGDP-Han,WGS,Genomic_from_cell_lines,Illumina
drs://cgc-ga4gh-api.sbgenomics.com/58b5786ee4b0ec383d92aab1,LP6005441-DNA_H08.srt.aln.bam,Female,LP6005441-DNA_H08,hs37d5,HGDP01274,S_Mozabite-2,SGDP-Mozabite,WGS,Genomic_from_cell_lines,Illumina
drs://cgc-ga4gh-api.sbgenomics.com/58b5786ee4b0ec383d92aab2,LP6005442-DNA_H03.srt.aln.bam.bai,Male,LP6005442-DNA_H03,hs37d5,Est375,S_Estonian-1,SGDP-Estonian,WGS,Genomic_from_blood,Illumina
drs://cgc-ga4gh-api.sbgenomics.com/58b5786ee4b0ec383d92aab3,LP6005677-DNA_G01.srt.aln.bam.bai,Male,LP6005677-DNA_G01,hs37d5,Ayodo_430C,S_Luo-1,SGDP-Luo,WGS,Genomic_from_blood,Illumina
drs://cgc-ga4gh-api.sbgenomics.com/58b5786ee4b0ec383d92aab4,LP6005441-DNA_F03.srt.aln.bam.bai,Female,LP6005441-DNA_F03,hs37d5,HGDP00338,S_Burusho-2,SGDP-Burusho,WGS,Genomic_from_cell_lines,Illumina
drs://cgc-ga4gh-api.sbgenomics.com/58b5786ee4b0ec383d92aab5,LP6005441-DNA_H08.srt.aln.bam.bai,Female,LP6005441-DNA_H08,hs37d5,HGDP01274,S_Mozabite-2,SGDP-Mozabite,WGS,Genomic_from_cell_lines,Illumina
drs://cgc-ga4gh-api.sbgenomics.com/58b5786ee4b0ec383d92aab6,LP6005443-DNA_G05.annotated.nh.vcf.gz,Male,LP6005443-DNA_G05,hs37d5,NA13616,S_Ami-2,SGDP-Ami,WGS,Genomic_from_cell_lines,Illumina
drs://cgc-ga4gh-api.sbgenomics.com/58b5786ee4b0ec383d92aab7,LP6005441-DNA_C01.srt.aln.bam,Male,LP6005441-DNA_C01,hs37d5,HGDP00058,S_Balochi-2,SGDP-Balochi,WGS,Genomic_from_cell_lines,Illumina
drs://cgc-ga4gh-api.sbgenomics.com/58b5786ee4b0ec383d92aab8,LP6005441-DNA_F06.srt.aln.bam.bai,Female,LP6005441-DNA_F06,hs37d5,HGDP00286,S_Kalash-2,SGDP-Kalash,WGS,Genomic_from_cell_lines,Illumina
drs://cgc-ga4gh-api.sbgenomics.com/58b5786ee4b0ec383d92aab9,LP6005442-DNA_C07.srt.aln.bam,Male,LP6005442-DNA_C07,hs37d5,NA13607,S_Ami-1,SGDP-Ami,WGS,Genomic_from_cell_lines,Illumina
drs://cgc-ga4gh-api.sbgenomics.com/58b5786ee4b0ec383d92aaba,LP6005519-DNA_D01.annotated.nh.vcf.gz,Male,LP6005519-DNA_D01,hs37d5,TGBS21,S_Chane-1,SGDP-Chane,WGS,Genomic_from_blood,Illumina
drs://cgc-ga4gh-api.sbgenomics.com/58b5786ee4b0ec383d92aabb,LP6005443-DNA_G01.srt.aln.bam.bai,Female,LP6005443-DNA_G01,hs37d5,HGDP01335,S_She-1,SGDP-She,WGS,Genomic_from_cell_lines,Illumina
drs://cgc-ga4gh-api.sbgenomics.com/58b5786ee4b0ec383d92aabc,LP6005443-DNA_A01.srt.aln.bam,Male,LP6005443-DNA_A01,hs37d5,HGDP01417,S_BantuKenya-1,SGDP-BantuKenya,WGS,Genomic_from_cell_lines,Illumina
drs://cgc-ga4gh-api.sbgenomics.com/58b5786ee4b0ec383d92aabd,LP6005442-DNA_E04.srt.aln.bam.bai,Male,LP6005442-DNA_E04,hs37d5,Jordan214,S_Jordanian-3,SGDP-Jordanian,WGS,Genomic_from_blood,Illumina
drs://cgc-ga4gh-api.sbgenomics.com/58b5786ee4b0ec383d92aabe,LP6005443-DNA_G04.srt.aln.bam.bai,Female,LP6005443-DNA_G04,hs37d5,Mansi41,S_Mansi-2,SGDP-Mansi,WGS,Genomic_from_blood,Illumina
drs://cgc-ga4gh-api.sbgenomics.com/58b5786ee4b0ec383d92aabf,SS6004474.srt.aln.bam,Male,SS6004474,hs37d5,HGDP01076,B_Sardinian-3,SGDP-Sardinian,WGS,Genomic_from_cell_lines,Illumina
drs://cgc-ga4gh-api.sbgenomics.com/58b5786ee4b0ec383d92aac0,LP6005442-DNA_E07.srt.aln.bam.bai,Male,LP6005442-DNA_E07,hs37d5,NA13604,S_Atayal-1,SGDP-Atayal,WGS,Genomic_from_cell_lines,Illumina
drs://cgc-ga4gh-api.sbgenomics.com/58b5786ee4b0ec383d92aac1,LP6005441-DNA_G03.annotated.nh.vcf.gz,Male,LP6005441-DNA_G03,hs37d5,HGDP00717,S_Cambodian-1,SGDP-Cambodian,WGS,Genomic_from_cell_lines,Illumina
drs://cgc-ga4gh-api.sbgenomics.com/58b5786ee4b0ec383d92aac2,LP6005441-DNA_C07.srt.aln.bam.bai,Male,LP6005441-DNA_C07,hs37d5,HGDP00160,S_Makrani-1,SGDP-Makrani,WGS,Genomic_from_cell_lines,Illumina
drs://cgc-ga4gh-api.sbgenomics.com/58b5786ee4b0ec383d92aac3,LP6005441-DNA_D10.annotated.nh.vcf.gz.tbi,Female,LP6005441-DNA_D10,hs37d5,HGDP00232,S_Pathan-2,SGDP-Pathan,WGS,Genomic_from_cell_lines,Illumina
drs://cgc-ga4gh-api.sbgenomics.com/58b5786ee4b0ec383d92aac4,SS6004470.srt.aln.bam,Male,SS6004470,hs37d5,HGDP01286,B_Mandenka-3,SGDP-Mandenka,WGS,Genomic_from_cell_lines,Illumina
drs://cgc-ga4gh-api.sbgenomics.com/58b5786ee4b0ec383d92aac5,SS6004478.srt.aln.bam,Not available,SS6004478,hs37d5,IHW9118,B_Australian-3,SGDP-Australian,WGS,Genomic_from_cell_lines,Illumina
drs://cgc-ga4gh-api.sbgenomics.com/58b5786ee4b0ec383d92aac6,LP6005592-DNA_G03.annotated.nh.vcf.gz,Male,LP6005592-DNA_G03,hs37d5,Jordan445,S_Jordanian-1,SGDP-Jordanian,WGS,Genomic_from_blood,Illumina
drs://cgc-ga4gh-api.sbgenomics.com/58b5786ee4b0ec383d92aac7,LP6005441-DNA_C01.srt.aln.bam.bai,Male,LP6005441-DNA_C01,hs37d5,HGDP00058,S_Balochi-2,SGDP-Balochi,WGS,Genomic_from_cell_lines,Illumina
drs://cgc-ga4gh-api.sbgenomics.com/58b5786ee4b0ec383d92aac8,SS6004468.srt.aln.bam,Male,SS6004468,hs37d5,HGDP00533,B_French-3,SGDP-French,WGS,Genomic_from_cell_lines,Illumina
drs://cgc-ga4gh-api.sbgenomics.com/58b5786ee4b0ec383d92aac9,LP6005442-DNA_F04.annotated.nh.vcf.gz,Male,LP6005442-DNA_F04,hs37d5,Jordan603,S_Jordanian-2,SGDP-Jordanian,WGS,Genomic_from_blood,Illumina
drs://cgc-ga4gh-api.sbgenomics.com/58b5786ee4b0ec383d92aaca,LP6005443-DNA_F04.srt.aln.bam,Male,LP6005443-DNA_F04,hs37d5,Mansi79,S_Mansi-1,SGDP-Mansi,WGS,Genomic_from_blood,Illumina
drs://cgc-ga4gh-api.sbgenomics.com/58b5786ee4b0ec383d92aacb,LP6005442-DNA_B01.annotated.nh.vcf.gz,Female,LP6005442-DNA_B01,hs37d5,HGDP01306,S_Uygur-1,SGDP-Uygur,WGS,Genomic_from_cell_lines,Illumina
drs://cgc-ga4gh-api.sbgenomics.com/58b5786ee4b0ec383d92aacc,LP6005519-DNA_E04.srt.aln.bam,Male,LP6005519-DNA_E04,hs37d5,ML2,S_Mala-2,SGDP-Mala,WGS,Genomic_from_blood,Illumina
drs://cgc-ga4gh-api.sbgenomics.com/58b5786ee4b0ec383d92aacd,LP6005443-DNA_G11.srt.aln.bam,Male,LP6005443-DNA_G11,hs37d5,mixa0099,S_Mixtec-1,SGDP-Mixtec,WGS,Genomic_from_cell_lines,Illumina
drs://cgc-ga4gh-api.sbgenomics.com/58b5786ee4b0ec383d92aace,LP6005441-DNA_D11.srt.aln.bam,Female,LP6005441-DNA_D11,hs37d5,HGDP01078,S_Sardinian-2,SGDP-Sardinian,WGS,Genomic_from_cell_lines,Illumina
drs://cgc-ga4gh-api.sbgenomics.com/58b5786ee4b0ec383d92aacf,LP6005443-DNA_A03.annotated.nh.vcf.gz.tbi,Male,LP6005443-DNA_A03,hs37d5,Ale22,S_Aleut-1,SGDP-Aleut,WGS,Genomic_from_blood,Illumina
drs://cgc-ga4gh-api.sbgenomics.com/58b5786ee4b0ec383d92aad0,LP6005442-DNA_D11.annotated.nh.vcf.gz,Female,LP6005442-DNA_D11,hs37d5,HG01600,S_Kinh-1,SGDP-Kinh,WGS,Genomic_from_cell_lines,Illumina
drs://cgc-ga4gh-api.sbgenomics.com/58b5786ee4b0ec383d92aad1,LP6005519-DNA_A04.srt.aln.bam,Male,LP6005519-DNA_A04,hs37d5,K1,S_Kapu-1,SGDP-Kapu,WGS,Genomic_from_blood,Illumina
drs://cgc-ga4gh-api.sbgenomics.com/58b5786ee4b0ec383d92aad2,LP6005442-DNA_H12.srt.aln.bam.bai,Female,LP6005442-DNA_H12,hs37d5,Ul31,S_Ulchi-1,SGDP-Ulchi,WGS,Genomic_from_blood,Illumina
drs://cgc-ga4gh-api.sbgenomics.com/58b5786ee4b0ec383d92aad3,LP6005443-DNA_E05.srt.aln.bam.bai,Male,LP6005443-DNA_E05,hs37d5,Ale32,S_Tlingit-1,SGDP-Tlingit,WGS,Genomic_from_blood,Illumina
drs://cgc-ga4gh-api.sbgenomics.com/58b5786ee4b0ec383d92aad4,LP6005441-DNA_F12.srt.aln.bam.bai,Female,LP6005441-DNA_F12,hs37d5,HGDP01098,S_Tujia-2,SGDP-Tujia,WGS,Genomic_from_cell_lines,Illumina
drs://cgc-ga4gh-api.sbgenomics.com/58b5786ee4b0ec383d92aad5,LP6005441-DNA_H11.srt.aln.bam,Female,LP6005441-DNA_H11,hs37d5,HGDP00195,S_Sindhi-2,SGDP-Sindhi,WGS,Genomic_from_cell_lines,Illumina
drs://cgc-ga4gh-api.sbgenomics.com/58b5786ee4b0ec383d92aad6,LP6005443-DNA_E02.srt.aln.bam.bai,Male,LP6005443-DNA_E02,hs37d5,HGDP01028,S_BantuHerero-1,SGDP-BantuHerero,WGS,Genomic_from_cell_lines,Illumina
drs://cgc-ga4gh-api.sbgenomics.com/58b5786ee4b0ec383d92aad7,LP6005677-DNA_C03.annotated.nh.vcf.gz,Male,LP6005677-DNA_C03,hs37d5,Kayseri23827,S_Turkish-1,SGDP-Turkish,WGS,Genomic_from_blood,Illumina
drs://cgc-ga4gh-api.sbgenomics.com/58b5786ee4b0ec383d92aad8,LP6005442-DNA_H09.annotated.nh.vcf.gz.tbi,Female,LP6005442-DNA_H09,hs37d5,HG03007,S_Bengali-2,SGDP-Bengali,WGS,Genomic_from_cell_lines,Illumina
drs://cgc-ga4gh-api.sbgenomics.com/58b5786ee4b0ec383d92aad9,LP6005442-DNA_H12.annotated.nh.vcf.gz,Female,LP6005442-DNA_H12,hs37d5,Ul31,S_Ulchi-1,SGDP-Ulchi,WGS,Genomic_from_blood,Illumina
drs://cgc-ga4gh-api.sbgenomics.com/58b5786ee4b0ec383d92aada,LP6005443-DNA_F11.srt.aln.bam,Female,LP6005443-DNA_F11,hs37d5,mixe0042,S_Mixe-3,SGDP-Mixe,WGS,Genomic_from_cell_lines,Illumina
drs://cgc-ga4gh-api.sbgenomics.com/58b5786ee4b0ec383d92aadb,LP6005441-DNA_A11.annotated.nh.vcf.gz,Male,LP6005441-DNA_A11,hs37d5,HGDP01032,S_Ju_hoan_North-3,SGDP-Ju_hoan_North,WGS,Genomic_from_cell_lines,Illumina
drs://cgc-ga4gh-api.sbgenomics.com/58b5786ee4b0ec383d92aadc,LP6005519-DNA_B06.annotated.nh.vcf.gz.tbi,Male,LP6005519-DNA_B06,hs37d5,Bu16,S_Burmese-1,SGDP-Burmese,WGS,Genomic_from_saliva,Illumina
drs://cgc-ga4gh-api.sbgenomics.com/58b5786ee4b0ec383d92aadd,LP6005441-DNA_F04.annotated.nh.vcf.gz.tbi,Female,LP6005441-DNA_F04,hs37d5,HGDP01215,S_Daur-2,SGDP-Daur,WGS,Genomic_from_cell_lines,Illumina
drs://cgc-ga4gh-api.sbgenomics.com/58b5786ee4b0ec383d92aade,LP6005443-DNA_E06.annotated.nh.vcf.gz.tbi,Male,LP6005443-DNA_E06,hs37d5,NA21581,S_Masai-2,SGDP-Masai,WGS,Genomic_from_cell_lines,Illumina
drs://cgc-ga4gh-api.sbgenomics.com/58b5786ee4b0ec383d92aadf,LP6005441-DNA_H11.srt.aln.bam.bai,Female,LP6005441-DNA_H11,hs37d5,HGDP00195,S_Sindhi-2,SGDP-Sindhi,WGS,Genomic_from_cell_lines,Illumina
drs://cgc-ga4gh-api.sbgenomics.com/58b5786ee4b0ec383d92aae0,LP6005441-DNA_F09.srt.aln.bam.bai,Female,LP6005441-DNA_F09,hs37d5,HGDP01211,S_Oroqen-2,SGDP-Oroqen,WGS,Genomic_from_cell_lines,Illumina
drs://cgc-ga4gh-api.sbgenomics.com/58b5786ee4b0ec383d92aae1,LP6005441-DNA_B05.srt.aln.bam,Female,LP6005441-DNA_B05,hs37d5,HGDP00526,S_French-2,SGDP-French,WGS,Genomic_from_cell_lines,Illumina
drs://cgc-ga4gh-api.sbgenomics.com/58b5786ee4b0ec383d92aae2,LP6005519-DNA_B04.srt.aln.bam,Male,LP6005519-DNA_B04,hs37d5,K4,S_Kapu-2,SGDP-Kapu,WGS,Genomic_from_blood,Illumina
drs://cgc-ga4gh-api.sbgenomics.com/58b5786ee4b0ec383d92aae3,LP6005442-DNA_A03.srt.aln.bam,Male,LP6005442-DNA_A03,hs37d5,BulgarianB4,S_Bulgarian-1,SGDP-Bulgarian,WGS,Genomic_from_blood,Illumina
drs://cgc-ga4gh-api.sbgenomics.com/58b5786ee4b0ec383d92aae4,LP6005442-DNA_H09.srt.aln.bam.bai,Female,LP6005442-DNA_H09,hs37d5,HG03007,S_Bengali-2,SGDP-Bengali,WGS,Genomic_from_cell_lines,Illumina
drs://cgc-ga4gh-api.sbgenomics.com/58b5786ee4b0ec383d92aae5,LP6005441-DNA_G11.srt.aln.bam,Male,LP6005441-DNA_G11,hs37d5,HGDP00208,S_Sindhi-1,SGDP-Sindhi,WGS,Genomic_from_cell_lines,Illumina
drs://cgc-ga4gh-api.sbgenomics.com/58b5786ee4b0ec383d92aae6,LP6005519-DNA_E05.annotated.nh.vcf.gz,Male,LP6005519-DNA_E05,hs37d5,KD4,S_Khonda_Dora-1,SGDP-Khonda_Dora,WGS,Genomic_from_blood,Illumina
drs://cgc-ga4gh-api.sbgenomics.com/58b5786ee4b0ec383d92aae7,LP6005441-DNA_H05.srt.aln.bam.bai,Female,LP6005441-DNA_H05,hs37d5,HGDP01242,S_Hezhen-2,SGDP-Hezhen,WGS,Genomic_from_cell_lines,Illumina
drs://cgc-ga4gh-api.sbgenomics.com/58b5786ee4b0ec383d92aae8,LP6005443-DNA_E11.srt.aln.bam,Female,LP6005443-DNA_E11,hs37d5,mixe0002,S_Mixe-2,SGDP-Mixe,WGS,Genomic_from_cell_lines,Illumina
drs://cgc-ga4gh-api.sbgenomics.com/58b5786ee4b0ec383d92aae9,LP6005441-DNA_H02.srt.aln.bam.bai,Male,LP6005441-DNA_H02,hs37d5,HGDP00461,S_Biaka-2,SGDP-Biaka,WGS,Genomic_from_cell_lines,Illumina
drs://cgc-ga4gh-api.sbgenomics.com/58b5786ee4b0ec383d92aaea,LP6005442-DNA_C10.annotated.nh.vcf.gz.tbi,Male,LP6005442-DNA_C10,hs37d5,HG00190,S_Finnish-2,SGDP-Finnish,WGS,Genomic_from_cell_lines,Illumina
drs://cgc-ga4gh-api.sbgenomics.com/58b5786ee4b0ec383d92aaeb,LP6005519-DNA_C04.srt.aln.bam,Male,LP6005519-DNA_C04,hs37d5,Y4,S_Yadava-1,SGDP-Yadava,WGS,Genomic_from_blood,Illumina
drs://cgc-ga4gh-api.sbgenomics.com/58b5786ee4b0ec383d92aaec,LP6005441-DNA_D04.annotated.nh.vcf.gz.tbi,Female,LP6005441-DNA_D04,hs37d5,HGDP01315,S_Dai-3,SGDP-Dai,WGS,Genomic_from_cell_lines,Illumina
drs://cgc-ga4gh-api.sbgenomics.com/58b5786ee4b0ec383d92aaed,LP6005441-DNA_B10.annotated.nh.vcf.gz.tbi,Female,LP6005441-DNA_B10,hs37d5,HGDP00550,S_Papuan-1,SGDP-Papuan,WGS,Genomic_from_cell_lines,Illumina
drs://cgc-ga4gh-api.sbgenomics.com/58b5786ee4b0ec383d92aaee,LP6005443-DNA_F03.annotated.nh.vcf.gz,Female,LP6005443-DNA_F03,hs37d5,Nesk_22,S_Eskimo_Naukan-1,SGDP-Eskimo_Naukan,WGS,Genomic_from_blood,Illumina
drs://cgc-ga4gh-api.sbgenomics.com/58b5786ee4b0ec383d92aaef,LP6005441-DNA_B01.srt.aln.bam,Female,LP6005441-DNA_B01,hs37d5,HGDP01401,S_Adygei-2,SGDP-Adygei,WGS,Genomic_from_cell_lines,Illumina
drs://cgc-ga4gh-api.sbgenomics.com/58b5786ee4b0ec383d92aaf0,LP6005441-DNA_D08.annotated.nh.vcf.gz,Female,LP6005441-DNA_D08,hs37d5,HGDP01198,S_Miao-2,SGDP-Miao,WGS,Genomic_from_cell_lines,Illumina
drs://cgc-ga4gh-api.sbgenomics.com/58b5786ee4b0ec383d92aaf1,LP6005443-DNA_C06.annotated.nh.vcf.gz.tbi,Female,LP6005443-DNA_C06,hs37d5,NA00726,S_Korean-2,SGDP-Korean,WGS,Genomic_from_cell_lines,Illumina
drs://cgc-ga4gh-api.sbgenomics.com/58b5786ee4b0ec383d92aaf2,LP6005443-DNA_C06.annotated.nh.vcf.gz,Female,LP6005443-DNA_C06,hs37d5,NA00726,S_Korean-2,SGDP-Korean,WGS,Genomic_from_cell_lines,Illumina
drs://cgc-ga4gh-api.sbgenomics.com/58b5786ee4b0ec383d92aaf3,LP6005519-DNA_D06.annotated.nh.vcf.gz.tbi,Male,LP6005519-DNA_D06,hs37d5,Igor21,S_Igorot-2,SGDP-Igorot,WGS,Genomic_from_saliva,Illumina
drs://cgc-ga4gh-api.sbgenomics.com/58b5786ee4b0ec383d92aaf4,LP6005677-DNA_B02.srt.aln.bam,Male,LP6005677-DNA_B02,hs37d5,Bishkek28440,S_Kyrgyz-1,SGDP-Kyrgyz,WGS,Genomic_from_blood,Illumina
drs://cgc-ga4gh-api.sbgenomics.com/58b5786ee4b0ec383d92aaf5,LP6005441-DNA_D05.annotated.nh.vcf.gz,Female,LP6005441-DNA_D05,hs37d5,HGDP00783,S_Han-1,SGDP-Han,WGS,Genomic_from_cell_lines,Illumina
drs://cgc-ga4gh-api.sbgenomics.com/58b5786ee4b0ec383d92aaf6,LP6005442-DNA_G09.annotated.nh.vcf.gz,Male,LP6005442-DNA_G09,hs37d5,HG03006,S_Bengali-1,SGDP-Bengali,WGS,Genomic_from_cell_lines,Illumina
drs://cgc-ga4gh-api.sbgenomics.com/58b5786ee4b0ec383d92aaf7,LP6005443-DNA_B08.annotated.nh.vcf.gz.tbi,Male,LP6005443-DNA_B08,hs37d5,HGDP00553,S_Papuan-10,SGDP-Papuan,WGS,Genomic_from_cell_lines,Illumina
drs://cgc-ga4gh-api.sbgenomics.com/58b5786ee4b0ec383d92aaf8,LP6005677-DNA_A03.annotated.nh.vcf.gz.tbi,Female,LP6005677-DNA_A03,hs37d5,Kayseri24424,S_Turkish-2,SGDP-Turkish,WGS,Genomic_from_blood,Illumina
drs://cgc-ga4gh-api.sbgenomics.com/58b5786ee4b0ec383d92aaf9,LP6005442-DNA_F02.srt.aln.bam.bai,Male,LP6005442-DNA_F02,hs37d5,altai363p,S_Altaian-1,SGDP-Altaian,WGS,Genomic_from_blood,Illumina
drs://cgc-ga4gh-api.sbgenomics.com/58b5786ee4b0ec383d92aafa,LP6005443-DNA_G03.srt.aln.bam,Female,LP6005443-DNA_G03,hs37d5,Nesk_25,S_Eskimo_Naukan-2,SGDP-Eskimo_Naukan,WGS,Genomic_from_blood,Illumina
drs://cgc-ga4gh-api.sbgenomics.com/58b5786ee4b0ec383d92aafb,LP6005592-DNA_B01.annotated.nh.vcf.gz.tbi,Not available,LP6005592-DNA_B01,hs37d5,NOR111,S_Norwegian-1,SGDP-Norwegian,WGS,Genomic_from_blood,Illumina
drs://cgc-ga4gh-api.sbgenomics.com/58b5786ee4b0ec383d92aafc,LP6005442-DNA_D11.srt.aln.bam.bai,Female,LP6005442-DNA_D11,hs37d5,HG01600,S_Kinh-1,SGDP-Kinh,WGS,Genomic_from_cell_lines,Illumina
drs://cgc-ga4gh-api.sbgenomics.com/58b5786ee4b0ec383d92aafd,LP6005443-DNA_B03.annotated.nh.vcf.gz.tbi,Male,LP6005443-DNA_B03,hs37d5,Sir26,S_Eskimo_Sireniki-1,SGDP-Eskimo_Sireniki,WGS,Genomic_from_blood,Illumina
drs://cgc-ga4gh-api.sbgenomics.com/58b5786ee4b0ec383d92aafe,LP6005443-DNA_G11.annotated.nh.vcf.gz,Male,LP6005443-DNA_G11,hs37d5,mixa0099,S_Mixtec-1,SGDP-Mixtec,WGS,Genomic_from_cell_lines,Illumina
drs://cgc-ga4gh-api.sbgenomics.com/58b5786ee4b0ec383d92aaff,LP6005519-DNA_E04.srt.aln.bam.bai,Male,LP6005519-DNA_E04,hs37d5,ML2,S_Mala-2,SGDP-Mala,WGS,Genomic_from_blood,Illumina
drs://cgc-ga4gh-api.sbgenomics.com/58b5786ee4b0ec383d92ab00,SS6004474.annotated.nh.vcf.gz.tbi,Male,SS6004474,hs37d5,HGDP01076,B_Sardinian-3,SGDP-Sardinian,WGS,Genomic_from_cell_lines,Illumina
drs://cgc-ga4gh-api.sbgenomics.com/58b5786ee4b0ec383d92ab01,LP6005441-DNA_G08.annotated.nh.vcf.gz,Male,LP6005441-DNA_G08,hs37d5,HGDP01253,S_Mozabite-1,SGDP-Mozabite,WGS,Genomic_from_cell_lines,Illumina
drs://cgc-ga4gh-api.sbgenomics.com/58b5786ee4b0ec383d92ab02,LP6005443-DNA_G08.srt.aln.bam,Male,LP6005443-DNA_G08,hs37d5,HGDP00991,S_Ju_hoan_North-1,SGDP-Ju_hoan_North,WGS,Genomic_from_cell_lines,Illumina
drs://cgc-ga4gh-api.sbgenomics.com/58b5786ee4b0ec383d92ab03,LP6005441-DNA_B08.srt.aln.bam,Female,LP6005441-DNA_B08,hs37d5,HGDP00476,S_Mbuti-2,SGDP-Mbuti,WGS,Genomic_from_cell_lines,Illumina
drs://cgc-ga4gh-api.sbgenomics.com/58b5786ee4b0ec383d92ab04,LP6005443-DNA_H11.srt.aln.bam,Female,LP6005443-DNA_H11,hs37d5,mixa0105,S_Mixtec-2,SGDP-Mixtec,WGS,Genomic_from_cell_lines,Illumina
drs://cgc-ga4gh-api.sbgenomics.com/58b5786ee4b0ec383d92ab05,LP6005443-DNA_F10.annotated.nh.vcf.gz,Male,LP6005443-DNA_F10,hs37d5,NorthOssetia5,S_North_Ossetian-2,SGDP-North_Ossetian,WGS,Genomic_from_blood,Illumina
drs://cgc-ga4gh-api.sbgenomics.com/58b5786ee4b0ec383d92ab06,LP6005442-DNA_G02.srt.aln.bam.bai,Male,LP6005442-DNA_G02,hs37d5,armenia293,S_Armenian-1,SGDP-Armenian,WGS,Genomic_from_blood,Illumina
drs://cgc-ga4gh-api.sbgenomics.com/58b5786ee4b0ec383d92ab07,LP6005441-DNA_A03.srt.aln.bam.bai,Female,LP6005441-DNA_A03,hs37d5,HGDP00656,S_Bougainville-2,SGDP-Bougainville,WGS,Genomic_from_cell_lines,Illumina
drs://cgc-ga4gh-api.sbgenomics.com/58b5786ee4b0ec383d92ab08,LP6005441-DNA_B09.srt.aln.bam,Female,LP6005441-DNA_B09,hs37d5,HGDP01345,S_Naxi-3,SGDP-Naxi,WGS,Genomic_from_cell_lines,Illumina
drs://cgc-ga4gh-api.sbgenomics.com/58b5786ee4b0ec383d92ab09,LP6005677-DNA_C03.srt.aln.bam.bai,Male,LP6005677-DNA_C03,hs37d5,Kayseri23827,S_Turkish-1,SGDP-Turkish,WGS,Genomic_from_blood,Illumina
drs://cgc-ga4gh-api.sbgenomics.com/58b5786ee4b0ec383d92ab0a,LP6005441-DNA_A09.srt.aln.bam.bai,Male,LP6005441-DNA_A09,hs37d5,HGDP01344,S_Naxi-2,SGDP-Naxi,WGS,Genomic_from_cell_lines,Illumina
drs://cgc-ga4gh-api.sbgenomics.com/58b5786ee4b0ec383d92ab0b,LP6005519-DNA_A06.annotated.nh.vcf.gz.tbi,Male,LP6005519-DNA_A06,hs37d5,Bu5,S_Burmese-2,SGDP-Burmese,WGS,Genomic_from_saliva,Illumina
drs://cgc-ga4gh-api.sbgenomics.com/58b5786ee4b0ec383d92ab0c,LP6005519-DNA_G04.srt.aln.bam.bai,Male,LP6005519-DNA_G04,hs37d5,M4,S_Madiga-1,SGDP-Madiga,WGS,Genomic_from_blood,Illumina
drs://cgc-ga4gh-api.sbgenomics.com/58b5786ee4b0ec383d92ab0d,LP6005443-DNA_A08.annotated.nh.vcf.gz,Male,LP6005443-DNA_A08,hs37d5,HGDP00549,S_Papuan-8,SGDP-Papuan,WGS,Genomic_from_cell_lines,Illumina
drs://cgc-ga4gh-api.sbgenomics.com/58b5786ee4b0ec383d92ab0e,LP6005443-DNA_F01.annotated.nh.vcf.gz.tbi,Male,LP6005443-DNA_F01,hs37d5,HGDP01333,S_She-2,SGDP-She,WGS,Genomic_from_cell_lines,Illumina
drs://cgc-ga4gh-api.sbgenomics.com/58b5786ee4b0ec383d92ab0f,LP6005443-DNA_G01.srt.aln.bam,Female,LP6005443-DNA_G01,hs37d5,HGDP01335,S_She-1,SGDP-She,WGS,Genomic_from_cell_lines,Illumina
drs://cgc-ga4gh-api.sbgenomics.com/58b5786ee4b0ec383d92ab10,LP6005441-DNA_B03.srt.aln.bam.bai,Female,LP6005441-DNA_B03,hs37d5,HGDP00660,S_Bougainville-1,SGDP-Bougainville,WGS,Genomic_from_cell_lines,Illumina
drs://cgc-ga4gh-api.sbgenomics.com/58b5786ee4b0ec383d92ab11,LP6005519-DNA_A06.annotated.nh.vcf.gz,Male,LP6005519-DNA_A06,hs37d5,Bu5,S_Burmese-2,SGDP-Burmese,WGS,Genomic_from_saliva,Illumina
drs://cgc-ga4gh-api.sbgenomics.com/58b5786ee4b0ec383d92ab12,LP6005519-DNA_F04.srt.aln.bam.bai,Male,LP6005519-DNA_F04,hs37d5,ML3,S_Mala-3,SGDP-Mala,WGS,Genomic_from_blood,Illumina
drs://cgc-ga4gh-api.sbgenomics.com/58b5786ee4b0ec383d92ab13,LP6005677-DNA_D03.srt.aln.bam.bai,Female,LP6005677-DNA_D03,hs37d5,SA0342,S_Khomani_San-1,SGDP-Khomani_San,WGS,Genomic_from_saliva,Illumina
drs://cgc-ga4gh-api.sbgenomics.com/58b5786ee4b0ec383d92ab14,LP6005442-DNA_E11.annotated.nh.vcf.gz.tbi,Male,LP6005442-DNA_E11,hs37d5,NA19044,S_Luhya-2,SGDP-Luhya,WGS,Genomic_from_cell_lines,Illumina
drs://cgc-ga4gh-api.sbgenomics.com/58b5786ee4b0ec383d92ab15,LP6005519-DNA_F03.srt.aln.bam,Male,LP6005519-DNA_F03,hs37d5,Armenian222,S_Armenian-2,SGDP-Armenian,WGS,Genomic_from_blood,Illumina
drs://cgc-ga4gh-api.sbgenomics.com/58b5786ee4b0ec383d92ab16,LP6005442-DNA_F11.srt.aln.bam.bai,Female,LP6005442-DNA_F11,hs37d5,NA19023,S_Luhya-1,SGDP-Luhya,WGS,Genomic_from_cell_lines,Illumina
drs://cgc-ga4gh-api.sbgenomics.com/58b5786ee4b0ec383d92ab17,SS6004480.annotated.nh.vcf.gz,Male,SS6004480,hs37d5,DNK07,B_Dinka-3,SGDP-Dinka,WGS,Genomic_from_saliva,Illumina
drs://cgc-ga4gh-api.sbgenomics.com/58b5786ee4b0ec383d92ab18,LP6005441-DNA_A06.annotated.nh.vcf.gz,Male,LP6005441-DNA_A06,hs37d5,HGDP01153,S_Bergamo-1,SGDP-Bergamo,WGS,Genomic_from_cell_lines,Illumina
drs://cgc-ga4gh-api.sbgenomics.com/58b5786ee4b0ec383d92ab19,LP6005592-DNA_F01.annotated.nh.vcf.gz,Female,LP6005592-DNA_F01,hs37d5,IraqiJew1771,S_Iraqi_Jew-1,SGDP-Iraqi_Jew,WGS,Genomic_from_cell_lines,Illumina
drs://cgc-ga4gh-api.sbgenomics.com/58b5786ee4b0ec383d92ab1a,LP6005441-DNA_A08.annotated.nh.vcf.gz.tbi,Male,LP6005441-DNA_A08,hs37d5,HGDP00449,S_Mbuti-3,SGDP-Mbuti,WGS,Genomic_from_cell_lines,Illumina
drs://cgc-ga4gh-api.sbgenomics.com/58b5786ee4b0ec383d92ab1b,LP6005519-DNA_F04.srt.aln.bam,Male,LP6005519-DNA_F04,hs37d5,ML3,S_Mala-3,SGDP-Mala,WGS,Genomic_from_blood,Illumina
drs://cgc-ga4gh-api.sbgenomics.com/58b5786ee4b0ec383d92ab1c,LP6005443-DNA_H11.annotated.nh.vcf.gz.tbi,Female,LP6005443-DNA_H11,hs37d5,mixa0105,S_Mixtec-2,SGDP-Mixtec,WGS,Genomic_from_cell_lines,Illumina
drs://cgc-ga4gh-api.sbgenomics.com/58b5786ee4b0ec383d92ab1d,LP6005592-DNA_C01.srt.aln.bam.bai,Female,LP6005592-DNA_C01,hs37d5,Utsa21,S_Saami-1,SGDP-Saami,WGS,Genomic_from_saliva,Illumina
drs://cgc-ga4gh-api.sbgenomics.com/58b5786ee4b0ec383d92ab1e,LP6005441-DNA_F10.annotated.nh.vcf.gz.tbi,Female,LP6005441-DNA_F10,hs37d5,HGDP01044,S_Pima-2,SGDP-Pima,WGS,Genomic_from_cell_lines,Illumina
drs://cgc-ga4gh-api.sbgenomics.com/58b5786ee4b0ec383d92ab1f,LP6005443-DNA_C09.annotated.nh.vcf.gz.tbi,Male,LP6005443-DNA_C09,hs37d5,Kusunda02,S_Kusunda-1,SGDP-Kusunda,WGS,Genomic_from_saliva,Illumina
drs://cgc-ga4gh-api.sbgenomics.com/58b5786ee4b0ec383d92ab20,LP6007068-DNA_A01.annotated.nh.vcf.gz.tbi,Male,LP6007068-DNA_A01,hs37d5,TZ-11,B_Crete-2,SGDP-Crete,WGS,Genomic_from_blood,Illumina
drs://cgc-ga4gh-api.sbgenomics.com/58b5786ee4b0ec383d92ab21,LP6005441-DNA_C10.srt.aln.bam,Male,LP6005441-DNA_C10,hs37d5,HGDP00216,S_Pathan-1,SGDP-Pathan,WGS,Genomic_from_cell_lines,Illumina
drs://cgc-ga4gh-api.sbgenomics.com/58b5786ee4b0ec383d92ab22,LP6005519-DNA_C03.annotated.nh.vcf.gz.tbi,Male,LP6005519-DNA_C03,hs37d5,tdj409_shugnan,S_Tajik-1,SGDP-Tajik,WGS,Genomic_from_blood,Illumina
drs://cgc-ga4gh-api.sbgenomics.com/58b5786ee4b0ec383d92ab23,LP6005441-DNA_C09.srt.aln.bam.bai,Male,LP6005441-DNA_C09,hs37d5,HGDP00798,S_Orcadian-1,SGDP-Orcadian,WGS,Genomic_from_cell_lines,Illumina
drs://cgc-ga4gh-api.sbgenomics.com/58b5786ee4b0ec383d92ab24,LP6005441-DNA_G10.annotated.nh.vcf.gz.tbi,Male,LP6005441-DNA_G10,hs37d5,HGDP00887,S_Russian-1,SGDP-Russian,WGS,Genomic_from_cell_lines,Illumina
drs://cgc-ga4gh-api.sbgenomics.com/58b5786ee4b0ec383d92ab25,LP6005441-DNA_C03.srt.aln.bam.bai,Male,LP6005441-DNA_C03,hs37d5,HGDP00019,S_Brahui-2,SGDP-Brahui,WGS,Genomic_from_cell_lines,Illumina
drs://cgc-ga4gh-api.sbgenomics.com/58b5786ee4b0ec383d92ab26,SS6004478.srt.aln.bam.bai,Not available,SS6004478,hs37d5,IHW9118,B_Australian-3,SGDP-Australian,WGS,Genomic_from_cell_lines,Illumina
drs://cgc-ga4gh-api.sbgenomics.com/58b5786ee4b0ec383d92ab27,LP6005519-DNA_F06.srt.aln.bam,Female,LP6005519-DNA_F06,hs37d5,Dus22,S_Dusun-1,SGDP-Dusun,WGS,Genomic_from_saliva,Illumina
drs://cgc-ga4gh-api.sbgenomics.com/58b5786ee4b0ec383d92ab28,SS6004472.srt.aln.bam.bai,Male,SS6004472,hs37d5,HGDP00546,B_Papuan-15,SGDP-Papuan,WGS,Genomic_from_cell_lines,Illumina
drs://cgc-ga4gh-api.sbgenomics.com/58b5786fe4b0ec383d92ab29,LP6005442-DNA_D02.srt.aln.bam.bai,Male,LP6005442-DNA_D02,hs37d5,abh100,S_Abkhasian-2,SGDP-Abkhasian,WGS,Genomic_from_blood,Illumina
drs://cgc-ga4gh-api.sbgenomics.com/58b5786fe4b0ec383d92ab2a,SS6004470.annotated.nh.vcf.gz,Male,SS6004470,hs37d5,HGDP01286,B_Mandenka-3,SGDP-Mandenka,WGS,Genomic_from_cell_lines,Illumina
drs://cgc-ga4gh-api.sbgenomics.com/58b5786fe4b0ec383d92ab2b,LP6005442-DNA_D08.srt.aln.bam.bai,Female,LP6005442-DNA_D08,hs37d5,NA15761,S_Icelandic-1,SGDP-Icelandic,WGS,Genomic_from_cell_lines,Illumina
drs://cgc-ga4gh-api.sbgenomics.com/58b5786fe4b0ec383d92ab2c,LP6005443-DNA_G07.annotated.nh.vcf.gz.tbi,Male,LP6005443-DNA_G07,hs37d5,HGDP00556,S_Papuan-12,SGDP-Papuan,WGS,Genomic_from_cell_lines,Illumina
drs://cgc-ga4gh-api.sbgenomics.com/58b5786fe4b0ec383d92ab2d,LP6005519-DNA_G02.srt.aln.bam,Female,LP6005519-DNA_G02,hs37d5,Peru60,S_Quechua-3,SGDP-Quechua,WGS,Genomic_from_blood,Illumina
drs://cgc-ga4gh-api.sbgenomics.com/58b5786fe4b0ec383d92ab2e,LP6005441-DNA_B12.annotated.nh.vcf.gz.tbi,Female,LP6005441-DNA_B12,hs37d5,HGDP00852,S_Surui-2,SGDP-Surui,WGS,Genomic_from_cell_lines,Illumina
drs://cgc-ga4gh-api.sbgenomics.com/58b5786fe4b0ec383d92ab2f,LP6005519-DNA_D01.srt.aln.bam.bai,Male,LP6005519-DNA_D01,hs37d5,TGBS21,S_Chane-1,SGDP-Chane,WGS,Genomic_from_blood,Illumina
drs://cgc-ga4gh-api.sbgenomics.com/58b5786fe4b0ec383d92ab30,LP6005441-DNA_E06.annotated.nh.vcf.gz.tbi,Male,LP6005441-DNA_E06,hs37d5,HGDP00328,S_Kalash-1,SGDP-Kalash,WGS,Genomic_from_cell_lines,Illumina
drs://cgc-ga4gh-api.sbgenomics.com/58b5786fe4b0ec383d92ab31,LP6005442-DNA_D02.annotated.nh.vcf.gz.tbi,Male,LP6005442-DNA_D02,hs37d5,abh100,S_Abkhasian-2,SGDP-Abkhasian,WGS,Genomic_from_blood,Illumina
drs://cgc-ga4gh-api.sbgenomics.com/58b5786fe4b0ec383d92ab32,LP6005443-DNA_D07.annotated.nh.vcf.gz,Male,LP6005443-DNA_D07,hs37d5,HGDP00545,S_Papuan-5,SGDP-Papuan,WGS,Genomic_from_cell_lines,Illumina
drs://cgc-ga4gh-api.sbgenomics.com/58b5786fe4b0ec383d92ab33,LP6005441-DNA_B12.srt.aln.bam,Female,LP6005441-DNA_B12,hs37d5,HGDP00852,S_Surui-2,SGDP-Surui,WGS,Genomic_from_cell_lines,Illumina
drs://cgc-ga4gh-api.sbgenomics.com/58b5786fe4b0ec383d92ab34,LP6005443-DNA_H07.annotated.nh.vcf.gz.tbi,Male,LP6005443-DNA_H07,hs37d5,HGDP00540,S_Papuan-2,SGDP-Papuan,WGS,Genomic_from_cell_lines,Illumina
drs://cgc-ga4gh-api.sbgenomics.com/58b5786fe4b0ec383d92ab35,LP6005441-DNA_E03.srt.aln.bam.bai,Male,LP6005441-DNA_E03,hs37d5,HGDP00428,S_Burusho-1,SGDP-Burusho,WGS,Genomic_from_cell_lines,Illumina
drs://cgc-ga4gh-api.sbgenomics.com/58b5786fe4b0ec383d92ab36,LP6005592-DNA_C03.annotated.nh.vcf.gz,Male,LP6005592-DNA_C03,hs37d5,HGDP00474,S_Mbuti-1,SGDP-Mbuti,WGS,Genomic_from_cell_lines,Illumina
drs://cgc-ga4gh-api.sbgenomics.com/58b5786fe4b0ec383d92ab37,LP6005441-DNA_B11.srt.aln.bam,Male,LP6005441-DNA_B11,hs37d5,HGDP00987,S_Ju_hoan_North-2,SGDP-Ju_hoan_North,WGS,Genomic_from_cell_lines,Illumina
drs://cgc-ga4gh-api.sbgenomics.com/58b5786fe4b0ec383d92ab38,LP6005441-DNA_F06.annotated.nh.vcf.gz.tbi,Female,LP6005441-DNA_F06,hs37d5,HGDP00286,S_Kalash-2,SGDP-Kalash,WGS,Genomic_from_cell_lines,Illumina
drs://cgc-ga4gh-api.sbgenomics.com/58b5786fe4b0ec383d92ab39,LP6005443-DNA_G02.annotated.nh.vcf.gz.tbi,Male,LP6005443-DNA_G02,hs37d5,HGDP01030,S_BantuTswana-1,SGDP-BantuTswana,WGS,Genomic_from_cell_lines,Illumina
drs://cgc-ga4gh-api.sbgenomics.com/58b5786fe4b0ec383d92ab3a,LP6005442-DNA_A11.srt.aln.bam,Male,LP6005442-DNA_A11,hs37d5,HG01503,S_Spanish-1,SGDP-Spanish,WGS,Genomic_from_cell_lines,Illumina
drs://cgc-ga4gh-api.sbgenomics.com/58b5786fe4b0ec383d92ab3b,LP6005519-DNA_D05.annotated.nh.vcf.gz,Male,LP6005519-DNA_D05,hs37d5,I3,S_Irula-2,SGDP-Irula,WGS,Genomic_from_blood,Illumina
drs://cgc-ga4gh-api.sbgenomics.com/58b5786fe4b0ec383d92ab3c,LP6005442-DNA_G10.annotated.nh.vcf.gz,Male,LP6005442-DNA_G10,hs37d5,HG02464,S_Gambian-1,SGDP-Gambian,WGS,Genomic_from_cell_lines,Illumina
drs://cgc-ga4gh-api.sbgenomics.com/58b5786fe4b0ec383d92ab3d,LP6005443-DNA_F07.srt.aln.bam,Male,LP6005443-DNA_F07,hs37d5,HGDP00548,S_Papuan-7,SGDP-Papuan,WGS,Genomic_from_cell_lines,Illumina
drs://cgc-ga4gh-api.sbgenomics.com/58b5786fe4b0ec383d92ab3e,LP6005442-DNA_D02.annotated.nh.vcf.gz,Male,LP6005442-DNA_D02,hs37d5,abh100,S_Abkhasian-2,SGDP-Abkhasian,WGS,Genomic_from_blood,Illumina
drs://cgc-ga4gh-api.sbgenomics.com/58b5786fe4b0ec383d92ab3f,LP6005443-DNA_F04.srt.aln.bam.bai,Male,LP6005443-DNA_F04,hs37d5,Mansi79,S_Mansi-1,SGDP-Mansi,WGS,Genomic_from_blood,Illumina
drs://cgc-ga4gh-api.sbgenomics.com/58b5786fe4b0ec383d92ab40,LP6005519-DNA_H04.srt.aln.bam,Male,LP6005519-DNA_H04,hs37d5,M13,S_Madiga-2,SGDP-Madiga,WGS,Genomic_from_blood,Illumina
drs://cgc-ga4gh-api.sbgenomics.com/58b5786fe4b0ec383d92ab41,LP6005441-DNA_G11.srt.aln.bam.bai,Male,LP6005441-DNA_G11,hs37d5,HGDP00208,S_Sindhi-1,SGDP-Sindhi,WGS,Genomic_from_cell_lines,Illumina
drs://cgc-ga4gh-api.sbgenomics.com/58b5786fe4b0ec383d92ab42,LP6005677-DNA_F01.annotated.nh.vcf.gz.tbi,Female,LP6005677-DNA_F01,hs37d5,NA11201,S_Quechua-1,SGDP-Quechua,WGS,Genomic_from_cell_lines,Illumina
drs://cgc-ga4gh-api.sbgenomics.com/58b5786fe4b0ec383d92ab43,LP6005441-DNA_F12.annotated.nh.vcf.gz,Female,LP6005441-DNA_F12,hs37d5,HGDP01098,S_Tujia-2,SGDP-Tujia,WGS,Genomic_from_cell_lines,Illumina
drs://cgc-ga4gh-api.sbgenomics.com/58b5786fe4b0ec383d92ab44,LP6005441-DNA_C02.srt.aln.bam,Male,LP6005441-DNA_C02,hs37d5,HGDP01364,S_Basque-1,SGDP-Basque,WGS,Genomic_from_cell_lines,Illumina
drs://cgc-ga4gh-api.sbgenomics.com/58b5786fe4b0ec383d92ab45,LP6005441-DNA_B08.annotated.nh.vcf.gz,Female,LP6005441-DNA_B08,hs37d5,HGDP00476,S_Mbuti-2,SGDP-Mbuti,WGS,Genomic_from_cell_lines,Illumina
drs://cgc-ga4gh-api.sbgenomics.com/58b5786fe4b0ec383d92ab46,LP6005443-DNA_D05.annotated.nh.vcf.gz.tbi,Female,LP6005443-DNA_D05,hs37d5,Ale14,S_Tlingit-2,SGDP-Tlingit,WGS,Genomic_from_blood,Illumina
drs://cgc-ga4gh-api.sbgenomics.com/58b5786fe4b0ec383d92ab47,LP6005592-DNA_B01.annotated.nh.vcf.gz,Not available,LP6005592-DNA_B01,hs37d5,NOR111,S_Norwegian-1,SGDP-Norwegian,WGS,Genomic_from_blood,Illumina
drs://cgc-ga4gh-api.sbgenomics.com/58b5786fe4b0ec383d92ab48,SS6004469.srt.aln.bam.bai,Male,SS6004469,hs37d5,HGDP00775,B_Han-3,SGDP-Han,WGS,Genomic_from_cell_lines,Illumina
drs://cgc-ga4gh-api.sbgenomics.com/58b5786fe4b0ec383d92ab49,LP6005442-DNA_C02.annotated.nh.vcf.gz.tbi,Male,LP6005442-DNA_C02,hs37d5,abh107,S_Abkhasian-1,SGDP-Abkhasian,WGS,Genomic_from_blood,Illumina
drs://cgc-ga4gh-api.sbgenomics.com/58b5786fe4b0ec383d92ab4a,LP6005443-DNA_D03.annotated.nh.vcf.gz,Male,LP6005443-DNA_D03,hs37d5,Esk29,S_Eskimo_Chaplin-1,SGDP-Eskimo_Chaplin,WGS,Genomic_from_blood,Illumina
drs://cgc-ga4gh-api.sbgenomics.com/58b5786fe4b0ec383d92ab4b,LP6005442-DNA_A08.srt.aln.bam,Male,LP6005442-DNA_A08,hs37d5,NA15202,S_Hungarian-2,SGDP-Hungarian,WGS,Genomic_from_cell_lines,Illumina
drs://cgc-ga4gh-api.sbgenomics.com/58b5786fe4b0ec383d92ab4c,LP6005441-DNA_D01.annotated.nh.vcf.gz,Male,LP6005441-DNA_D01,hs37d5,HGDP00090,S_Balochi-1,SGDP-Balochi,WGS,Genomic_from_cell_lines,Illumina
drs://cgc-ga4gh-api.sbgenomics.com/58b5786fe4b0ec383d92ab4d,LP6005592-DNA_B01.srt.aln.bam,Not available,LP6005592-DNA_B01,hs37d5,NOR111,S_Norwegian-1,SGDP-Norwegian,WGS,Genomic_from_blood,Illumina
drs://cgc-ga4gh-api.sbgenomics.com/58b5786fe4b0ec383d92ab4e,SS6004467.srt.aln.bam,Male,SS6004467,hs37d5,HGDP01308,B_Dai-4,SGDP-Dai,WGS,Genomic_from_cell_lines,Illumina
drs://cgc-ga4gh-api.sbgenomics.com/58b5786fe4b0ec383d92ab4f,LP6005441-DNA_G08.srt.aln.bam.bai,Male,LP6005441-DNA_G08,hs37d5,HGDP01253,S_Mozabite-1,SGDP-Mozabite,WGS,Genomic_from_cell_lines,Illumina
drs://cgc-ga4gh-api.sbgenomics.com/58b5786fe4b0ec383d92ab50,LP6005592-DNA_H03.srt.aln.bam.bai,Male,LP6005592-DNA_H03,hs37d5,NA17385,S_Hawaiian-1,SGDP-Hawaiian,WGS,Genomic_from_cell_lines,Illumina
drs://cgc-ga4gh-api.sbgenomics.com/58b5786fe4b0ec383d92ab51,SS6004473.srt.aln.bam,Male,SS6004473,hs37d5,HGDP01036,B_Ju_hoan_North-4,SGDP-Ju_hoan_North,WGS,Genomic_from_cell_lines,Illumina
drs://cgc-ga4gh-api.sbgenomics.com/58b5786fe4b0ec383d92ab52,LP6005519-DNA_F03.annotated.nh.vcf.gz,Male,LP6005519-DNA_F03,hs37d5,Armenian222,S_Armenian-2,SGDP-Armenian,WGS,Genomic_from_blood,Illumina
drs://cgc-ga4gh-api.sbgenomics.com/58b5786fe4b0ec383d92ab53,LP6005441-DNA_A12.srt.aln.bam.bai,Female,LP6005441-DNA_A12,hs37d5,HGDP00846,S_Surui-1,SGDP-Surui,WGS,Genomic_from_cell_lines,Illumina
drs://cgc-ga4gh-api.sbgenomics.com/58b5786fe4b0ec383d92ab54,LP6005441-DNA_G06.srt.aln.bam.bai,Male,LP6005441-DNA_G06,hs37d5,HGDP01012,S_Karitiana-1,SGDP-Karitiana,WGS,Genomic_from_cell_lines,Illumina
drs://cgc-ga4gh-api.sbgenomics.com/58b5786fe4b0ec383d92ab55,SS6004471.srt.aln.bam,Male,SS6004471,hs37d5,HGDP00982,B_Mbuti-4,SGDP-Mbuti,WGS,Genomic_from_cell_lines,Illumina
drs://cgc-ga4gh-api.sbgenomics.com/58b5786fe4b0ec383d92ab56,SS6004479.srt.aln.bam,Female,SS6004479,hs37d5,mixe0007,B_Mixe-1,SGDP-Mixe,WGS,Genomic_from_cell_lines,Illumina
drs://cgc-ga4gh-api.sbgenomics.com/58b5786fe4b0ec383d92ab57,LP6005442-DNA_H01.srt.aln.bam,Female,LP6005442-DNA_H01,hs37d5,HGDP01188,S_Yi-2,SGDP-Yi,WGS,Genomic_from_cell_lines,Illumina
drs://cgc-ga4gh-api.sbgenomics.com/58b5786fe4b0ec383d92ab58,LP6005442-DNA_C10.annotated.nh.vcf.gz,Male,LP6005442-DNA_C10,hs37d5,HG00190,S_Finnish-2,SGDP-Finnish,WGS,Genomic_from_cell_lines,Illumina
drs://cgc-ga4gh-api.sbgenomics.com/58b5786fe4b0ec383d92ab59,LP6005442-DNA_H11.srt.aln.bam.bai,Female,LP6005442-DNA_H11,hs37d5,HG03085,S_Mende-2,SGDP-Mende,WGS,Genomic_from_cell_lines,Illumina
drs://cgc-ga4gh-api.sbgenomics.com/58b5786fe4b0ec383d92ab5a,LP6005443-DNA_D05.srt.aln.bam.bai,Female,LP6005443-DNA_D05,hs37d5,Ale14,S_Tlingit-2,SGDP-Tlingit,WGS,Genomic_from_blood,Illumina
drs://cgc-ga4gh-api.sbgenomics.com/58b5786fe4b0ec383d92ab5b,LP6005441-DNA_B11.annotated.nh.vcf.gz.tbi,Male,LP6005441-DNA_B11,hs37d5,HGDP00987,S_Ju_hoan_North-2,SGDP-Ju_hoan_North,WGS,Genomic_from_cell_lines,Illumina
drs://cgc-ga4gh-api.sbgenomics.com/58b5786fe4b0ec383d92ab5c,LP6005441-DNA_D12.srt.aln.bam,Female,LP6005441-DNA_D12,hs37d5,HGDP01355,S_Tu-2,SGDP-Tu,WGS,Genomic_from_cell_lines,Illumina
drs://cgc-ga4gh-api.sbgenomics.com/58b5786fe4b0ec383d92ab5d,LP6005519-DNA_E05.srt.aln.bam,Male,LP6005519-DNA_E05,hs37d5,KD4,S_Khonda_Dora-1,SGDP-Khonda_Dora,WGS,Genomic_from_blood,Illumina
drs://cgc-ga4gh-api.sbgenomics.com/58b5786fe4b0ec383d92ab5e,LP6005519-DNA_G04.annotated.nh.vcf.gz,Male,LP6005519-DNA_G04,hs37d5,M4,S_Madiga-1,SGDP-Madiga,WGS,Genomic_from_blood,Illumina
drs://cgc-ga4gh-api.sbgenomics.com/58b5786fe4b0ec383d92ab5f,LP6005441-DNA_F08.srt.aln.bam.bai,Female,LP6005441-DNA_F08,hs37d5,HGDP01223,S_Mongola-2,SGDP-Mongola,WGS,Genomic_from_cell_lines,Illumina
drs://cgc-ga4gh-api.sbgenomics.com/58b5786fe4b0ec383d92ab60,LP6005441-DNA_A04.srt.aln.bam,Female,LP6005441-DNA_A04,hs37d5,HGDP00702,S_Piapoco-1,SGDP-Piapoco,WGS,Genomic_from_cell_lines,Illumina
drs://cgc-ga4gh-api.sbgenomics.com/58b5786fe4b0ec383d92ab61,SS6004469.annotated.nh.vcf.gz,Male,SS6004469,hs37d5,HGDP00775,B_Han-3,SGDP-Han,WGS,Genomic_from_cell_lines,Illumina
drs://cgc-ga4gh-api.sbgenomics.com/58b5786fe4b0ec383d92ab62,LP6005441-DNA_H03.annotated.nh.vcf.gz.tbi,Female,LP6005441-DNA_H03,hs37d5,HGDP00713,S_Cambodian-2,SGDP-Cambodian,WGS,Genomic_from_cell_lines,Illumina
drs://cgc-ga4gh-api.sbgenomics.com/58b5786fe4b0ec383d92ab63,LP6005619-DNA_C01.srt.aln.bam.bai,Male,LP6005619-DNA_C01,hs37d5,SAH41,S_Saharawi-2,SGDP-Saharawi,WGS,Genomic_from_blood,Illumina
drs://cgc-ga4gh-api.sbgenomics.com/58b5786fe4b0ec383d92ab64,LP6005441-DNA_C05.annotated.nh.vcf.gz.tbi,Male,LP6005441-DNA_C05,hs37d5,HGDP00785,S_Han-2,SGDP-Han,WGS,Genomic_from_cell_lines,Illumina
drs://cgc-ga4gh-api.sbgenomics.com/58b5786fe4b0ec383d92ab65,LP6005519-DNA_C03.annotated.nh.vcf.gz,Male,LP6005519-DNA_C03,hs37d5,tdj409_shugnan,S_Tajik-1,SGDP-Tajik,WGS,Genomic_from_blood,Illumina
drs://cgc-ga4gh-api.sbgenomics.com/58b5786fe4b0ec383d92ab66,SS6004468.annotated.nh.vcf.gz,Male,SS6004468,hs37d5,HGDP00533,B_French-3,SGDP-French,WGS,Genomic_from_cell_lines,Illumina
drs://cgc-ga4gh-api.sbgenomics.com/58b5786fe4b0ec383d92ab67,LP6005443-DNA_F10.srt.aln.bam,Male,LP6005443-DNA_F10,hs37d5,NorthOssetia5,S_North_Ossetian-2,SGDP-North_Ossetian,WGS,Genomic_from_blood,Illumina
drs://cgc-ga4gh-api.sbgenomics.com/58b5786fe4b0ec383d92ab68,LP6005519-DNA_E05.annotated.nh.vcf.gz.tbi,Male,LP6005519-DNA_E05,hs37d5,KD4,S_Khonda_Dora-1,SGDP-Khonda_Dora,WGS,Genomic_from_blood,Illumina
drs://cgc-ga4gh-api.sbgenomics.com/58b5786fe4b0ec383d92ab69,LP6005441-DNA_B06.srt.aln.bam,Female,LP6005441-DNA_B06,hs37d5,HGDP01172,S_Bergamo-2,SGDP-Bergamo,WGS,Genomic_from_cell_lines,Illumina
drs://cgc-ga4gh-api.sbgenomics.com/58b5786fe4b0ec383d92ab6a,LP6005442-DNA_H09.srt.aln.bam,Female,LP6005442-DNA_H09,hs37d5,HG03007,S_Bengali-2,SGDP-Bengali,WGS,Genomic_from_cell_lines,Illumina
drs://cgc-ga4gh-api.sbgenomics.com/58b5786fe4b0ec383d92ab6b,LP6005441-DNA_D12.srt.aln.bam.bai,Female,LP6005441-DNA_D12,hs37d5,HGDP01355,S_Tu-2,SGDP-Tu,WGS,Genomic_from_cell_lines,Illumina
drs://cgc-ga4gh-api.sbgenomics.com/58b5786fe4b0ec383d92ab6c,LP6005441-DNA_D03.srt.aln.bam.bai,Male,LP6005441-DNA_D03,hs37d5,HGDP00027,S_Brahui-1,SGDP-Brahui,WGS,Genomic_from_cell_lines,Illumina
drs://cgc-ga4gh-api.sbgenomics.com/58b5786fe4b0ec383d92ab6d,LP6005443-DNA_E05.annotated.nh.vcf.gz.tbi,Male,LP6005443-DNA_E05,hs37d5,Ale32,S_Tlingit-1,SGDP-Tlingit,WGS,Genomic_from_blood,Illumina
drs://cgc-ga4gh-api.sbgenomics.com/58b5786fe4b0ec383d92ab6e,LP6005441-DNA_D09.srt.aln.bam.bai,Female,LP6005441-DNA_D09,hs37d5,HGDP00796,S_Orcadian-2,SGDP-Orcadian,WGS,Genomic_from_cell_lines,Illumina
drs://cgc-ga4gh-api.sbgenomics.com/58b5786fe4b0ec383d92ab6f,LP6005443-DNA_G02.srt.aln.bam.bai,Male,LP6005443-DNA_G02,hs37d5,HGDP01030,S_BantuTswana-1,SGDP-BantuTswana,WGS,Genomic_from_cell_lines,Illumina
drs://cgc-ga4gh-api.sbgenomics.com/58b5786fe4b0ec383d92ab70,LP6005443-DNA_H07.srt.aln.bam,Male,LP6005443-DNA_H07,hs37d5,HGDP00540,S_Papuan-2,SGDP-Papuan,WGS,Genomic_from_cell_lines,Illumina
drs://cgc-ga4gh-api.sbgenomics.com/58b5786fe4b0ec383d92ab71,LP6005442-DNA_A03.annotated.nh.vcf.gz,Male,LP6005442-DNA_A03,hs37d5,BulgarianB4,S_Bulgarian-1,SGDP-Bulgarian,WGS,Genomic_from_blood,Illumina
drs://cgc-ga4gh-api.sbgenomics.com/58b5786fe4b0ec383d92ab72,LP6005519-DNA_C04.annotated.nh.vcf.gz,Male,LP6005519-DNA_C04,hs37d5,Y4,S_Yadava-1,SGDP-Yadava,WGS,Genomic_from_blood,Illumina
drs://cgc-ga4gh-api.sbgenomics.com/58b5786fe4b0ec383d92ab73,LP6005443-DNA_H05.srt.aln.bam,Male,LP6005443-DNA_H05,hs37d5,NA15728,S_Czech-2,SGDP-Czech,WGS,Genomic_from_cell_lines,Illumina
drs://cgc-ga4gh-api.sbgenomics.com/58b5786fe4b0ec383d92ab74,LP6005442-DNA_A02.srt.aln.bam,Male,LP6005442-DNA_A02,hs37d5,HGDP00932,S_Yoruba-2,SGDP-Yoruba,WGS,Genomic_from_cell_lines,Illumina
drs://cgc-ga4gh-api.sbgenomics.com/58b5786fe4b0ec383d92ab75,LP6005441-DNA_H08.annotated.nh.vcf.gz.tbi,Female,LP6005441-DNA_H08,hs37d5,HGDP01274,S_Mozabite-2,SGDP-Mozabite,WGS,Genomic_from_cell_lines,Illumina
drs://cgc-ga4gh-api.sbgenomics.com/58b5786fe4b0ec383d92ab76,LP6005442-DNA_E11.srt.aln.bam.bai,Male,LP6005442-DNA_E11,hs37d5,NA19044,S_Luhya-2,SGDP-Luhya,WGS,Genomic_from_cell_lines,Illumina
drs://cgc-ga4gh-api.sbgenomics.com/58b5786fe4b0ec383d92ab77,LP6005592-DNA_B01.srt.aln.bam.bai,Not available,LP6005592-DNA_B01,hs37d5,NOR111,S_Norwegian-1,SGDP-Norwegian,WGS,Genomic_from_blood,Illumina
drs://cgc-ga4gh-api.sbgenomics.com/58b5786fe4b0ec383d92ab78,LP6005441-DNA_C11.srt.aln.bam.bai,Male,LP6005441-DNA_C11,hs37d5,HGDP01079,S_Sardinian-1,SGDP-Sardinian,WGS,Genomic_from_cell_lines,Illumina
drs://cgc-ga4gh-api.sbgenomics.com/58b5786fe4b0ec383d92ab79,LP6005441-DNA_G03.annotated.nh.vcf.gz.tbi,Male,LP6005441-DNA_G03,hs37d5,HGDP00717,S_Cambodian-1,SGDP-Cambodian,WGS,Genomic_from_cell_lines,Illumina
drs://cgc-ga4gh-api.sbgenomics.com/58b5786fe4b0ec383d92ab7a,LP6005441-DNA_C08.srt.aln.bam.bai,Male,LP6005441-DNA_C08,hs37d5,HGDP01191,S_Miao-1,SGDP-Miao,WGS,Genomic_from_cell_lines,Illumina
drs://cgc-ga4gh-api.sbgenomics.com/58b5786fe4b0ec383d92ab7b,LP6005442-DNA_G03.annotated.nh.vcf.gz.tbi,Male,LP6005442-DNA_G03,hs37d5,Est400,S_Estonian-2,SGDP-Estonian,WGS,Genomic_from_blood,Illumina
drs://cgc-ga4gh-api.sbgenomics.com/58b5786fe4b0ec383d92ab7c,LP6005443-DNA_H01.annotated.nh.vcf.gz,Male,LP6005443-DNA_H01,hs37d5,HGDP01350,S_Tu-1,SGDP-Tu,WGS,Genomic_from_cell_lines,Illumina
drs://cgc-ga4gh-api.sbgenomics.com/58b5786fe4b0ec383d92ab7d,LP6005441-DNA_F06.annotated.nh.vcf.gz,Female,LP6005441-DNA_F06,hs37d5,HGDP00286,S_Kalash-2,SGDP-Kalash,WGS,Genomic_from_cell_lines,Illumina
drs://cgc-ga4gh-api.sbgenomics.com/58b5786fe4b0ec383d92ab7e,LP6005443-DNA_H02.srt.aln.bam.bai,Female,LP6005443-DNA_H02,hs37d5,Ale20,S_Aleut-2,SGDP-Aleut,WGS,Genomic_from_blood,Illumina
drs://cgc-ga4gh-api.sbgenomics.com/58b5786fe4b0ec383d92ab7f,LP6005519-DNA_D01.srt.aln.bam,Male,LP6005519-DNA_D01,hs37d5,TGBS21,S_Chane-1,SGDP-Chane,WGS,Genomic_from_blood,Illumina
drs://cgc-ga4gh-api.sbgenomics.com/58b5786fe4b0ec383d92ab80,SS6004473.srt.aln.bam.bai,Male,SS6004473,hs37d5,HGDP01036,B_Ju_hoan_North-4,SGDP-Ju_hoan_North,WGS,Genomic_from_cell_lines,Illumina
drs://cgc-ga4gh-api.sbgenomics.com/58b5786fe4b0ec383d92ab81,LP6005442-DNA_B04.srt.aln.bam,Male,LP6005442-DNA_B04,hs37d5,mg27,S_Georgian-1,SGDP-Georgian,WGS,Genomic_from_blood,Illumina
drs://cgc-ga4gh-api.sbgenomics.com/58b5786fe4b0ec383d92ab82,LP6005441-DNA_F05.annotated.nh.vcf.gz.tbi,Male,LP6005441-DNA_F05,hs37d5,HGDP00124,S_Hazara-1,SGDP-Hazara,WGS,Genomic_from_cell_lines,Illumina
drs://cgc-ga4gh-api.sbgenomics.com/58b5786fe4b0ec383d92ab83,LP6005592-DNA_C03.srt.aln.bam,Male,LP6005592-DNA_C03,hs37d5,HGDP00474,S_Mbuti-1,SGDP-Mbuti,WGS,Genomic_from_cell_lines,Illumina
drs://cgc-ga4gh-api.sbgenomics.com/58b5786fe4b0ec383d92ab84,LP6005442-DNA_B01.srt.aln.bam,Female,LP6005442-DNA_B01,hs37d5,HGDP01306,S_Uygur-1,SGDP-Uygur,WGS,Genomic_from_cell_lines,Illumina
drs://cgc-ga4gh-api.sbgenomics.com/58b5786fe4b0ec383d92ab85,LP6005519-DNA_D06.annotated.nh.vcf.gz,Male,LP6005519-DNA_D06,hs37d5,Igor21,S_Igorot-2,SGDP-Igorot,WGS,Genomic_from_saliva,Illumina
drs://cgc-ga4gh-api.sbgenomics.com/58b5786fe4b0ec383d92ab86,LP6005519-DNA_D06.srt.aln.bam,Male,LP6005519-DNA_D06,hs37d5,Igor21,S_Igorot-2,SGDP-Igorot,WGS,Genomic_from_saliva,Illumina
drs://cgc-ga4gh-api.sbgenomics.com/58b5786fe4b0ec383d92ab87,LP6005441-DNA_D08.srt.aln.bam.bai,Female,LP6005441-DNA_D08,hs37d5,HGDP01198,S_Miao-2,SGDP-Miao,WGS,Genomic_from_cell_lines,Illumina
drs://cgc-ga4gh-api.sbgenomics.com/58b5786fe4b0ec383d92ab88,LP6005441-DNA_D02.srt.aln.bam.bai,Female,LP6005441-DNA_D02,hs37d5,HGDP01365,S_Basque-2,SGDP-Basque,WGS,Genomic_from_cell_lines,Illumina
drs://cgc-ga4gh-api.sbgenomics.com/58b5786fe4b0ec383d92ab89,LP6005442-DNA_H10.srt.aln.bam.bai,Female,LP6005442-DNA_H10,hs37d5,HG02574,S_Gambian-2,SGDP-Gambian,WGS,Genomic_from_cell_lines,Illumina
drs://cgc-ga4gh-api.sbgenomics.com/58b5786fe4b0ec383d92ab8a,LP6005677-DNA_G01.annotated.nh.vcf.gz.tbi,Male,LP6005677-DNA_G01,hs37d5,Ayodo_430C,S_Luo-1,SGDP-Luo,WGS,Genomic_from_blood,Illumina
drs://cgc-ga4gh-api.sbgenomics.com/58b5786fe4b0ec383d92ab8b,LP6005443-DNA_E06.srt.aln.bam,Male,LP6005443-DNA_E06,hs37d5,NA21581,S_Masai-2,SGDP-Masai,WGS,Genomic_from_cell_lines,Illumina
drs://cgc-ga4gh-api.sbgenomics.com/58b5786fe4b0ec383d92ab8c,LP6005441-DNA_E07.annotated.nh.vcf.gz,Male,LP6005441-DNA_E07,hs37d5,HGDP01199,S_Mandenka-1,SGDP-Mandenka,WGS,Genomic_from_cell_lines,Illumina
drs://cgc-ga4gh-api.sbgenomics.com/58b5786fe4b0ec383d92ab8d,LP6005443-DNA_B02.annotated.nh.vcf.gz.tbi,Male,LP6005443-DNA_B02,hs37d5,HGDP01297,S_Uygur-2,SGDP-Uygur,WGS,Genomic_from_cell_lines,Illumina
drs://cgc-ga4gh-api.sbgenomics.com/58b5786fe4b0ec383d92ab8e,LP6005441-DNA_E10.srt.aln.bam,Male,LP6005441-DNA_E10,hs37d5,HGDP01047,S_Pima-1,SGDP-Pima,WGS,Genomic_from_cell_lines,Illumina
drs://cgc-ga4gh-api.sbgenomics.com/58b5786fe4b0ec383d92ab8f,LP6005441-DNA_H09.annotated.nh.vcf.gz.tbi,Female,LP6005441-DNA_H09,hs37d5,HGDP00737,S_Palestinian-3,SGDP-Palestinian,WGS,Genomic_from_cell_lines,Illumina
drs://cgc-ga4gh-api.sbgenomics.com/58b5786fe4b0ec383d92ab90,SS6004475.annotated.nh.vcf.gz.tbi,Male,SS6004475,hs37d5,HGDP00936,B_Yoruba-3,SGDP-Yoruba,WGS,Genomic_from_cell_lines,Illumina
drs://cgc-ga4gh-api.sbgenomics.com/58b5786fe4b0ec383d92ab91,LP6005441-DNA_D06.srt.aln.bam,Female,LP6005441-DNA_D06,hs37d5,HGDP00773,S_Japanese-2,SGDP-Japanese,WGS,Genomic_from_cell_lines,Illumina
drs://cgc-ga4gh-api.sbgenomics.com/58b5786fe4b0ec383d92ab92,SS6004479.srt.aln.bam.bai,Female,SS6004479,hs37d5,mixe0007,B_Mixe-1,SGDP-Mixe,WGS,Genomic_from_cell_lines,Illumina
drs://cgc-ga4gh-api.sbgenomics.com/58b5786fe4b0ec383d92ab93,LP6005441-DNA_E02.srt.aln.bam.bai,Male,LP6005441-DNA_E02,hs37d5,HGDP00616,S_BedouinB-1,SGDP-BedouinB,WGS,Genomic_from_cell_lines,Illumina
drs://cgc-ga4gh-api.sbgenomics.com/58b5786fe4b0ec383d92ab94,LP6005441-DNA_E08.srt.aln.bam.bai,Male,LP6005441-DNA_E08,hs37d5,HGDP01228,S_Mongola-1,SGDP-Mongola,WGS,Genomic_from_cell_lines,Illumina
drs://cgc-ga4gh-api.sbgenomics.com/58b5786fe4b0ec383d92ab95,LP6005443-DNA_E09.annotated.nh.vcf.gz,Male,LP6005443-DNA_E09,hs37d5,HGDP01338,S_Naxi-1,SGDP-Naxi,WGS,Genomic_from_cell_lines,Illumina
drs://cgc-ga4gh-api.sbgenomics.com/58b5786fe4b0ec383d92ab96,LP6005442-DNA_A12.annotated.nh.vcf.gz.tbi,Male,LP6005442-DNA_A12,hs37d5,HG02783,S_Punjabi-2,SGDP-Punjabi,WGS,Genomic_from_cell_lines,Illumina
drs://cgc-ga4gh-api.sbgenomics.com/58b5786fe4b0ec383d92ab97,LP6005677-DNA_F01.annotated.nh.vcf.gz,Female,LP6005677-DNA_F01,hs37d5,NA11201,S_Quechua-1,SGDP-Quechua,WGS,Genomic_from_cell_lines,Illumina
drs://cgc-ga4gh-api.sbgenomics.com/58b5786fe4b0ec383d92ab98,LP6005443-DNA_C09.annotated.nh.vcf.gz,Male,LP6005443-DNA_C09,hs37d5,Kusunda02,S_Kusunda-1,SGDP-Kusunda,WGS,Genomic_from_saliva,Illumina
drs://cgc-ga4gh-api.sbgenomics.com/58b5786fe4b0ec383d92ab99,LP6005441-DNA_D03.srt.aln.bam,Male,LP6005441-DNA_D03,hs37d5,HGDP00027,S_Brahui-1,SGDP-Brahui,WGS,Genomic_from_cell_lines,Illumina
drs://cgc-ga4gh-api.sbgenomics.com/58b5786fe4b0ec383d92ab9a,LP6005677-DNA_D03.srt.aln.bam,Female,LP6005677-DNA_D03,hs37d5,SA0342,S_Khomani_San-1,SGDP-Khomani_San,WGS,Genomic_from_saliva,Illumina
drs://cgc-ga4gh-api.sbgenomics.com/58b5786fe4b0ec383d92ab9b,LP6005441-DNA_F02.srt.aln.bam.bai,Female,LP6005441-DNA_F02,hs37d5,HGDP00650,S_BedouinB-2,SGDP-BedouinB,WGS,Genomic_from_cell_lines,Illumina
drs://cgc-ga4gh-api.sbgenomics.com/58b5786fe4b0ec383d92ab9c,LP6005442-DNA_C11.srt.aln.bam,Male,LP6005442-DNA_C11,hs37d5,HG01846,S_Kinh-2,SGDP-Kinh,WGS,Genomic_from_cell_lines,Illumina
drs://cgc-ga4gh-api.sbgenomics.com/58b5786fe4b0ec383d92ab9d,LP6005442-DNA_H10.srt.aln.bam,Female,LP6005442-DNA_H10,hs37d5,HG02574,S_Gambian-2,SGDP-Gambian,WGS,Genomic_from_cell_lines,Illumina
drs://cgc-ga4gh-api.sbgenomics.com/58b5786fe4b0ec383d92ab9e,LP6005442-DNA_D01.annotated.nh.vcf.gz.tbi,Male,LP6005442-DNA_D01,hs37d5,HGDP01250,S_Xibo-1,SGDP-Xibo,WGS,Genomic_from_cell_lines,Illumina
drs://cgc-ga4gh-api.sbgenomics.com/58b5786fe4b0ec383d92ab9f,LP6005442-DNA_D09.srt.aln.bam.bai,Female,LP6005442-DNA_D09,hs37d5,Ayodo_81S,S_Somali-1,SGDP-Somali,WGS,Genomic_from_blood,Illumina
drs://cgc-ga4gh-api.sbgenomics.com/58b5786fe4b0ec383d92aba0,LP6005442-DNA_D03.srt.aln.bam.bai,Male,LP6005442-DNA_D03,hs37d5,ch113,S_Chechen-1,SGDP-Chechen,WGS,Genomic_from_blood,Illumina
drs://cgc-ga4gh-api.sbgenomics.com/58b5786fe4b0ec383d92aba1,LP6005441-DNA_G10.annotated.nh.vcf.gz,Male,LP6005441-DNA_G10,hs37d5,HGDP00887,S_Russian-1,SGDP-Russian,WGS,Genomic_from_cell_lines,Illumina
drs://cgc-ga4gh-api.sbgenomics.com/58b5786fe4b0ec383d92aba2,LP6005442-DNA_G01.annotated.nh.vcf.gz,Male,LP6005442-DNA_G01,hs37d5,HGDP01179,S_Yi-1,SGDP-Yi,WGS,Genomic_from_cell_lines,Illumina
drs://cgc-ga4gh-api.sbgenomics.com/58b5786fe4b0ec383d92aba3,LP6005441-DNA_D11.srt.aln.bam.bai,Female,LP6005441-DNA_D11,hs37d5,HGDP01078,S_Sardinian-2,SGDP-Sardinian,WGS,Genomic_from_cell_lines,Illumina
drs://cgc-ga4gh-api.sbgenomics.com/58b5786fe4b0ec383d92aba4,LP6005441-DNA_C07.annotated.nh.vcf.gz,Male,LP6005441-DNA_C07,hs37d5,HGDP00160,S_Makrani-1,SGDP-Makrani,WGS,Genomic_from_cell_lines,Illumina
drs://cgc-ga4gh-api.sbgenomics.com/58b5786fe4b0ec383d92aba5,LP6005441-DNA_H06.srt.aln.bam.bai,Female,LP6005441-DNA_H06,hs37d5,HGDP01018,S_Karitiana-2,SGDP-Karitiana,WGS,Genomic_from_cell_lines,Illumina
drs://cgc-ga4gh-api.sbgenomics.com/58b5786fe4b0ec383d92aba6,LP6005443-DNA_E02.annotated.nh.vcf.gz,Male,LP6005443-DNA_E02,hs37d5,HGDP01028,S_BantuHerero-1,SGDP-BantuHerero,WGS,Genomic_from_cell_lines,Illumina
drs://cgc-ga4gh-api.sbgenomics.com/58b5786fe4b0ec383d92aba7,LP6005443-DNA_H11.srt.aln.bam.bai,Female,LP6005443-DNA_H11,hs37d5,mixa0105,S_Mixtec-2,SGDP-Mixtec,WGS,Genomic_from_cell_lines,Illumina
drs://cgc-ga4gh-api.sbgenomics.com/58b5786fe4b0ec383d92aba8,LP6005443-DNA_F08.annotated.nh.vcf.gz,Male,LP6005443-DNA_F08,hs37d5,HGDP00551,S_Papuan-9,SGDP-Papuan,WGS,Genomic_from_cell_lines,Illumina
drs://cgc-ga4gh-api.sbgenomics.com/58b5786fe4b0ec383d92aba9,LP6005442-DNA_D08.annotated.nh.vcf.gz.tbi,Female,LP6005442-DNA_D08,hs37d5,NA15761,S_Icelandic-1,SGDP-Icelandic,WGS,Genomic_from_cell_lines,Illumina
drs://cgc-ga4gh-api.sbgenomics.com/58b5786fe4b0ec383d92abaa,LP6005443-DNA_D02.srt.aln.bam,Male,LP6005443-DNA_D02,hs37d5,HGDP00951,S_Yakut-2,SGDP-Yakut,WGS,Genomic_from_cell_lines,Illumina
drs://cgc-ga4gh-api.sbgenomics.com/58b5786fe4b0ec383d92abab,LP6005443-DNA_D07.srt.aln.bam,Male,LP6005443-DNA_D07,hs37d5,HGDP00545,S_Papuan-5,SGDP-Papuan,WGS,Genomic_from_cell_lines,Illumina
drs://cgc-ga4gh-api.sbgenomics.com/58b5786fe4b0ec383d92abac,LP6005443-DNA_C04.srt.aln.bam.bai,Male,LP6005443-DNA_C04,hs37d5,Nlk18,S_Even-2,SGDP-Even,WGS,Genomic_from_blood,Illumina
drs://cgc-ga4gh-api.sbgenomics.com/58b5786fe4b0ec383d92abad,LP6005519-DNA_G02.annotated.nh.vcf.gz.tbi,Female,LP6005519-DNA_G02,hs37d5,Peru60,S_Quechua-3,SGDP-Quechua,WGS,Genomic_from_blood,Illumina
drs://cgc-ga4gh-api.sbgenomics.com/58b5786fe4b0ec383d92abae,LP6005442-DNA_B12.srt.aln.bam,Female,LP6005442-DNA_B12,hs37d5,HG02790,S_Punjabi-3,SGDP-Punjabi,WGS,Genomic_from_cell_lines,Illumina
drs://cgc-ga4gh-api.sbgenomics.com/58b5786fe4b0ec383d92abaf,LP6005592-DNA_E02.annotated.nh.vcf.gz.tbi,Male,LP6005592-DNA_E02,hs37d5,ND15865,S_Polish-1,SGDP-Polish,WGS,Genomic_from_cell_lines,Illumina
drs://cgc-ga4gh-api.sbgenomics.com/58b5786fe4b0ec383d92abb0,LP6005441-DNA_E02.srt.aln.bam,Male,LP6005441-DNA_E02,hs37d5,HGDP00616,S_BedouinB-1,SGDP-BedouinB,WGS,Genomic_from_cell_lines,Illumina
drs://cgc-ga4gh-api.sbgenomics.com/58b5786fe4b0ec383d92abb1,LP6005443-DNA_G08.annotated.nh.vcf.gz.tbi,Male,LP6005443-DNA_G08,hs37d5,HGDP00991,S_Ju_hoan_North-1,SGDP-Ju_hoan_North,WGS,Genomic_from_cell_lines,Illumina
drs://cgc-ga4gh-api.sbgenomics.com/58b5786fe4b0ec383d92abb2,LP6005442-DNA_F04.srt.aln.bam,Male,LP6005442-DNA_F04,hs37d5,Jordan603,S_Jordanian-2,SGDP-Jordanian,WGS,Genomic_from_blood,Illumina
drs://cgc-ga4gh-api.sbgenomics.com/58b5786fe4b0ec383d92abb3,LP6005441-DNA_E07.annotated.nh.vcf.gz.tbi,Male,LP6005441-DNA_E07,hs37d5,HGDP01199,S_Mandenka-1,SGDP-Mandenka,WGS,Genomic_from_cell_lines,Illumina
drs://cgc-ga4gh-api.sbgenomics.com/58b5786fe4b0ec383d92abb4,LP6005443-DNA_G02.annotated.nh.vcf.gz,Male,LP6005443-DNA_G02,hs37d5,HGDP01030,S_BantuTswana-1,SGDP-BantuTswana,WGS,Genomic_from_cell_lines,Illumina
drs://cgc-ga4gh-api.sbgenomics.com/58b5786fe4b0ec383d92abb5,LP6005592-DNA_A02.annotated.nh.vcf.gz,Male,LP6005592-DNA_A02,hs37d5,HG00360,S_Finnish-3,SGDP-Finnish,WGS,Genomic_from_cell_lines,Illumina
drs://cgc-ga4gh-api.sbgenomics.com/58b5786fe4b0ec383d92abb6,LP6007069-DNA_A01.annotated.nh.vcf.gz,Female,LP6007069-DNA_A01,hs37d5,AV-21,B_Crete-1,SGDP-Crete,WGS,Genomic_from_blood,Illumina
drs://cgc-ga4gh-api.sbgenomics.com/58b5786fe4b0ec383d92abb7,LP6005442-DNA_G11.annotated.nh.vcf.gz,Male,LP6005442-DNA_G11,hs37d5,HG03078,S_Mende-1,SGDP-Mende,WGS,Genomic_from_cell_lines,Illumina
drs://cgc-ga4gh-api.sbgenomics.com/58b5786fe4b0ec383d92abb8,LP6005441-DNA_H06.annotated.nh.vcf.gz,Female,LP6005441-DNA_H06,hs37d5,HGDP01018,S_Karitiana-2,SGDP-Karitiana,WGS,Genomic_from_cell_lines,Illumina
drs://cgc-ga4gh-api.sbgenomics.com/58b5786fe4b0ec383d92abb9,LP6005442-DNA_H01.srt.aln.bam.bai,Female,LP6005442-DNA_H01,hs37d5,HGDP01188,S_Yi-2,SGDP-Yi,WGS,Genomic_from_cell_lines,Illumina
drs://cgc-ga4gh-api.sbgenomics.com/58b5786fe4b0ec383d92abba,LP6005442-DNA_F01.srt.aln.bam,Female,LP6005442-DNA_F01,hs37d5,HGDP00956,S_Yakut-1,SGDP-Yakut,WGS,Genomic_from_cell_lines,Illumina
drs://cgc-ga4gh-api.sbgenomics.com/58b57870e4b0ec383d92abbb,LP6005443-DNA_H08.annotated.nh.vcf.gz,Male,LP6005443-DNA_H08,hs37d5,DNK05,S_Dinka-1,SGDP-Dinka,WGS,Genomic_from_saliva,Illumina
drs://cgc-ga4gh-api.sbgenomics.com/58b57870e4b0ec383d92abbc,LP6005443-DNA_F02.annotated.nh.vcf.gz.tbi,Male,LP6005443-DNA_F02,hs37d5,HGDP01034,S_BantuTswana-2,SGDP-BantuTswana,WGS,Genomic_from_cell_lines,Illumina
drs://cgc-ga4gh-api.sbgenomics.com/58b57870e4b0ec383d92abbd,LP6005592-DNA_D04.srt.aln.bam,Male,LP6005592-DNA_D04,hs37d5,Sam02,S_Samaritan-1,SGDP-Samaritan,WGS,Genomic_from_blood,Illumina
drs://cgc-ga4gh-api.sbgenomics.com/58b57870e4b0ec383d92abbe,LP6005442-DNA_E12.annotated.nh.vcf.gz.tbi,Female,LP6005442-DNA_E12,hs37d5,Tuba9,S_Tubalar-2,SGDP-Tubalar,WGS,Genomic_from_blood,Illumina
drs://cgc-ga4gh-api.sbgenomics.com/58b57870e4b0ec383d92abbf,LP6005592-DNA_D03.annotated.nh.vcf.gz.tbi,Female,LP6005592-DNA_D03,hs37d5,HGDP01314,S_Dai-1,SGDP-Dai,WGS,Genomic_from_cell_lines,Illumina
drs://cgc-ga4gh-api.sbgenomics.com/58b57870e4b0ec383d92abc0,LP6005441-DNA_E07.srt.aln.bam,Male,LP6005441-DNA_E07,hs37d5,HGDP01199,S_Mandenka-1,SGDP-Mandenka,WGS,Genomic_from_cell_lines,Illumina
drs://cgc-ga4gh-api.sbgenomics.com/58b57870e4b0ec383d92abc1,LP6005443-DNA_H08.srt.aln.bam.bai,Male,LP6005443-DNA_H08,hs37d5,DNK05,S_Dinka-1,SGDP-Dinka,WGS,Genomic_from_saliva,Illumina
drs://cgc-ga4gh-api.sbgenomics.com/58b57870e4b0ec383d92abc2,LP6005441-DNA_A04.srt.aln.bam.bai,Female,LP6005441-DNA_A04,hs37d5,HGDP00702,S_Piapoco-1,SGDP-Piapoco,WGS,Genomic_from_cell_lines,Illumina
drs://cgc-ga4gh-api.sbgenomics.com/58b57870e4b0ec383d92abc3,LP6005442-DNA_H01.annotated.nh.vcf.gz.tbi,Female,LP6005442-DNA_H01,hs37d5,HGDP01188,S_Yi-2,SGDP-Yi,WGS,Genomic_from_cell_lines,Illumina
drs://cgc-ga4gh-api.sbgenomics.com/58b57870e4b0ec383d92abc4,LP6005677-DNA_B02.annotated.nh.vcf.gz.tbi,Male,LP6005677-DNA_B02,hs37d5,Bishkek28440,S_Kyrgyz-1,SGDP-Kyrgyz,WGS,Genomic_from_blood,Illumina
drs://cgc-ga4gh-api.sbgenomics.com/58b57870e4b0ec383d92abc5,LP6005443-DNA_B09.annotated.nh.vcf.gz.tbi,Male,LP6005443-DNA_B09,hs37d5,DNK11,S_Dinka-2,SGDP-Dinka,WGS,Genomic_from_saliva,Illumina
drs://cgc-ga4gh-api.sbgenomics.com/58b57870e4b0ec383d92abc6,LP6005519-DNA_E05.srt.aln.bam.bai,Male,LP6005519-DNA_E05,hs37d5,KD4,S_Khonda_Dora-1,SGDP-Khonda_Dora,WGS,Genomic_from_blood,Illumina
drs://cgc-ga4gh-api.sbgenomics.com/58b57870e4b0ec383d92abc7,LP6005519-DNA_F06.annotated.nh.vcf.gz,Female,LP6005519-DNA_F06,hs37d5,Dus22,S_Dusun-1,SGDP-Dusun,WGS,Genomic_from_saliva,Illumina
drs://cgc-ga4gh-api.sbgenomics.com/58b57870e4b0ec383d92abc8,LP6005442-DNA_E12.srt.aln.bam.bai,Female,LP6005442-DNA_E12,hs37d5,Tuba9,S_Tubalar-2,SGDP-Tubalar,WGS,Genomic_from_blood,Illumina
drs://cgc-ga4gh-api.sbgenomics.com/58b57870e4b0ec383d92abc9,LP6005441-DNA_H06.srt.aln.bam,Female,LP6005441-DNA_H06,hs37d5,HGDP01018,S_Karitiana-2,SGDP-Karitiana,WGS,Genomic_from_cell_lines,Illumina
drs://cgc-ga4gh-api.sbgenomics.com/58b57870e4b0ec383d92abca,LP6005441-DNA_C07.srt.aln.bam,Male,LP6005441-DNA_C07,hs37d5,HGDP00160,S_Makrani-1,SGDP-Makrani,WGS,Genomic_from_cell_lines,Illumina
drs://cgc-ga4gh-api.sbgenomics.com/58b57870e4b0ec383d92abcb,LP6005519-DNA_H03.annotated.nh.vcf.gz,Male,LP6005519-DNA_H03,hs37d5,B17,S_Brahmin-2,SGDP-Brahmin,WGS,Genomic_from_blood,Illumina
drs://cgc-ga4gh-api.sbgenomics.com/58b57870e4b0ec383d92abcc,LP6007069-DNA_A01.annotated.nh.vcf.gz.tbi,Female,LP6007069-DNA_A01,hs37d5,AV-21,B_Crete-1,SGDP-Crete,WGS,Genomic_from_blood,Illumina
drs://cgc-ga4gh-api.sbgenomics.com/58b57870e4b0ec383d92abcd,LP6005443-DNA_G01.annotated.nh.vcf.gz.tbi,Female,LP6005443-DNA_G01,hs37d5,HGDP01335,S_She-1,SGDP-She,WGS,Genomic_from_cell_lines,Illumina
drs://cgc-ga4gh-api.sbgenomics.com/58b57870e4b0ec383d92abce,LP6005441-DNA_D11.annotated.nh.vcf.gz,Female,LP6005441-DNA_D11,hs37d5,HGDP01078,S_Sardinian-2,SGDP-Sardinian,WGS,Genomic_from_cell_lines,Illumina
drs://cgc-ga4gh-api.sbgenomics.com/58b57870e4b0ec383d92abcf,LP6005443-DNA_F02.srt.aln.bam,Male,LP6005443-DNA_F02,hs37d5,HGDP01034,S_BantuTswana-2,SGDP-BantuTswana,WGS,Genomic_from_cell_lines,Illumina
drs://cgc-ga4gh-api.sbgenomics.com/58b57870e4b0ec383d92abd0,LP6005443-DNA_A03.srt.aln.bam,Male,LP6005443-DNA_A03,hs37d5,Ale22,S_Aleut-1,SGDP-Aleut,WGS,Genomic_from_blood,Illumina
drs://cgc-ga4gh-api.sbgenomics.com/58b57870e4b0ec383d92abd1,LP6005519-DNA_C06.srt.aln.bam.bai,Female,LP6005519-DNA_C06,hs37d5,Igor20,S_Igorot-1,SGDP-Igorot,WGS,Genomic_from_saliva,Illumina
drs://cgc-ga4gh-api.sbgenomics.com/58b57870e4b0ec383d92abd2,LP6005442-DNA_H04.srt.aln.bam,Male,LP6005442-DNA_H04,hs37d5,lez49,S_Lezgin-1,SGDP-Lezgin,WGS,Genomic_from_blood,Illumina
drs://cgc-ga4gh-api.sbgenomics.com/58b57870e4b0ec383d92abd3,LP6005443-DNA_C08.annotated.nh.vcf.gz.tbi,Male,LP6005443-DNA_C08,hs37d5,HGDP00547,S_Papuan-6,SGDP-Papuan,WGS,Genomic_from_cell_lines,Illumina
drs://cgc-ga4gh-api.sbgenomics.com/58b57870e4b0ec383d92abd4,LP6005592-DNA_G03.srt.aln.bam,Male,LP6005592-DNA_G03,hs37d5,Jordan445,S_Jordanian-1,SGDP-Jordanian,WGS,Genomic_from_blood,Illumina
drs://cgc-ga4gh-api.sbgenomics.com/58b57870e4b0ec383d92abd5,LP6005441-DNA_A10.srt.aln.bam,Male,LP6005441-DNA_A10,hs37d5,HGDP00541,S_Papuan-3,SGDP-Papuan,WGS,Genomic_from_cell_lines,Illumina
drs://cgc-ga4gh-api.sbgenomics.com/58b57870e4b0ec383d92abd6,LP6005443-DNA_F04.annotated.nh.vcf.gz,Male,LP6005443-DNA_F04,hs37d5,Mansi79,S_Mansi-1,SGDP-Mansi,WGS,Genomic_from_blood,Illumina
drs://cgc-ga4gh-api.sbgenomics.com/58b57870e4b0ec383d92abd7,LP6005441-DNA_H02.annotated.nh.vcf.gz.tbi,Male,LP6005441-DNA_H02,hs37d5,HGDP00461,S_Biaka-2,SGDP-Biaka,WGS,Genomic_from_cell_lines,Illumina
drs://cgc-ga4gh-api.sbgenomics.com/58b57870e4b0ec383d92abd8,LP6005441-DNA_H12.annotated.nh.vcf.gz,Female,LP6005441-DNA_H12,hs37d5,HGDP01168,S_Tuscan-1,SGDP-Tuscan,WGS,Genomic_from_cell_lines,Illumina
drs://cgc-ga4gh-api.sbgenomics.com/58b57870e4b0ec383d92abd9,LP6005442-DNA_F10.annotated.nh.vcf.gz.tbi,Female,LP6005442-DNA_F10,hs37d5,HG00128,S_English-2,SGDP-English,WGS,Genomic_from_cell_lines,Illumina
drs://cgc-ga4gh-api.sbgenomics.com/58b57870e4b0ec383d92abda,SS6004476.srt.aln.bam,Male,SS6004476,hs37d5,HGDP01015,B_Karitiana-3,SGDP-Karitiana,WGS,Genomic_from_cell_lines,Illumina
drs://cgc-ga4gh-api.sbgenomics.com/58b57870e4b0ec383d92abdb,SS6004478.annotated.nh.vcf.gz,Not available,SS6004478,hs37d5,IHW9118,B_Australian-3,SGDP-Australian,WGS,Genomic_from_cell_lines,Illumina
drs://cgc-ga4gh-api.sbgenomics.com/58b57870e4b0ec383d92abdc,LP6005592-DNA_B04.srt.aln.bam,Male,LP6005592-DNA_B04,hs37d5,HG02724,S_Punjabi-1,SGDP-Punjabi,WGS,Genomic_from_cell_lines,Illumina
drs://cgc-ga4gh-api.sbgenomics.com/58b57870e4b0ec383d92abdd,LP6005441-DNA_F02.annotated.nh.vcf.gz,Female,LP6005441-DNA_F02,hs37d5,HGDP00650,S_BedouinB-2,SGDP-BedouinB,WGS,Genomic_from_cell_lines,Illumina
drs://cgc-ga4gh-api.sbgenomics.com/58b57870e4b0ec383d92abde,LP6005442-DNA_B04.annotated.nh.vcf.gz.tbi,Male,LP6005442-DNA_B04,hs37d5,mg27,S_Georgian-1,SGDP-Georgian,WGS,Genomic_from_blood,Illumina
drs://cgc-ga4gh-api.sbgenomics.com/58b57870e4b0ec383d92abdf,LP6005442-DNA_B02.annotated.nh.vcf.gz,Female,LP6005442-DNA_B02,hs37d5,HGDP00928,S_Yoruba-1,SGDP-Yoruba,WGS,Genomic_from_cell_lines,Illumina
drs://cgc-ga4gh-api.sbgenomics.com/58b57870e4b0ec383d92abe0,LP6005441-DNA_A01.annotated.nh.vcf.gz.tbi,Male,LP6005441-DNA_A01,hs37d5,HGDP01402,S_Adygei-1,SGDP-Adygei,WGS,Genomic_from_cell_lines,Illumina
drs://cgc-ga4gh-api.sbgenomics.com/58b57870e4b0ec383d92abe1,LP6005441-DNA_G04.annotated.nh.vcf.gz.tbi,Male,LP6005441-DNA_G04,hs37d5,HGDP00597,S_Druze-2,SGDP-Druze,WGS,Genomic_from_cell_lines,Illumina
drs://cgc-ga4gh-api.sbgenomics.com/58b57870e4b0ec383d92abe2,LP6005592-DNA_H03.annotated.nh.vcf.gz.tbi,Male,LP6005592-DNA_H03,hs37d5,NA17385,S_Hawaiian-1,SGDP-Hawaiian,WGS,Genomic_from_cell_lines,Illumina
drs://cgc-ga4gh-api.sbgenomics.com/58b57870e4b0ec383d92abe3,LP6005519-DNA_F04.annotated.nh.vcf.gz.tbi,Male,LP6005519-DNA_F04,hs37d5,ML3,S_Mala-3,SGDP-Mala,WGS,Genomic_from_blood,Illumina
drs://cgc-ga4gh-api.sbgenomics.com/58b57870e4b0ec383d92abe4,LP6005443-DNA_B03.annotated.nh.vcf.gz,Male,LP6005443-DNA_B03,hs37d5,Sir26,S_Eskimo_Sireniki-1,SGDP-Eskimo_Sireniki,WGS,Genomic_from_blood,Illumina
drs://cgc-ga4gh-api.sbgenomics.com/58b57870e4b0ec383d92abe5,LP6005519-DNA_D06.srt.aln.bam.bai,Male,LP6005519-DNA_D06,hs37d5,Igor21,S_Igorot-2,SGDP-Igorot,WGS,Genomic_from_saliva,Illumina
drs://cgc-ga4gh-api.sbgenomics.com/58b57870e4b0ec383d92abe6,LP6005441-DNA_B12.srt.aln.bam.bai,Female,LP6005441-DNA_B12,hs37d5,HGDP00852,S_Surui-2,SGDP-Surui,WGS,Genomic_from_cell_lines,Illumina
drs://cgc-ga4gh-api.sbgenomics.com/58b57870e4b0ec383d92abe7,LP6005592-DNA_D01.annotated.nh.vcf.gz,Male,LP6005592-DNA_D01,hs37d5,Utsa22,S_Saami-2,SGDP-Saami,WGS,Genomic_from_saliva,Illumina
drs://cgc-ga4gh-api.sbgenomics.com/58b57870e4b0ec383d92abe8,LP6005441-DNA_B09.srt.aln.bam.bai,Female,LP6005441-DNA_B09,hs37d5,HGDP01345,S_Naxi-3,SGDP-Naxi,WGS,Genomic_from_cell_lines,Illumina
drs://cgc-ga4gh-api.sbgenomics.com/58b57870e4b0ec383d92abe9,LP6005592-DNA_C05.annotated.nh.vcf.gz.tbi,Female,LP6005592-DNA_C05,hs37d5,SA0722,S_Khomani_San-2,SGDP-Khomani_San,WGS,Genomic_from_saliva,Illumina
drs://cgc-ga4gh-api.sbgenomics.com/58b57870e4b0ec383d92abea,LP6005442-DNA_C04.annotated.nh.vcf.gz,Male,LP6005442-DNA_C04,hs37d5,iran17,S_Iranian-1,SGDP-Iranian,WGS,Genomic_from_blood,Illumina
drs://cgc-ga4gh-api.sbgenomics.com/58b57870e4b0ec383d92abeb,LP6005441-DNA_G04.annotated.nh.vcf.gz,Male,LP6005441-DNA_G04,hs37d5,HGDP00597,S_Druze-2,SGDP-Druze,WGS,Genomic_from_cell_lines,Illumina
drs://cgc-ga4gh-api.sbgenomics.com/58b57870e4b0ec383d92abec,LP6005443-DNA_D06.annotated.nh.vcf.gz.tbi,Male,LP6005443-DNA_D06,hs37d5,ND19394,S_Korean-1,SGDP-Korean,WGS,Genomic_from_cell_lines,Illumina
drs://cgc-ga4gh-api.sbgenomics.com/58b57870e4b0ec383d92abed,LP6005441-DNA_A12.annotated.nh.vcf.gz,Female,LP6005441-DNA_A12,hs37d5,HGDP00846,S_Surui-1,SGDP-Surui,WGS,Genomic_from_cell_lines,Illumina
drs://cgc-ga4gh-api.sbgenomics.com/58b57870e4b0ec383d92abee,LP6005619-DNA_C01.annotated.nh.vcf.gz,Male,LP6005619-DNA_C01,hs37d5,SAH41,S_Saharawi-2,SGDP-Saharawi,WGS,Genomic_from_blood,Illumina
drs://cgc-ga4gh-api.sbgenomics.com/58b57870e4b0ec383d92abef,SS6004474.annotated.nh.vcf.gz,Male,SS6004474,hs37d5,HGDP01076,B_Sardinian-3,SGDP-Sardinian,WGS,Genomic_from_cell_lines,Illumina
drs://cgc-ga4gh-api.sbgenomics.com/58b57870e4b0ec383d92abf0,LP6005442-DNA_G11.srt.aln.bam,Male,LP6005442-DNA_G11,hs37d5,HG03078,S_Mende-1,SGDP-Mende,WGS,Genomic_from_cell_lines,Illumina
drs://cgc-ga4gh-api.sbgenomics.com/58b57870e4b0ec383d92abf1,LP6005519-DNA_E04.annotated.nh.vcf.gz,Male,LP6005519-DNA_E04,hs37d5,ML2,S_Mala-2,SGDP-Mala,WGS,Genomic_from_blood,Illumina
drs://cgc-ga4gh-api.sbgenomics.com/58b57870e4b0ec383d92abf2,LP6005519-DNA_H04.srt.aln.bam.bai,Male,LP6005519-DNA_H04,hs37d5,M13,S_Madiga-2,SGDP-Madiga,WGS,Genomic_from_blood,Illumina
drs://cgc-ga4gh-api.sbgenomics.com/58b57870e4b0ec383d92abf3,LP6005442-DNA_G11.srt.aln.bam.bai,Male,LP6005442-DNA_G11,hs37d5,HG03078,S_Mende-1,SGDP-Mende,WGS,Genomic_from_cell_lines,Illumina
drs://cgc-ga4gh-api.sbgenomics.com/58b57870e4b0ec383d92abf4,LP6005443-DNA_D04.srt.aln.bam.bai,Female,LP6005443-DNA_D04,hs37d5,Kor82,S_Itelman-1,SGDP-Itelman,WGS,Genomic_from_blood,Illumina
drs://cgc-ga4gh-api.sbgenomics.com/58b57870e4b0ec383d92abf5,LP6005442-DNA_B10.annotated.nh.vcf.gz.tbi,Female,LP6005442-DNA_B10,hs37d5,HG02943,S_Esan-2,SGDP-Esan,WGS,Genomic_from_cell_lines,Illumina
drs://cgc-ga4gh-api.sbgenomics.com/58b57870e4b0ec383d92abf6,LP6005441-DNA_C03.annotated.nh.vcf.gz,Male,LP6005441-DNA_C03,hs37d5,HGDP00019,S_Brahui-2,SGDP-Brahui,WGS,Genomic_from_cell_lines,Illumina
drs://cgc-ga4gh-api.sbgenomics.com/58b57870e4b0ec383d92abf7,LP6005441-DNA_D09.annotated.nh.vcf.gz,Female,LP6005441-DNA_D09,hs37d5,HGDP00796,S_Orcadian-2,SGDP-Orcadian,WGS,Genomic_from_cell_lines,Illumina
drs://cgc-ga4gh-api.sbgenomics.com/58b57870e4b0ec383d92abf8,LP6005442-DNA_B04.srt.aln.bam.bai,Male,LP6005442-DNA_B04,hs37d5,mg27,S_Georgian-1,SGDP-Georgian,WGS,Genomic_from_blood,Illumina
drs://cgc-ga4gh-api.sbgenomics.com/58b57870e4b0ec383d92abf9,LP6005442-DNA_F04.annotated.nh.vcf.gz.tbi,Male,LP6005442-DNA_F04,hs37d5,Jordan603,S_Jordanian-2,SGDP-Jordanian,WGS,Genomic_from_blood,Illumina
drs://cgc-ga4gh-api.sbgenomics.com/58b57870e4b0ec383d92abfa,LP6005443-DNA_E10.annotated.nh.vcf.gz.tbi,Male,LP6005443-DNA_E10,hs37d5,NorthOssetia12,S_North_Ossetian-1,SGDP-North_Ossetian,WGS,Genomic_from_blood,Illumina
drs://cgc-ga4gh-api.sbgenomics.com/58b57870e4b0ec383d92abfb,LP6005443-DNA_H02.srt.aln.bam,Female,LP6005443-DNA_H02,hs37d5,Ale20,S_Aleut-2,SGDP-Aleut,WGS,Genomic_from_blood,Illumina
drs://cgc-ga4gh-api.sbgenomics.com/58b57870e4b0ec383d92abfc,LP6005519-DNA_E06.annotated.nh.vcf.gz.tbi,Female,LP6005519-DNA_E06,hs37d5,Dus16,S_Dusun-2,SGDP-Dusun,WGS,Genomic_from_saliva,Illumina
drs://cgc-ga4gh-api.sbgenomics.com/58b57870e4b0ec383d92abfd,LP6005441-DNA_D09.annotated.nh.vcf.gz.tbi,Female,LP6005441-DNA_D09,hs37d5,HGDP00796,S_Orcadian-2,SGDP-Orcadian,WGS,Genomic_from_cell_lines,Illumina
drs://cgc-ga4gh-api.sbgenomics.com/58b57870e4b0ec383d92abfe,LP6005441-DNA_B03.srt.aln.bam,Female,LP6005441-DNA_B03,hs37d5,HGDP00660,S_Bougainville-1,SGDP-Bougainville,WGS,Genomic_from_cell_lines,Illumina
drs://cgc-ga4gh-api.sbgenomics.com/58b57870e4b0ec383d92abff,LP6005519-DNA_B06.srt.aln.bam,Male,LP6005519-DNA_B06,hs37d5,Bu16,S_Burmese-1,SGDP-Burmese,WGS,Genomic_from_saliva,Illumina
drs://cgc-ga4gh-api.sbgenomics.com/58b57870e4b0ec383d92ac00,LP6005592-DNA_A02.annotated.nh.vcf.gz.tbi,Male,LP6005592-DNA_A02,hs37d5,HG00360,S_Finnish-3,SGDP-Finnish,WGS,Genomic_from_cell_lines,Illumina
drs://cgc-ga4gh-api.sbgenomics.com/58b57870e4b0ec383d92ac01,LP6005519-DNA_D01.annotated.nh.vcf.gz.tbi,Male,LP6005519-DNA_D01,hs37d5,TGBS21,S_Chane-1,SGDP-Chane,WGS,Genomic_from_blood,Illumina
drs://cgc-ga4gh-api.sbgenomics.com/58b57870e4b0ec383d92ac02,LP6005441-DNA_G10.srt.aln.bam.bai,Male,LP6005441-DNA_G10,hs37d5,HGDP00887,S_Russian-1,SGDP-Russian,WGS,Genomic_from_cell_lines,Illumina
drs://cgc-ga4gh-api.sbgenomics.com/58b57870e4b0ec383d92ac03,LP6005442-DNA_G09.annotated.nh.vcf.gz.tbi,Male,LP6005442-DNA_G09,hs37d5,HG03006,S_Bengali-1,SGDP-Bengali,WGS,Genomic_from_cell_lines,Illumina
